-------------------------------------------------------------------------------
      name:  <unnamed>
       log:  C:/Users/Usuario/Documents/GitHub/twfe_survey/replications/2010-20
> 12/Forman et al. (2012)/full/run_forman_full.log
  log type:  text
 opened on:   6 May 2026, 01:00:25

. 
. global controls lnpop pctblk1990 pctunivp1990 pctHSp1990 pctbelowPL1990 medhh
> inc1990 carnegie1_enr frac_in_eng_prog npatent1980s frprof pct65p1990 netmig9
> 5

. global change change_totalpop change_pctblk change_pctunivp change_pctHSp cha
> nge_pct65 change_netmig

. 
. * ===========================================================================
> ==
. * TABLE 1: Summary Statistics
. * ===========================================================================
> ==
. di _n "===== TABLE 1: Summary Statistics ====="

===== TABLE 1: Summary Statistics =====

. log using "$outdir/table1.log", text replace name(t1)
(file
    C:/Users/Usuario/Documents/GitHub/twfe_survey/replications/2010-2012/Form
    > an et al. (2012)/full/table1.log not found)
-------------------------------------------------------------------------------
      name:  t1
       log:  C:/Users/Usuario/Documents/GitHub/twfe_survey/replications/2010-20
> 12/Forman et al. (2012)/full/table1.log
  log type:  text
 opened on:   6 May 2026, 01:00:25

. 
. use countygrowth, clear

. summ wagediff empdiff estdiff surv_deeppost00 indivhomeinternet00_cty missing
>  iv_othcprogrammerswt iv_first_p iv_cost iv_num_a iv_num_b iv_competitiondeep
>  iv_bartik $controls $change if year==2000

    Variable |        Obs        Mean    Std. dev.       Min        Max
-------------+---------------------------------------------------------
    wagediff |      3,135    .1871129    .0903313  -1.752229   1.116762
     empdiff |      3,135    .0770538    .1383763  -.6418538   1.618917
     estdiff |      3,135    .0759909    .0989351   -.427444   .7764235
surv_deep~00 |      2,744    .0889594    .1331851          0          1
indivhomei~y |      3,135     .030559    .1161843          0   .7647059
-------------+---------------------------------------------------------
     missing |      3,135    .9311005    .2533236          0          1
iv_othcpro~t |      2,743    47.31817    71.09334          0   1137.619
iv_first_p~p |      2,743    94.96682     3.08191         87         99
iv_cost_pe~y |      2,743    24.06399     3.92138   14.91693   36.42939
iv_num_arp~s |      2,743    .0215093    .2383163          0          7
-------------+---------------------------------------------------------
iv_num_bit~t |      2,743    .1596792    .6912131          0         15
iv_competi~p |      2,741    .1055303    .1671708          0   1.308935
   iv_bartik |      2,744    .1125898    .0216388          0   .2663786
       lnpop |      3,133    10.13724    1.362377   5.869297   15.99741
  pctblk1990 |      3,133    .0859135    .1434077          0   .8623599
-------------+---------------------------------------------------------
pctunivp1990 |      3,133     .135626    .0659502   .0369234    .536558
  pctHSp1990 |      3,133    .6980041    .1038917    .316821   .9620341
pctbelo~1990 |      3,133    .1666633     .079341   .0218017   .6311771
medhhinc1990 |      3,133    23.98513    6.611217      8.595     59.284
carnegie1_~r |      3,135    .0073315    .0650162          0   2.615438
-------------+---------------------------------------------------------
frac_in_en~g |      3,135    .0009166    .0055113          0   .1124744
npatent1980s |      3,135    .1367949    .6516501          0     20.417
      frprof |      3,135     .352158    .0658086   .1601852   .6743993
  pct65p1990 |      3,133    .1485615    .0441805   .0086516   .3408993
    netmig95 |      3,135    .2517496    3.625649   -138.933     72.891
-------------+---------------------------------------------------------
change_tot~p |      3,133    .0961921    .1334301  -.5506092   1.068313
change_pct~k |      3,133    .0014116    .0175287  -.0993582   .2724413
change_pc~vp |      3,133   -.0265676    .0209848  -.1461147   .0748242
change_pc~Sp |      3,133   -.1874276    .0522072  -.3237122  -.0293158
change_pct65 |      3,133     -.00112    .0145117  -.0918587   .0851139
-------------+---------------------------------------------------------
change_net~g |      3,135   -.1436606     3.28659    -54.679    141.387

. 
. log close t1
      name:  t1
       log:  C:/Users/Usuario/Documents/GitHub/twfe_survey/replications/2010-20
> 12/Forman et al. (2012)/full/table1.log
  log type:  text
 closed on:   6 May 2026, 01:00:26
-------------------------------------------------------------------------------

. 
. * ===========================================================================
> ==
. * TABLE 2: Main Effects - OLS
. * ===========================================================================
> ==
. di _n "===== TABLE 2: Main Effects OLS ====="

===== TABLE 2: Main Effects OLS =====

. log using "$outdir/table2.log", text replace name(t2)
(file
    C:/Users/Usuario/Documents/GitHub/twfe_survey/replications/2010-2012/Form
    > an et al. (2012)/full/table2.log not found)
-------------------------------------------------------------------------------
      name:  t2
       log:  C:/Users/Usuario/Documents/GitHub/twfe_survey/replications/2010-20
> 12/Forman et al. (2012)/full/table2.log
  log type:  text
 opened on:   6 May 2026, 01:00:26

. 
. use countygrowth, clear

. 
. di _n "--- Col 1: No controls ---"

--- Col 1: No controls ---

. regress wagediff surv_deeppost00, robust

Linear regression                               Number of obs     =      2,744
                                                F(1, 2742)        =       7.97
                                                Prob > F          =     0.0048
                                                R-squared         =     0.0038
                                                Root MSE          =     .08052

------------------------------------------------------------------------------
             |               Robust
    wagediff | Coefficient  std. err.      t    P>|t|     [95% conf. interval]
-------------+----------------------------------------------------------------
surv_deep~00 |   .0372192   .0131858     2.82   0.005     .0113642    .0630743
       _cons |   .1848458   .0017356   106.50   0.000     .1814426     .188249
------------------------------------------------------------------------------

. 
. di _n "--- Col 2: With controls ---"

--- Col 2: With controls ---

. regress wagediff surv_deeppost00 indivhomeinternet00_cty missing $controls $c
> hange, robust

Linear regression                               Number of obs     =      2,743
                                                F(21, 2721)       =      14.62
                                                Prob > F          =     0.0000
                                                R-squared         =     0.1306
                                                Root MSE          =     .07548

------------------------------------------------------------------------------
             |               Robust
    wagediff | Coefficient  std. err.      t    P>|t|     [95% conf. interval]
-------------+----------------------------------------------------------------
surv_deep~00 |   .0278399   .0126398     2.20   0.028     .0030553    .0526246
indivhomei~y |   .0822748   .0378555     2.17   0.030     .0080464    .1565031
     missing |   .0280682   .0170051     1.65   0.099     -.005276    .0614124
       lnpop |  -.0065422   .0018821    -3.48   0.001    -.0102327   -.0028517
  pctblk1990 |   .0133063   .0118118     1.13   0.260    -.0098548    .0364673
pctunivp1990 |    .572033   .0789012     7.25   0.000     .4173207    .7267453
  pctHSp1990 |  -.1555065   .0520436    -2.99   0.003    -.2575554   -.0534576
pctbelo~1990 |  -.1615275    .046444    -3.48   0.001    -.2525965   -.0704584
medhhinc1990 |   -.000558   .0006181    -0.90   0.367    -.0017699     .000654
carnegie1_~r |   .0319719   .0474517     0.67   0.501    -.0610732    .1250169
frac_in_en~g |  -.2201671   .3629799    -0.61   0.544    -.9319112     .491577
npatent1980s |   .0164506   .0042973     3.83   0.000     .0080243    .0248768
      frprof |   -.010241    .053537    -0.19   0.848    -.1152182    .0947362
  pct65p1990 |   .0443062   .0512846     0.86   0.388    -.0562544    .1448669
    netmig95 |   .0032963   .0032014     1.03   0.303     -.002981    .0095737
change_tot~p |   .0526667   .0151875     3.47   0.001     .0228865    .0824469
change_pct~k |   .0264813   .0756051     0.35   0.726     -.121768    .1747305
change_pc~vp |    .821895   .1603947     5.12   0.000     .5073874    1.136403
change_pc~Sp |  -.0223661   .0947318    -0.24   0.813    -.2081196    .1633874
change_pct65 |  -.5628001   .1192249    -4.72   0.000    -.7965806   -.3290196
change_net~g |   .0019928   .0037367     0.53   0.594    -.0053342    .0093198
       _cons |   .2995026   .0458432     6.53   0.000     .2096117    .3893936
------------------------------------------------------------------------------

. 
. di _n "--- Col 3: With PC and shallow ---"

--- Col 3: With PC and shallow ---

. regress wagediff surv_deeppost00 surv_pcperemp00 surv_shalpost00 indivhomeint
> ernet00_cty missing $controls $change, robust

Linear regression                               Number of obs     =      2,743
                                                F(23, 2719)       =      13.42
                                                Prob > F          =     0.0000
                                                R-squared         =     0.1315
                                                Root MSE          =     .07547

------------------------------------------------------------------------------
             |               Robust
    wagediff | Coefficient  std. err.      t    P>|t|     [95% conf. interval]
-------------+----------------------------------------------------------------
surv_deep~00 |   .0246616   .0135208     1.82   0.068    -.0018505    .0511737
surv_pcpe~00 |   .0152203   .0108372     1.40   0.160    -.0060298    .0364703
surv_shal~00 |   .0007328   .0078026     0.09   0.925    -.0145668    .0160325
indivhomei~y |   .0822158   .0378807     2.17   0.030     .0079379    .1564938
     missing |   .0281626   .0169909     1.66   0.098    -.0051538    .0614791
       lnpop |  -.0068054   .0019003    -3.58   0.000    -.0105315   -.0030792
  pctblk1990 |   .0123505   .0118612     1.04   0.298    -.0109073    .0356084
pctunivp1990 |   .5590101   .0807229     6.93   0.000     .4007257    .7172946
  pctHSp1990 |  -.1588511   .0522206    -3.04   0.002    -.2612471   -.0564552
pctbelo~1990 |  -.1598207   .0463488    -3.45   0.001    -.2507031   -.0689382
medhhinc1990 |  -.0005557   .0006171    -0.90   0.368    -.0017657    .0006543
carnegie1_~r |   .0338375   .0479915     0.71   0.481     -.060266    .1279409
frac_in_en~g |  -.2357478   .3647108    -0.65   0.518    -.9508861    .4793906
npatent1980s |   .0159796   .0042903     3.72   0.000      .007567    .0243922
      frprof |  -.0089253    .054336    -0.16   0.870    -.1154694    .0976188
  pct65p1990 |   .0470007   .0512924     0.92   0.360    -.0535754    .1475768
    netmig95 |   .0034356   .0031938     1.08   0.282    -.0028269    .0096981
change_tot~p |   .0538636   .0153229     3.52   0.000     .0238178    .0839094
change_pct~k |    .025075   .0758579     0.33   0.741      -.12367    .1738201
change_pc~vp |   .8161213   .1613179     5.06   0.000     .4998032    1.132439
change_pc~Sp |  -.0259223   .0947487    -0.27   0.784    -.2117091    .1598644
change_pct65 |  -.5620548   .1190116    -4.72   0.000    -.7954171   -.3286925
change_net~g |   .0021813    .003726     0.59   0.558    -.0051248    .0094875
       _cons |   .3006315   .0459811     6.54   0.000     .2104701    .3907928
------------------------------------------------------------------------------

. 
. log close t2
      name:  t2
       log:  C:/Users/Usuario/Documents/GitHub/twfe_survey/replications/2010-20
> 12/Forman et al. (2012)/full/table2.log
  log type:  text
 closed on:   6 May 2026, 01:00:29
-------------------------------------------------------------------------------

. 
. * ===========================================================================
> ==
. * TABLE 3: Heterogeneous Effects
. * ===========================================================================
> ==
. di _n "===== TABLE 3: Heterogeneous Effects ====="

===== TABLE 3: Heterogeneous Effects =====

. log using "$outdir/table3.log", text replace name(t3)
(file
    C:/Users/Usuario/Documents/GitHub/twfe_survey/replications/2010-2012/Form
    > an et al. (2012)/full/table3.log not found)
-------------------------------------------------------------------------------
      name:  t3
       log:  C:/Users/Usuario/Documents/GitHub/twfe_survey/replications/2010-20
> 12/Forman et al. (2012)/full/table3.log
  log type:  text
 opened on:   6 May 2026, 01:00:29

. 
. use countygrowth, clear

. 
. di _n "--- Col 1: High income ---"

--- Col 1: High income ---

. regress wagediff surv_deeppost00 highinc2000 inc_dum_surv_deeppost00 $control
> s $change, robust

Linear regression                               Number of obs     =      2,743
                                                F(21, 2721)       =      14.23
                                                Prob > F          =     0.0000
                                                R-squared         =     0.1321
                                                Root MSE          =     .07542

------------------------------------------------------------------------------
             |               Robust
    wagediff | Coefficient  std. err.      t    P>|t|     [95% conf. interval]
-------------+----------------------------------------------------------------
surv_deep~00 |   .0167739   .0136919     1.23   0.221    -.0100736    .0436215
 highinc2000 |  -.0136377   .0061752    -2.21   0.027    -.0257462   -.0015292
inc_dum_s~00 |   .0960085   .0389314     2.47   0.014     .0196703    .1723466
       lnpop |  -.0061688   .0017472    -3.53   0.000    -.0095947   -.0027428
  pctblk1990 |   .0127615    .011831     1.08   0.281    -.0104372    .0359601
pctunivp1990 |   .5711771   .0784379     7.28   0.000     .4173732     .724981
  pctHSp1990 |  -.1490636   .0519417    -2.87   0.004    -.2509128   -.0472145
pctbelo~1990 |  -.1449436   .0473116    -3.06   0.002    -.2377139   -.0521733
medhhinc1990 |  -.0000254   .0007391    -0.03   0.973    -.0014746    .0014239
carnegie1_~r |   .0310909   .0478383     0.65   0.516    -.0627121    .1248938
frac_in_en~g |  -.1938883   .3651681    -0.53   0.595    -.9099232    .5221466
npatent1980s |    .016112   .0043223     3.73   0.000     .0076367    .0245874
      frprof |  -.0118078   .0535065    -0.22   0.825    -.1167253    .0931098
  pct65p1990 |   .0563734   .0507926     1.11   0.267    -.0432226    .1559695
    netmig95 |   .0038472   .0031431     1.22   0.221    -.0023159    .0100104
change_tot~p |    .052986   .0150894     3.51   0.000     .0233982    .0825739
change_pct~k |   .0207731   .0736219     0.28   0.778    -.1235873    .1651335
change_pc~vp |   .8300779    .161789     5.13   0.000     .5128361     1.14732
change_pc~Sp |  -.0105704   .0940979    -0.11   0.911    -.1950809    .1739401
change_pct65 |  -.5471096   .1191063    -4.59   0.000    -.7806576   -.3135615
change_net~g |   .0025408   .0036698     0.69   0.489    -.0046552    .0097367
       _cons |   .3074501   .0406699     7.56   0.000      .227703    .3871972
------------------------------------------------------------------------------

. 
. di _n "--- Col 2: High education ---"

--- Col 2: High education ---

. regress wagediff surv_deeppost00 higheduc2000 educ_dum_surv_deeppost00 $contr
> ols $change, robust

Linear regression                               Number of obs     =      2,743
                                                F(21, 2721)       =      14.14
                                                Prob > F          =     0.0000
                                                R-squared         =     0.1337
                                                Root MSE          =     .07535

------------------------------------------------------------------------------
             |               Robust
    wagediff | Coefficient  std. err.      t    P>|t|     [95% conf. interval]
-------------+----------------------------------------------------------------
surv_deep~00 |   .0119669   .0125326     0.95   0.340    -.0126075    .0365413
higheduc2000 |  -.0158117   .0060598    -2.61   0.009     -.027694   -.0039294
educ_dum_~00 |   .1100868   .0454616     2.42   0.016     .0209441    .1992295
       lnpop |  -.0059789   .0017634    -3.39   0.001    -.0094366   -.0025212
  pctblk1990 |   .0122274    .011804     1.04   0.300    -.0109183    .0353731
pctunivp1990 |   .6021951     .08455     7.12   0.000     .4364064    .7679838
  pctHSp1990 |  -.1536644   .0517144    -2.97   0.003    -.2550679   -.0522609
pctbelo~1990 |  -.1482586   .0462125    -3.21   0.001    -.2388738   -.0576435
medhhinc1990 |  -.0003229    .000613    -0.53   0.598    -.0015249    .0008791
carnegie1_~r |   .0237274   .0426616     0.56   0.578    -.0599249    .1073798
frac_in_en~g |  -.1418463   .3389759    -0.42   0.676    -.8065224    .5228298
npatent1980s |   .0160739   .0043203     3.72   0.000     .0076026    .0245452
      frprof |  -.0112354   .0532701    -0.21   0.833    -.1156893    .0932186
  pct65p1990 |   .0605173   .0507941     1.19   0.234    -.0390817    .1601162
    netmig95 |   .0037426   .0031507     1.19   0.235    -.0024355    .0099206
change_tot~p |   .0531421   .0151704     3.50   0.000     .0233954    .0828888
change_pct~k |   .0275019   .0737642     0.37   0.709    -.1171377    .1721414
change_pc~vp |   .8465604   .1597786     5.30   0.000     .5332607     1.15986
change_pc~Sp |  -.0198263   .0936991    -0.21   0.832    -.2035548    .1639022
change_pct65 |  -.5379522    .119589    -4.50   0.000    -.7724465   -.3034578
change_net~g |   .0024338   .0036749     0.66   0.508    -.0047722    .0096397
       _cons |   .3106845   .0393641     7.89   0.000     .2334981     .387871
------------------------------------------------------------------------------

. 
. di _n "--- Col 3: High industry ---"

--- Col 3: High industry ---

. regress wagediff surv_deeppost00 highind2000 ind_dum_surv_deeppost00 $control
> s $change, robust

Linear regression                               Number of obs     =      2,743
                                                F(21, 2721)       =      14.25
                                                Prob > F          =     0.0000
                                                R-squared         =     0.1329
                                                Root MSE          =     .07539

------------------------------------------------------------------------------
             |               Robust
    wagediff | Coefficient  std. err.      t    P>|t|     [95% conf. interval]
-------------+----------------------------------------------------------------
surv_deep~00 |    .021361   .0158604     1.35   0.178    -.0097387    .0524606
 highind2000 |   .0101132   .0038957     2.60   0.009     .0024744    .0177521
ind_dum_s~00 |   .0205831   .0227502     0.90   0.366    -.0240263    .0651925
       lnpop |  -.0068075   .0017413    -3.91   0.000     -.010222    -.003393
  pctblk1990 |   .0124835   .0117866     1.06   0.290     -.010628     .035595
pctunivp1990 |   .5693252   .0787357     7.23   0.000     .4149373    .7237131
  pctHSp1990 |  -.1466299    .051412    -2.85   0.004    -.2474405   -.0458194
pctbelo~1990 |  -.1397807   .0459713    -3.04   0.002    -.2299229   -.0496385
medhhinc1990 |  -.0003045   .0006182    -0.49   0.622    -.0015167    .0009077
carnegie1_~r |   .0296749   .0468952     0.63   0.527     -.062279    .1216287
frac_in_en~g |  -.1582374   .3628771    -0.44   0.663      -.86978    .5533053
npatent1980s |   .0159863    .004423     3.61   0.000     .0073135     .024659
      frprof |  -.0322175   .0525312    -0.61   0.540    -.1352225    .0707875
  pct65p1990 |   .0577257   .0512723     1.13   0.260    -.0428109    .1582623
    netmig95 |   .0036511   .0031366     1.16   0.245    -.0024992    .0098014
change_tot~p |   .0589331   .0157816     3.73   0.000     .0279881    .0898782
change_pct~k |   .0068089   .0746203     0.09   0.927    -.1395092     .153127
change_pc~vp |   .8043824   .1596354     5.04   0.000     .4913635    1.117401
change_pc~Sp |  -.0153914   .0939302    -0.16   0.870    -.1995732    .1687904
change_pct65 |  -.5198323   .1201984    -4.32   0.000    -.7555217   -.2841429
change_net~g |   .0023249   .0036637     0.63   0.526    -.0048589    .0095088
       _cons |   .3189511   .0390318     8.17   0.000     .2424162     .395486
------------------------------------------------------------------------------

. 
. di _n "--- Col 4: High population ---"

--- Col 4: High population ---

. regress wagediff surv_deeppost00 highpop2000 pop_dum_surv_deeppost00 $control
> s $change, robust

Linear regression                               Number of obs     =      2,743
                                                F(21, 2721)       =      15.88
                                                Prob > F          =     0.0000
                                                R-squared         =     0.1349
                                                Root MSE          =      .0753

------------------------------------------------------------------------------
             |               Robust
    wagediff | Coefficient  std. err.      t    P>|t|     [95% conf. interval]
-------------+----------------------------------------------------------------
surv_deep~00 |   .0245986   .0127192     1.93   0.053    -.0003416    .0495388
 highpop2000 |  -.0230603   .0116731    -1.98   0.048    -.0459492   -.0001713
pop_dum_s~00 |   .3630517   .0933613     3.89   0.000     .1799854    .5461179
       lnpop |  -.0084046   .0021586    -3.89   0.000    -.0126373   -.0041719
  pctblk1990 |   .0099897   .0117809     0.85   0.397    -.0131106      .03309
pctunivp1990 |   .5576155   .0784742     7.11   0.000     .4037406    .7114905
  pctHSp1990 |   -.140702   .0513438    -2.74   0.006    -.2413787   -.0400252
pctbelo~1990 |  -.1490487     .04646    -3.21   0.001    -.2401491   -.0579483
medhhinc1990 |  -.0003617   .0006207    -0.58   0.560    -.0015788    .0008554
carnegie1_~r |   .0310275   .0480168     0.65   0.518    -.0631257    .1251807
frac_in_en~g |  -.1317944   .3612008    -0.36   0.715    -.8400501    .5764613
npatent1980s |   .0129815   .0040665     3.19   0.001     .0050077    .0209553
      frprof |  -.0244239   .0537896    -0.45   0.650    -.1298964    .0810486
  pct65p1990 |   .0565534   .0515272     1.10   0.273     -.044483    .1575897
    netmig95 |   .0039974   .0030445     1.31   0.189    -.0019724    .0099671
change_tot~p |   .0570074   .0152166     3.75   0.000       .02717    .0868447
change_pct~k |   .0047897   .0734483     0.07   0.948    -.1392304    .1488097
change_pc~vp |   .8189844   .1589847     5.15   0.000     .5072414    1.130727
change_pc~Sp |  -.0044634   .0935612    -0.05   0.962    -.1879216    .1789949
change_pct65 |   -.521028   .1198373    -4.35   0.000    -.7560094   -.2860467
change_net~g |   .0029856   .0035221     0.85   0.397    -.0039207    .0098919
       _cons |   .3371722   .0428295     7.87   0.000     .2531905    .4211539
------------------------------------------------------------------------------

. 
. di _n "--- Col 5: All interactions ---"

--- Col 5: All interactions ---

. regress wagediff surv_deeppost00 highinc2000 higheduc2000 highind2000 highpop
> 2000 inc_dum_surv_deeppost00 educ_dum_surv_deeppost00 pop_dum_surv_deeppost00
>  ind_dum_surv_deeppost00 $controls $change, robust

Linear regression                               Number of obs     =      2,743
                                                F(27, 2715)       =      12.73
                                                Prob > F          =     0.0000
                                                R-squared         =     0.1410
                                                Root MSE          =     .07512

------------------------------------------------------------------------------
             |               Robust
    wagediff | Coefficient  std. err.      t    P>|t|     [95% conf. interval]
-------------+----------------------------------------------------------------
surv_deep~00 |   .0049333   .0148952     0.33   0.741    -.0242738    .0341403
 highinc2000 |  -.0093079   .0066346    -1.40   0.161    -.0223172    .0037014
higheduc2000 |   -.013383    .006593    -2.03   0.042    -.0263107   -.0004552
 highind2000 |   .0085906   .0039731     2.16   0.031     .0008001    .0163811
 highpop2000 |  -.0118784    .012499    -0.95   0.342    -.0363869    .0126302
inc_dum_s~00 |   .0442157   .0492265     0.90   0.369    -.0523095    .1407409
educ_dum_~00 |   .0770185   .0548286     1.40   0.160    -.0304914    .1845284
pop_dum_s~00 |     .23782   .1018424     2.34   0.020     .0381236    .4375164
ind_dum_s~00 |   .0134413   .0235194     0.57   0.568    -.0326764    .0595589
       lnpop |  -.0083465   .0021852    -3.82   0.000    -.0126312   -.0040617
  pctblk1990 |   .0097801   .0117853     0.83   0.407    -.0133289    .0328891
pctunivp1990 |   .5855216   .0847569     6.91   0.000      .419327    .7517163
  pctHSp1990 |  -.1351097   .0509135    -2.65   0.008    -.2349428   -.0352766
pctbelo~1990 |  -.1326016    .047056    -2.82   0.005    -.2248708   -.0403325
medhhinc1990 |  -.0000169     .00073    -0.02   0.982    -.0014483    .0014145
carnegie1_~r |    .025126   .0447865     0.56   0.575    -.0626932    .1129451
frac_in_en~g |  -.0542368   .3440065    -0.16   0.875    -.7287778    .6203041
npatent1980s |   .0120647   .0040267     3.00   0.003      .004169    .0199605
      frprof |  -.0426563   .0529137    -0.81   0.420    -.1464115    .0610989
  pct65p1990 |   .0549118   .0509512     1.08   0.281    -.0449952    .1548187
    netmig95 |   .0039723   .0030046     1.32   0.186    -.0019193    .0098639
change_tot~p |   .0635815    .015564     4.09   0.000     .0330629    .0941001
change_pct~k |   -.005057   .0735983    -0.07   0.945    -.1493714    .1392573
change_pc~vp |   .8399829   .1593866     5.27   0.000     .5274516    1.152514
change_pc~Sp |   -.002458   .0928228    -0.03   0.979    -.1844684    .1795524
change_pct65 |  -.4754835   .1202782    -3.95   0.000    -.7113296   -.2396375
change_net~g |   .0030568   .0034838     0.88   0.380    -.0037743    .0098879
       _cons |   .3269712   .0444782     7.35   0.000     .2397566    .4141858
------------------------------------------------------------------------------

. 
. di _n "--- Col 6: All high combined ---"

--- Col 6: All high combined ---

. regress wagediff surv_deeppost00 highinc2000 higheduc2000 highind2000 highpop
> 2000 allhigh2000 educ_inc_ind_pop_dum_surv_deep00 $controls $change, robust

Linear regression                               Number of obs     =      2,743
                                                F(25, 2717)       =      15.49
                                                Prob > F          =     0.0000
                                                R-squared         =     0.1395
                                                Root MSE          =     .07515

------------------------------------------------------------------------------
             |               Robust
    wagediff | Coefficient  std. err.      t    P>|t|     [95% conf. interval]
-------------+----------------------------------------------------------------
surv_deep~00 |   .0239183   .0127592     1.87   0.061    -.0011004    .0489371
 highinc2000 |  -.0067399   .0049542    -1.36   0.174    -.0164543    .0029745
higheduc2000 |  -.0067322   .0047627    -1.41   0.158    -.0160711    .0026068
 highind2000 |     .00936   .0033976     2.75   0.006     .0026978    .0160222
 highpop2000 |   .0077528   .0061083     1.27   0.204    -.0042245    .0197302
 allhigh2000 |  -.0369568   .0213963    -1.73   0.084    -.0789115    .0049978
educ_inc_i.. |   .4587601   .1585105     2.89   0.004     .1479467    .7695736
       lnpop |  -.0079577   .0022014    -3.61   0.000    -.0122744   -.0036411
  pctblk1990 |   .0098312   .0117625     0.84   0.403    -.0132331    .0328954
pctunivp1990 |   .5820923   .0854909     6.81   0.000     .4144585    .7497261
  pctHSp1990 |  -.1301093   .0513064    -2.54   0.011    -.2307129   -.0295058
pctbelo~1990 |  -.1327173   .0470391    -2.82   0.005    -.2249533   -.0404813
medhhinc1990 |  -.0000294   .0007308    -0.04   0.968    -.0014624    .0014036
carnegie1_~r |   .0288858   .0474707     0.61   0.543    -.0641965    .1219682
frac_in_en~g |  -.0883582   .3594968    -0.25   0.806    -.7932731    .6165567
npatent1980s |   .0104441   .0040337     2.59   0.010     .0025346    .0183535
      frprof |  -.0442989   .0531514    -0.83   0.405    -.1485203    .0599224
  pct65p1990 |   .0506895     .05071     1.00   0.318    -.0487446    .1501237
    netmig95 |   .0037086   .0029294     1.27   0.206    -.0020355    .0094526
change_tot~p |   .0646848   .0154268     4.19   0.000     .0344355    .0949342
change_pct~k |   .0000545   .0738888     0.00   0.999    -.1448293    .1449384
change_pc~vp |   .8227627   .1600985     5.14   0.000     .5088355     1.13669
change_pc~Sp |   .0005579   .0934235     0.01   0.995    -.1826304    .1837462
change_pct65 |  -.4880597   .1204576    -4.05   0.000    -.7242574   -.2518619
change_net~g |   .0029605    .003405     0.87   0.385    -.0037161    .0096371
       _cons |   .3205288   .0446686     7.18   0.000     .2329409    .4081167
------------------------------------------------------------------------------

. 
. di _n "--- Col 7: All interactions + combined ---"

--- Col 7: All interactions + combined ---

. regress wagediff surv_deeppost00 highinc2000 higheduc2000 highind2000 highpop
> 2000 allhigh2000 inc_dum_surv_deeppost00 educ_dum_surv_deeppost00 pop_dum_sur
> v_deeppost00 ind_dum_surv_deeppost00 educ_inc_ind_pop_dum_surv_deep00 $contro
> ls $change, robust

Linear regression                               Number of obs     =      2,743
                                                F(29, 2713)       =      13.54
                                                Prob > F          =     0.0000
                                                R-squared         =     0.1423
                                                Root MSE          =     .07508

------------------------------------------------------------------------------
             |               Robust
    wagediff | Coefficient  std. err.      t    P>|t|     [95% conf. interval]
-------------+----------------------------------------------------------------
surv_deep~00 |   .0067167    .014998     0.45   0.654     -.022692    .0361254
 highinc2000 |  -.0101538   .0066642    -1.52   0.128    -.0232213    .0029136
higheduc2000 |   -.013209   .0065982    -2.00   0.045    -.0261471    -.000271
 highind2000 |   .0082735   .0040865     2.02   0.043     .0002606    .0162864
 highpop2000 |   .0057869   .0120941     0.48   0.632    -.0179276    .0295014
 allhigh2000 |  -.0249621   .0239478    -1.04   0.297    -.0719199    .0219957
inc_dum_s~00 |   .0377452   .0496343     0.76   0.447    -.0595797    .1350701
educ_dum_~00 |   .0757138   .0547065     1.38   0.166    -.0315568    .1829844
pop_dum_s~00 |   .0182127   .1027486     0.18   0.859    -.1832608    .2196862
ind_dum_s~00 |   .0101663    .023684     0.43   0.668    -.0362743    .0566068
educ_inc_i.. |   .3392568   .1904141     1.78   0.075    -.0341147    .7126282
       lnpop |  -.0080184   .0022064    -3.63   0.000    -.0123447    -.003692
  pctblk1990 |   .0099865   .0117589     0.85   0.396    -.0130707    .0330438
pctunivp1990 |   .5773701   .0848189     6.81   0.000     .4110539    .7436863
  pctHSp1990 |  -.1308996   .0509742    -2.57   0.010    -.2308518   -.0309474
pctbelo~1990 |  -.1309411   .0470187    -2.78   0.005    -.2231372   -.0387449
medhhinc1990 |   8.40e-06    .000729     0.01   0.991    -.0014211    .0014379
carnegie1_~r |   .0256957   .0449957     0.57   0.568    -.0625336     .113925
frac_in_en~g |  -.0548933    .343643    -0.16   0.873    -.7287219    .6189353
npatent1980s |   .0102362   .0040588     2.52   0.012     .0022776    .0181948
      frprof |   -.043092   .0529822    -0.81   0.416    -.1469816    .0607976
  pct65p1990 |   .0536028   .0505585     1.06   0.289    -.0455343    .1527398
    netmig95 |   .0038204   .0029494     1.30   0.195    -.0019629    .0096036
change_tot~p |   .0646628   .0154227     4.19   0.000     .0344214    .0949041
change_pct~k |   -.001424   .0738493    -0.02   0.985    -.1462306    .1433827
change_pc~vp |   .8394325   .1591934     5.27   0.000       .52728    1.151585
change_pc~Sp |  -.0016989   .0928273    -0.02   0.985    -.1837182    .1803204
change_pct65 |  -.4745485   .1202001    -3.95   0.000    -.7102416   -.2388555
change_net~g |   .0030937   .0034236     0.90   0.366    -.0036193    .0098068
       _cons |   .3216188    .044705     7.19   0.000     .2339595    .4092782
------------------------------------------------------------------------------

. 
. log close t3
      name:  t3
       log:  C:/Users/Usuario/Documents/GitHub/twfe_survey/replications/2010-20
> 12/Forman et al. (2012)/full/table3.log
  log type:  text
 closed on:   6 May 2026, 01:00:30
-------------------------------------------------------------------------------

. 
. * ===========================================================================
> ==
. * TABLE 4: IV Regressions
. * ===========================================================================
> ==
. di _n "===== TABLE 4: IV Regressions ====="

===== TABLE 4: IV Regressions =====

. log using "$outdir/table4.log", text replace name(t4)
(file
    C:/Users/Usuario/Documents/GitHub/twfe_survey/replications/2010-2012/Form
    > an et al. (2012)/full/table4.log not found)
-------------------------------------------------------------------------------
      name:  t4
       log:  C:/Users/Usuario/Documents/GitHub/twfe_survey/replications/2010-20
> 12/Forman et al. (2012)/full/table4.log
  log type:  text
 opened on:   6 May 2026, 01:00:30

. 
. use countygrowth, clear

. 
. di _n "--- OLS baseline for Hausman ---"

--- OLS baseline for Hausman ---

. regress wagediff surv_deeppost00 indivhomeinternet00_cty missing avgdmest $co
> ntrols $change

      Source |       SS           df       MS      Number of obs   =     2,743
-------------+----------------------------------   F(22, 2720)     =     19.09
       Model |  2.38549354        22  .108431525   Prob > F        =    0.0000
    Residual |  15.4474812     2,720  .005679221   R-squared       =    0.1338
-------------+----------------------------------   Adj R-squared   =    0.1268
       Total |  17.8329748     2,742  .006503638   Root MSE        =    .07536

------------------------------------------------------------------------------
    wagediff | Coefficient  Std. err.      t    P>|t|     [95% conf. interval]
-------------+----------------------------------------------------------------
surv_deep~00 |    .027229   .0109154     2.49   0.013     .0058256    .0486324
indivhomei~y |   .0861062   .0477007     1.81   0.071    -.0074272    .1796395
     missing |   .0302204   .0218308     1.38   0.166    -.0125862    .0730271
    avgdmest |  -.0193472   .0061801    -3.13   0.002    -.0314654    -.007229
       lnpop |  -.0056229   .0017973    -3.13   0.002     -.009147   -.0020988
  pctblk1990 |   .0161643   .0122381     1.32   0.187    -.0078327    .0401613
pctunivp1990 |   .5753368   .0735151     7.83   0.000     .4311856     .719488
  pctHSp1990 |  -.1667471   .0558017    -2.99   0.003    -.2761651   -.0573291
pctbelo~1990 |  -.1738188   .0471205    -3.69   0.000    -.2662143   -.0814233
medhhinc1990 |  -.0006508   .0005858    -1.11   0.267    -.0017994    .0004978
carnegie1_~r |   .0288952   .0270681     1.07   0.286    -.0241809    .0819713
frac_in_en~g |  -.1963197   .3296371    -0.60   0.552    -.8426842    .4500448
npatent1980s |   .0161984   .0033808     4.79   0.000     .0095692    .0228275
      frprof |   -.016072   .0506578    -0.32   0.751    -.1154037    .0832597
  pct65p1990 |   .0307985   .0546499     0.56   0.573    -.0763611    .1379581
    netmig95 |   .0032715   .0023349     1.40   0.161    -.0013069    .0078498
change_tot~p |   .0563234   .0147793     3.81   0.000     .0273435    .0853032
change_pct~k |   .0301032   .0852212     0.35   0.724    -.1370017    .1972081
change_pc~vp |   .8177988   .1485502     5.51   0.000     .5265161    1.109081
change_pc~Sp |  -.0363728   .0980825    -0.37   0.711    -.2286966    .1559509
change_pct65 |  -.5725843   .1278898    -4.48   0.000    -.8233553   -.3218133
change_net~g |   .0019404    .002684     0.72   0.470    -.0033225    .0072033
       _cons |   .3077879   .0477895     6.44   0.000     .2140804    .4014953
------------------------------------------------------------------------------

. estimates store ols

. 
. di _n "--- Col 1: Other programmers IV ---"

--- Col 1: Other programmers IV ---

. ivregress liml wagediff (surv_deeppost00=iv_othcprogrammerswt) indivhomeinter
> net00_cty missing avgdmest $controls $change, first vce(robust)

First-stage regressions
-----------------------

                                                        Number of obs =  2,743
                                                        F(22, 2720)   =  10.17
                                                        Prob > F      = 0.0000
                                                        R-squared     = 0.0268
                                                        Adj R-squared = 0.0189
                                                        Root MSE      = 0.1319

------------------------------------------------------------------------------
             |               Robust
surv_deep~00 | Coefficient  std. err.      t    P>|t|     [95% conf. interval]
-------------+----------------------------------------------------------------
indivhomei~y |    .035041   .0324085     1.08   0.280    -.0285068    .0985889
     missing |   .0190999   .0149717     1.28   0.202    -.0102572    .0484569
    avgdmest |  -.0243589     .01419    -1.72   0.086    -.0521831    .0034653
       lnpop |   .0099127   .0032443     3.06   0.002     .0035511    .0162743
  pctblk1990 |   -.034078   .0266933    -1.28   0.202    -.0864192    .0182631
pctunivp1990 |   .0923461   .1229533     0.75   0.453    -.1487452    .3334374
  pctHSp1990 |   .0568525   .1235845     0.46   0.646    -.1854764    .2991814
pctbelo~1990 |   .0363282   .0982574     0.37   0.712    -.1563386    .2289949
medhhinc1990 |  -.0003474   .0009725    -0.36   0.721    -.0022544    .0015595
carnegie1_~r |   .0322959   .0593203     0.54   0.586    -.0840214    .1486133
frac_in_en~g |  -.3824374   .5491639    -0.70   0.486    -1.459258    .6943832
npatent1980s |   .0034428   .0026483     1.30   0.194      -.00175    .0086356
      frprof |  -.0605677   .0870454    -0.70   0.487    -.2312495    .1101142
  pct65p1990 |    .039539   .0927684     0.43   0.670    -.1423647    .2214426
    netmig95 |  -.0018449   .0015258    -1.21   0.227    -.0048368    .0011471
change_tot~p |  -.0055418   .0265966    -0.21   0.835    -.0576933    .0466098
change_pct~k |   .2823867   .1464637     1.93   0.054    -.0048046     .569578
change_pc~vp |  -.2006091   .2780784    -0.72   0.471    -.7458754    .3446571
change_pc~Sp |   .0845782   .2192856     0.39   0.700     -.345405    .5145614
change_pct65 |  -.0860916   .2263023    -0.38   0.704    -.5298334    .3576502
change_net~g |  -.0023144   .0016621    -1.39   0.164    -.0055735    .0009446
iv_othcpro~t |   .0001676   .0000476     3.52   0.000     .0000743    .0002608
       _cons |  -.0523123   .0804076    -0.65   0.515    -.2099785     .105354
------------------------------------------------------------------------------


Instrumental variables LIML regression            Number of obs   =      2,743
                                                  Wald chi2(22)   =     299.83
                                                  Prob > chi2     =     0.0000
                                                  R-squared       =          .
                                                  Root MSE        =     .08201

------------------------------------------------------------------------------
             |               Robust
    wagediff | Coefficient  std. err.      z    P>|z|     [95% conf. interval]
-------------+----------------------------------------------------------------
surv_deep~00 |    .278134   .1489999     1.87   0.062    -.0139003    .5701684
indivhomei~y |    .076524   .0376791     2.03   0.042     .0026744    .1503736
     missing |   .0250364   .0172371     1.45   0.146    -.0087476    .0588204
    avgdmest |  -.0168075   .0073553    -2.29   0.022    -.0312236   -.0023914
       lnpop |  -.0085435   .0028339    -3.01   0.003    -.0140978   -.0029893
  pctblk1990 |   .0237913    .014158     1.68   0.093    -.0039578    .0515405
pctunivp1990 |   .5449688   .0832849     6.54   0.000     .3817333    .7082043
  pctHSp1990 |  -.1812623   .0608291    -2.98   0.003    -.3004852   -.0620394
pctbelo~1990 |  -.1837404    .051817    -3.55   0.000    -.2852998    -.082181
medhhinc1990 |  -.0005534   .0006403    -0.86   0.387    -.0018083    .0007015
carnegie1_~r |   .0211066    .036915     0.57   0.567    -.0512454    .0934586
frac_in_en~g |  -.0850406   .3257176    -0.26   0.794    -.7234353    .5533541
npatent1980s |   .0152514   .0042344     3.60   0.000      .006952    .0235507
      frprof |  -.0004815   .0588784    -0.01   0.993     -.115881     .114918
  pct65p1990 |   .0195876   .0550065     0.36   0.722    -.0882231    .1273984
    netmig95 |   .0037566   .0031599     1.19   0.235    -.0024368      .00995
change_tot~p |   .0590287   .0165784     3.56   0.000     .0265355    .0915218
change_pct~k |  -.0395196   .0949601    -0.42   0.677     -.225638    .1465988
change_pc~vp |   .8642635   .1778804     4.86   0.000     .5156243    1.212903
change_pc~Sp |  -.0568961   .1087541    -0.52   0.601    -.2700503    .1562581
change_pct65 |  -.5537918   .1311777    -4.22   0.000    -.8108953   -.2966883
change_net~g |   .0025635   .0036708     0.70   0.485    -.0046311    .0097581
       _cons |   .3262789   .0520433     6.27   0.000     .2242759    .4282819
------------------------------------------------------------------------------
Instrumented: surv_deeppost00
 Instruments: indivhomeinternet00_cty missing avgdmest lnpop pctblk1990
              pctunivp1990 pctHSp1990 pctbelowPL1990 medhhinc1990
              carnegie1_enr frac_in_eng_prog npatent1980s frprof pct65p1990
              netmig95 change_totalpop change_pctblk change_pctunivp
              change_pctHSp change_pct65 change_netmig iv_othcprogrammerswt

. 
. di _n "--- Col 2: Bartik IV ---"

--- Col 2: Bartik IV ---

. ivregress liml wagediff (surv_deeppost00= iv_bartik) indivhomeinternet00_cty 
> missing avgdmest $controls $change, first vce(robust)

First-stage regressions
-----------------------

                                                        Number of obs =  2,743
                                                        F(22, 2720)   =   9.24
                                                        Prob > F      = 0.0000
                                                        R-squared     = 0.0223
                                                        Adj R-squared = 0.0144
                                                        Root MSE      = 0.1322

------------------------------------------------------------------------------
             |               Robust
surv_deep~00 | Coefficient  std. err.      t    P>|t|     [95% conf. interval]
-------------+----------------------------------------------------------------
indivhomei~y |   .0344764    .032701     1.05   0.292     -.029645    .0985978
     missing |   .0190949   .0150559     1.27   0.205    -.0104272    .0486171
    avgdmest |  -.0116356   .0140869    -0.83   0.409    -.0392576    .0159865
       lnpop |   .0106533    .003254     3.27   0.001     .0042728    .0170339
  pctblk1990 |  -.0324552   .0266945    -1.22   0.224    -.0847988    .0198885
pctunivp1990 |   .1010427   .1223347     0.83   0.409    -.1388357     .340921
  pctHSp1990 |   .0623603   .1239618     0.50   0.615    -.1807084    .3054291
pctbelo~1990 |   .0559007   .0995946     0.56   0.575    -.1393881    .2511896
medhhinc1990 |  -.0003885   .0009691    -0.40   0.689    -.0022887    .0015117
carnegie1_~r |   .0314794   .0578246     0.54   0.586    -.0819052    .1448639
frac_in_en~g |  -.4261139   .5531345    -0.77   0.441     -1.51072    .6584925
npatent1980s |   .0034672   .0026666     1.30   0.194    -.0017615     .008696
      frprof |  -.0438464   .0873459    -0.50   0.616    -.2151173    .1274246
  pct65p1990 |   .0526627   .0933244     0.56   0.573    -.1303311    .2356565
    netmig95 |  -.0018739   .0015325    -1.22   0.222    -.0048788    .0011311
change_tot~p |  -.0057753   .0268259    -0.22   0.830    -.0583765    .0468258
change_pct~k |    .282907   .1463288     1.93   0.053    -.0040198    .5698339
change_pc~vp |  -.2015899   .2781322    -0.72   0.469    -.7469615    .3437818
change_pc~Sp |   .0719099    .219701     0.33   0.743    -.3588879    .5027076
change_pct65 |   -.040699   .2292129    -0.18   0.859     -.490148    .4087501
change_net~g |  -.0023795   .0016703    -1.42   0.154    -.0056547    .0008957
   iv_bartik |   .2990323   .1774338     1.69   0.092    -.0488863    .6469509
       _cons |  -.1081293   .0826494    -1.31   0.191    -.2701912    .0539327
------------------------------------------------------------------------------


Instrumental variables LIML regression            Number of obs   =      2,743
                                                  Wald chi2(22)   =     322.69
                                                  Prob > chi2     =     0.0000
                                                  R-squared       =     0.1334
                                                  Root MSE        =     .07506

------------------------------------------------------------------------------
             |               Robust
    wagediff | Coefficient  std. err.      z    P>|z|     [95% conf. interval]
-------------+----------------------------------------------------------------
surv_deep~00 |    .015636   .2374143     0.07   0.947    -.4496875    .4809594
indivhomei~y |   .0865489   .0386705     2.24   0.025     .0107562    .1623416
     missing |     .03046   .0175193     1.74   0.082    -.0038773    .0647972
    avgdmest |  -.0194645   .0066868    -2.91   0.004    -.0325704   -.0063587
       lnpop |  -.0054879   .0031434    -1.75   0.081    -.0116488    .0006729
  pctblk1990 |   .0158119   .0134551     1.18   0.240    -.0105596    .0421834
pctunivp1990 |     .57674   .0835014     6.91   0.000     .4130803    .7403997
  pctHSp1990 |  -.1660764   .0537401    -3.09   0.002    -.2714051   -.0607478
pctbelo~1990 |  -.1733604   .0467858    -3.71   0.000    -.2650589   -.0816618
medhhinc1990 |  -.0006553     .00063    -1.04   0.298      -.00189    .0005794
carnegie1_~r |   .0292551   .0490024     0.60   0.550    -.0667879    .1252981
frac_in_en~g |  -.2014613   .3832232    -0.53   0.599    -.9525651    .5496424
npatent1980s |   .0162421    .004448     3.65   0.000     .0075241    .0249601
      frprof |  -.0167923   .0550679    -0.30   0.760    -.1247235    .0911388
  pct65p1990 |   .0313165   .0514818     0.61   0.543    -.0695859    .1322189
    netmig95 |   .0032491   .0032281     1.01   0.314    -.0030779    .0095761
change_tot~p |   .0561984   .0153165     3.67   0.000     .0261785    .0862182
change_pct~k |   .0333201   .0992928     0.34   0.737    -.1612902    .2279305
change_pc~vp |   .8156519   .1665267     4.90   0.000     .4892655    1.142038
change_pc~Sp |  -.0354246    .095969    -0.37   0.712    -.2235203    .1526712
change_pct65 |  -.5734526    .119776    -4.79   0.000    -.8082093   -.3386959
change_net~g |   .0019116   .0037613     0.51   0.611    -.0054603    .0092835
       _cons |   .3069335    .047797     6.42   0.000     .2132531    .4006138
------------------------------------------------------------------------------
Instrumented: surv_deeppost00
 Instruments: indivhomeinternet00_cty missing avgdmest lnpop pctblk1990
              pctunivp1990 pctHSp1990 pctbelowPL1990 medhhinc1990
              carnegie1_enr frac_in_eng_prog npatent1980s frprof pct65p1990
              netmig95 change_totalpop change_pctblk change_pctunivp
              change_pctHSp change_pct65 change_netmig iv_bartik

. 
. di _n "--- Col 3: ARPANET IV ---"

--- Col 3: ARPANET IV ---

. ivregress gmm wagediff (surv_deeppost00=iv_num_a) indivhomeinternet00_cty mis
> sing avgdmest $controls $change, first vce(robust)

First-stage regressions
-----------------------

                                                        Number of obs =  2,743
                                                        F(22, 2720)   =   8.87
                                                        Prob > F      = 0.0000
                                                        R-squared     = 0.0203
                                                        Adj R-squared = 0.0123
                                                        Root MSE      = 0.1324

------------------------------------------------------------------------------
             |               Robust
surv_deep~00 | Coefficient  std. err.      t    P>|t|     [95% conf. interval]
-------------+----------------------------------------------------------------
indivhomei~y |   .0380026   .0323635     1.17   0.240    -.0254571    .1014622
     missing |   .0207205   .0149057     1.39   0.165     -.008507    .0499481
    avgdmest |  -.0101693   .0140207    -0.73   0.468    -.0376616     .017323
       lnpop |   .0116895   .0031756     3.68   0.000     .0054626    .0179163
  pctblk1990 |  -.0304244   .0267798    -1.14   0.256    -.0829353    .0220865
pctunivp1990 |   .1178071   .1229186     0.96   0.338    -.1232162    .3588304
  pctHSp1990 |   .0586178   .1240061     0.47   0.636     -.184538    .3017735
pctbelo~1990 |   .0400011   .0990043     0.40   0.686    -.1541301    .2341322
medhhinc1990 |  -.0003769   .0009759    -0.39   0.699    -.0022905    .0015366
carnegie1_~r |   .0308566   .0579218     0.53   0.594    -.0827186    .1444318
frac_in_en~g |  -.4383753    .555301    -0.79   0.430     -1.52723    .6504791
npatent1980s |   .0029537   .0027749     1.06   0.287    -.0024874    .0083948
      frprof |  -.0619509   .0869129    -0.71   0.476    -.2323729    .1084711
  pct65p1990 |   .0452501   .0934876     0.48   0.628    -.1380638     .228564
    netmig95 |  -.0020979   .0015442    -1.36   0.174    -.0051259    .0009301
change_tot~p |  -.0105008   .0268941    -0.39   0.696    -.0632358    .0422342
change_pct~k |   .2819104   .1471128     1.92   0.055    -.0065537    .5703746
change_pc~vp |  -.1869133   .2786214    -0.67   0.502    -.7332444    .3594177
change_pc~Sp |   .0820729   .2200111     0.37   0.709    -.3493329    .5134787
change_pct65 |  -.0750057    .227866    -0.33   0.742    -.5218137    .3718023
change_net~g |  -.0027394   .0016885    -1.62   0.105    -.0060503    .0005715
iv_num_arp~s |   .0058957   .0048642     1.21   0.226    -.0036423    .0154336
       _cons |  -.0748529   .0804467    -0.93   0.352    -.2325958      .08289
------------------------------------------------------------------------------


Instrumental variables GMM regression             Number of obs   =      2,743
                                                  Wald chi2(22)   =      85.91
                                                  Prob > chi2     =     0.0000
                                                  R-squared       =          .
GMM weight matrix: Robust                         Root MSE        =     .33269

------------------------------------------------------------------------------
             |               Robust
    wagediff | Coefficient  std. err.      z    P>|z|     [95% conf. interval]
-------------+----------------------------------------------------------------
surv_deep~00 |   2.485942   2.130147     1.17   0.243    -1.689069    6.660954
indivhomei~y |  -.0077932   .1065267    -0.07   0.942    -.2165816    .2009953
     missing |  -.0205797   .0553129    -0.37   0.710    -.1289909    .0878315
    avgdmest |   .0055403   .0402564     0.14   0.891    -.0733609    .0844415
       lnpop |  -.0342432   .0258046    -1.33   0.185    -.0848193     .016333
  pctblk1990 |   .0909042   .0919567     0.99   0.323    -.0893277    .2711361
pctunivp1990 |   .2777494   .4091104     0.68   0.497    -.5240923    1.079591
  pctHSp1990 |  -.3089874    .330808    -0.93   0.350    -.9573591    .3393843
pctbelo~1990 |  -.2710444   .2583269    -1.05   0.294    -.7773558    .2352669
medhhinc1990 |   .0003037   .0025764     0.12   0.906     -.004746    .0053533
carnegie1_~r |  -.0474283   .1289884    -0.37   0.713    -.3002409    .2053843
frac_in_en~g |   .8941464   1.568456     0.57   0.569     -2.17997    3.968263
npatent1980s |   .0069185   .0112807     0.61   0.540    -.0151913    .0290283
      frprof |   .1367049   .2568193     0.53   0.595    -.3666517    .6400614
  pct65p1990 |  -.0790612   .2457531    -0.32   0.748    -.5607285     .402606
    netmig95 |   .0080253   .0060091     1.34   0.182    -.0037524     .019803
change_tot~p |   .0828336   .0725134     1.14   0.253    -.0592901    .2249572
change_pct~k |  -.6521573   .6487456    -1.01   0.315    -1.923675    .6193607
change_pc~vp |   1.273124   .7923391     1.61   0.108    -.2798325     2.82608
change_pc~Sp |  -.2374878   .5710814    -0.42   0.678    -1.356787    .8818113
change_pct65 |  -.3884292   .5775033    -0.67   0.501    -1.520315    .7434565
change_net~g |   .0080466   .0072461     1.11   0.267    -.0061554    .0222487
       _cons |   .4889884   .2503132     1.95   0.051    -.0016163    .9795932
------------------------------------------------------------------------------
Instrumented: surv_deeppost00
 Instruments: indivhomeinternet00_cty missing avgdmest lnpop pctblk1990
              pctunivp1990 pctHSp1990 pctbelowPL1990 medhhinc1990
              carnegie1_enr frac_in_eng_prog npatent1980s frprof pct65p1990
              netmig95 change_totalpop change_pctblk change_pctunivp
              change_pctHSp change_pct65 change_netmig iv_num_arpanet_nodes

. 
. di _n "--- Col 4: All IVs ---"

--- Col 4: All IVs ---

. ivregress liml wagediff (surv_deeppost00=iv_othcprogrammerswt iv_num_a iv_bar
> tik) indivhomeinternet00_cty missing avgdmest $controls $change, first vce(ro
> bust)

First-stage regressions
-----------------------

                                                        Number of obs =  2,743
                                                        F(24, 2718)   =  10.18
                                                        Prob > F      = 0.0000
                                                        R-squared     = 0.0285
                                                        Adj R-squared = 0.0199
                                                        Root MSE      = 0.1319

------------------------------------------------------------------------------
             |               Robust
surv_deep~00 | Coefficient  std. err.      t    P>|t|     [95% conf. interval]
-------------+----------------------------------------------------------------
indivhomei~y |   .0317496   .0325743     0.97   0.330    -.0321233    .0956226
     missing |   .0178433   .0150708     1.18   0.237    -.0117082    .0473948
    avgdmest |  -.0251839   .0141948    -1.77   0.076    -.0530176    .0026498
       lnpop |   .0091594   .0033169     2.76   0.006     .0026556    .0156633
  pctblk1990 |  -.0357592   .0266338    -1.34   0.180    -.0879837    .0164653
pctunivp1990 |    .073112   .1228072     0.60   0.552     -.167693     .313917
  pctHSp1990 |   .0615073   .1236033     0.50   0.619    -.1808587    .3038733
pctbelo~1990 |   .0511434   .0989116     0.52   0.605    -.1428061    .2450929
medhhinc1990 |  -.0003393   .0009673    -0.35   0.726     -.002236    .0015574
carnegie1_~r |   .0324662   .0592503     0.55   0.584    -.0837139    .1486463
frac_in_en~g |  -.3650046   .5488012    -0.67   0.506    -1.441114    .7111052
npatent1980s |   .0024605   .0027213     0.90   0.366    -.0028756    .0077965
      frprof |  -.0444856   .0874851    -0.51   0.611    -.2160296    .1270585
  pct65p1990 |   .0472081   .0927062     0.51   0.611    -.1345737      .22899
    netmig95 |  -.0019418   .0015069    -1.29   0.198    -.0048966     .001013
change_tot~p |  -.0011175   .0265747    -0.04   0.966     -.053226    .0509911
change_pct~k |    .290853    .147017     1.98   0.048     .0025767    .5791294
change_pc~vp |  -.2158799   .2778283    -0.78   0.437    -.7606559    .3288961
change_pc~Sp |   .0760812   .2190443     0.35   0.728     -.353429    .5055914
change_pct65 |  -.0558888   .2279039    -0.25   0.806    -.5027712    .3909937
change_net~g |  -.0024566   .0016481    -1.49   0.136    -.0056883     .000775
iv_othcpro~t |   .0001612   .0000486     3.32   0.001      .000066    .0002565
iv_num_arp~s |   .0052209   .0045747     1.14   0.254    -.0037494    .0141911
   iv_bartik |   .2612047   .1789797     1.46   0.145    -.0897454    .6121549
       _cons |  -.0842212   .0829359    -1.02   0.310     -.246845    .0784027
------------------------------------------------------------------------------


Instrumental variables LIML regression            Number of obs   =      2,743
                                                  Wald chi2(22)   =     299.29
                                                  Prob > chi2     =     0.0000
                                                  R-squared       =          .
                                                  Root MSE        =     .08186

------------------------------------------------------------------------------
             |               Robust
    wagediff | Coefficient  std. err.      z    P>|z|     [95% conf. interval]
-------------+----------------------------------------------------------------
surv_deep~00 |   .2752385    .158699     1.73   0.083    -.0358058    .5862829
indivhomei~y |   .0766346   .0376626     2.03   0.042     .0028173    .1504518
     missing |   .0250962   .0172194     1.46   0.145    -.0086531    .0588456
    avgdmest |  -.0168368    .007318    -2.30   0.021    -.0311798   -.0024938
       lnpop |  -.0085098   .0028414    -2.99   0.003    -.0140788   -.0029409
  pctblk1990 |   .0237033    .014137     1.68   0.094    -.0040047    .0514113
pctunivp1990 |   .5453193   .0831429     6.56   0.000     .3823621    .7082764
  pctHSp1990 |  -.1810948   .0607265    -2.98   0.003    -.3001165   -.0620731
pctbelo~1990 |  -.1836259    .051552    -3.56   0.000     -.284666   -.0825859
medhhinc1990 |  -.0005545   .0006418    -0.86   0.388    -.0018125    .0007034
carnegie1_~r |   .0211965   .0370828     0.57   0.568    -.0514845    .0938774
frac_in_en~g |  -.0863248   .3271412    -0.26   0.792    -.7275098    .5548603
npatent1980s |   .0152623   .0042311     3.61   0.000     .0069695    .0235552
      frprof |  -.0006614   .0585577    -0.01   0.991    -.1154325    .1141096
  pct65p1990 |    .019717   .0547675     0.36   0.719    -.0876252    .1270592
    netmig95 |    .003751    .003157     1.19   0.235    -.0024367    .0099387
change_tot~p |   .0589974   .0165358     3.57   0.000     .0265878    .0914071
change_pct~k |  -.0387161   .0967315    -0.40   0.689    -.2283065    .1508742
change_pc~vp |   .8637272   .1785293     4.84   0.000     .5138162    1.213638
change_pc~Sp |  -.0566592   .1086227    -0.52   0.602    -.2695558    .1562374
change_pct65 |  -.5540087   .1311168    -4.23   0.000    -.8109929   -.2970245
change_net~g |   .0025563   .0036666     0.70   0.486      -.00463    .0097427
       _cons |   .3260655   .0517339     6.30   0.000      .224669     .427462
------------------------------------------------------------------------------
Instrumented: surv_deeppost00
 Instruments: indivhomeinternet00_cty missing avgdmest lnpop pctblk1990
              pctunivp1990 pctHSp1990 pctbelowPL1990 medhhinc1990
              carnegie1_enr frac_in_eng_prog npatent1980s frprof pct65p1990
              netmig95 change_totalpop change_pctblk change_pctunivp
              change_pctHSp change_pct65 change_netmig iv_othcprogrammerswt
              iv_num_arpanet_nodes iv_bartik

. 
. * Overid test
. cap noi estat overid
tests not available after LIML estimation with robust VCE
use forcenonrobust to override

. 
. * Heterogeneous IV
. di _n "--- Heterogeneous IV ---"

--- Heterogeneous IV ---

. gen ivd_num_a = iv_num_a*allhigh
(394 missing values generated)

. gen ivd_othcp = iv_othcp*allhigh
(394 missing values generated)

. gen ivd_bartik = iv_bartik*allhigh
(394 missing values generated)

. 
. regress wagediff surv_deeppost00 educ_inc_ind_pop_dum_surv_deep00 highinc2000
>  higheduc2000 highind2000 highpop2000 allhigh avgdmest $controls $change

      Source |       SS           df       MS      Number of obs   =     2,743
-------------+----------------------------------   F(26, 2716)     =     17.36
       Model |   2.5415518        26  .097751992   Prob > F        =    0.0000
    Residual |   15.291423     2,716  .005630126   R-squared       =    0.1425
-------------+----------------------------------   Adj R-squared   =    0.1343
       Total |  17.8329748     2,742  .006503638   Root MSE        =    .07503

------------------------------------------------------------------------------
    wagediff | Coefficient  Std. err.      t    P>|t|     [95% conf. interval]
-------------+----------------------------------------------------------------
surv_deep~00 |   .0232831   .0109079     2.13   0.033     .0018945    .0446717
educ_inc_i.. |   .4609058   .1550657     2.97   0.003     .1568471    .7649646
 highinc2000 |  -.0070492   .0054514    -1.29   0.196    -.0177384      .00364
higheduc2000 |  -.0066557   .0057414    -1.16   0.246    -.0179136    .0046022
 highind2000 |   .0094787   .0038321     2.47   0.013     .0019646    .0169928
 highpop2000 |   .0065908   .0078028     0.84   0.398    -.0087093    .0218908
     allhigh |  -.0369378    .022713    -1.63   0.104    -.0814743    .0075986
    avgdmest |  -.0190491   .0061585    -3.09   0.002     -.031125   -.0069732
       lnpop |  -.0069538   .0019755    -3.52   0.000    -.0108275   -.0030802
  pctblk1990 |   .0126933   .0122058     1.04   0.298    -.0112402    .0366269
pctunivp1990 |   .5852448   .0792152     7.39   0.000     .4299167     .740573
  pctHSp1990 |  -.1409873   .0556662    -2.53   0.011    -.2501396   -.0318349
pctbelo~1990 |  -.1441033    .047165    -3.06   0.002    -.2365862   -.0516203
medhhinc1990 |  -.0000957   .0006487    -0.15   0.883    -.0013678    .0011764
carnegie1_~r |   .0258388   .0269994     0.96   0.339    -.0271027    .0787803
frac_in_en~g |   -.065963   .3291848    -0.20   0.841     -.711441    .5795151
npatent1980s |   .0102261   .0036375     2.81   0.005     .0030936    .0173585
      frprof |  -.0499494   .0510092    -0.98   0.328    -.1499703    .0500714
  pct65p1990 |   .0378863   .0542971     0.70   0.485    -.0685816    .1443541
    netmig95 |   .0037005    .002322     1.59   0.111    -.0008525    .0082535
change_tot~p |    .068132   .0149347     4.56   0.000     .0388475    .0974165
change_pct~k |   .0038804   .0851278     0.05   0.964    -.1630413    .1708022
change_pc~vp |   .8190581   .1484181     5.52   0.000     .5280342    1.110082
change_pc~Sp |  -.0129227    .097526    -0.13   0.895    -.2041554      .17831
change_pct65 |  -.4985644   .1281574    -3.89   0.000    -.7498603   -.2472685
change_net~g |   .0029206   .0026765     1.09   0.275    -.0023276    .0081689
       _cons |   .3290073   .0433875     7.58   0.000     .2439315    .4140831
------------------------------------------------------------------------------

. estimates store ols2

. 
. di _n "--- Col 5: Other programmers interacted ---"

--- Col 5: Other programmers interacted ---

. cap noi ivregress liml wagediff (surv_deeppost00 educ_inc_ind_pop_dum_surv_de
> ep00=iv_othcprogrammerswt ivd_othcp) highinc2000 higheduc2000 highind2000 hig
> hpop2000 allhigh avgdmest $controls $change, first vce(robust)

First-stage regressions
-----------------------

                                                        Number of obs =  2,743
                                                        F(26, 2716)   =  10.91
                                                        Prob > F      = 0.0000
                                                        R-squared     = 0.0291
                                                        Adj R-squared = 0.0198
                                                        Root MSE      = 0.1319

------------------------------------------------------------------------------
             |               Robust
surv_deep~00 | Coefficient  std. err.      t    P>|t|     [95% conf. interval]
-------------+----------------------------------------------------------------
 highinc2000 |   .0020409   .0075121     0.27   0.786    -.0126891    .0167708
higheduc2000 |  -.0111193   .0088003    -1.26   0.207    -.0283751    .0061366
 highind2000 |    .012493   .0076994     1.62   0.105    -.0026042    .0275902
 highpop2000 |  -.0162049   .0073155    -2.22   0.027    -.0305494   -.0018604
     allhigh |   .0101392   .0150847     0.67   0.502    -.0194394    .0397178
    avgdmest |  -.0243865   .0142015    -1.72   0.086    -.0522333    .0034603
       lnpop |   .0110275    .003746     2.94   0.003     .0036822    .0183728
  pctblk1990 |  -.0343365    .026727    -1.28   0.199    -.0867439    .0180708
pctunivp1990 |   .1384678   .1348176     1.03   0.304    -.1258877    .4028233
  pctHSp1990 |   .0656656   .1230466     0.53   0.594    -.1756087    .3069399
pctbelo~1990 |   .0532518   .0972874     0.55   0.584     -.137513    .2440166
medhhinc1990 |  -.0003823   .0009758    -0.39   0.695    -.0022957     .001531
carnegie1_~r |   .0275658   .0576423     0.48   0.633    -.0854613    .1405929
frac_in_en~g |  -.3012516   .5453534    -0.55   0.581    -1.370601    .7680979
npatent1980s |   .0015034    .002603     0.58   0.564    -.0036007    .0066074
      frprof |  -.0833394   .0886566    -0.94   0.347    -.2571806    .0905018
  pct65p1990 |   .0450316   .0919812     0.49   0.624    -.1353285    .2253918
    netmig95 |  -.0018039   .0015026    -1.20   0.230    -.0047503    .0011424
change_tot~p |   .0019417   .0269114     0.07   0.942    -.0508272    .0547106
change_pct~k |   .2707966   .1455993     1.86   0.063       -.0147    .5562933
change_pc~vp |  -.2073301   .2797914    -0.74   0.459    -.7559556    .3412954
change_pc~Sp |   .0849639   .2183324     0.39   0.697    -.3431505    .5130784
change_pct65 |  -.0395443   .2306145    -0.17   0.864    -.4917419    .4126534
change_net~g |  -.0021064   .0016418    -1.28   0.200    -.0053258    .0011129
iv_othcpro~t |   .0001624   .0000486     3.34   0.001     .0000672    .0002577
   ivd_othcp |   .0000368   .0001256     0.29   0.770    -.0002096    .0002831
       _cons |  -.0524468   .0819882    -0.64   0.522    -.2132124    .1083187
------------------------------------------------------------------------------

                                                        Number of obs =  2,743
                                                        F(26, 2716)   = 172.94
                                                        Prob > F      = 0.0000
                                                        R-squared     = 0.9284
                                                        Adj R-squared = 0.9277
                                                        Root MSE      = 0.0090

------------------------------------------------------------------------------
             |               Robust
educ_inc_i.. | Coefficient  std. err.      t    P>|t|     [95% conf. interval]
-------------+----------------------------------------------------------------
 highinc2000 |   .0006429   .0007079     0.91   0.364    -.0007452    .0020309
higheduc2000 |  -.0023511   .0007253    -3.24   0.001    -.0037734   -.0009288
 highind2000 |  -.0000186   .0001141    -0.16   0.871    -.0002422    .0002051
 highpop2000 |   .0000457   .0005327     0.09   0.932    -.0009988    .0010903
     allhigh |   .1082285   .0121108     8.94   0.000     .0844812    .1319758
    avgdmest |  -.0000442   .0002955    -0.15   0.881    -.0006236    .0005351
       lnpop |  -.0003092    .000172    -1.80   0.072    -.0006464     .000028
  pctblk1990 |   .0008773   .0011425     0.77   0.443     -.001363    .0031176
pctunivp1990 |   .0326659   .0112076     2.91   0.004     .0106896    .0546421
  pctHSp1990 |  -.0057401   .0037271    -1.54   0.124    -.0130482    .0015681
pctbelo~1990 |  -.0108104   .0063991    -1.69   0.091    -.0233581    .0017372
medhhinc1990 |  -.0002676   .0001444    -1.85   0.064    -.0005508    .0000157
carnegie1_~r |  -.0019721   .0025943    -0.76   0.447    -.0070591    .0031148
frac_in_en~g |  -.0188689   .0247986    -0.76   0.447    -.0674949    .0297571
npatent1980s |   .0033661   .0012423     2.71   0.007     .0009302    .0058021
      frprof |  -.0003719   .0048739    -0.08   0.939    -.0099288    .0091849
  pct65p1990 |  -.0169381   .0075266    -2.25   0.025    -.0316965   -.0021797
    netmig95 |  -.0006256   .0006045    -1.03   0.301    -.0018108    .0005597
change_tot~p |  -.0000909   .0016703    -0.05   0.957    -.0033661    .0031844
change_pct~k |  -.0076332   .0119081    -0.64   0.522    -.0309831    .0157167
change_pc~vp |    .013399   .0150076     0.89   0.372    -.0160286    .0428265
change_pc~Sp |   -.005305   .0058687    -0.90   0.366    -.0168125    .0062026
change_pct65 |   -.008701   .0111926    -0.78   0.437    -.0306478    .0132459
change_net~g |  -.0010299   .0006748    -1.53   0.127    -.0023531    .0002933
iv_othcpro~t |  -4.86e-07   4.45e-07    -1.09   0.275    -1.36e-06    3.86e-07
   ivd_othcp |   .0002265   .0001091     2.08   0.038     .0000125    .0004405
       _cons |   .0131206   .0050451     2.60   0.009      .003228    .0230132
------------------------------------------------------------------------------


Instrumental variables LIML regression            Number of obs   =      2,743
                                                  Wald chi2(26)   =     377.55
                                                  Prob > chi2     =     0.0000
                                                  R-squared       =     0.0313
                                                  Root MSE        =     .07936

------------------------------------------------------------------------------
             |               Robust
    wagediff | Coefficient  std. err.      z    P>|z|     [95% conf. interval]
-------------+----------------------------------------------------------------
surv_deep~00 |   .2251909   .1493764     1.51   0.132    -.0675814    .5179631
educ_inc_i.. |    .745614   .5834519     1.28   0.201    -.3979307    1.889159
 highinc2000 |  -.0077161    .005065    -1.52   0.128    -.0176434    .0022111
higheduc2000 |  -.0037183   .0053419    -0.70   0.486    -.0141883    .0067516
 highind2000 |   .0066468   .0041333     1.61   0.108    -.0014543    .0147479
 highpop2000 |   .0098245   .0068957     1.42   0.154    -.0036908    .0233399
     allhigh |  -.0777749    .077324    -1.01   0.314    -.2293272    .0737774
    avgdmest |  -.0169639   .0070607    -2.40   0.016    -.0308025   -.0031252
       lnpop |  -.0093621   .0031747    -2.95   0.003    -.0155844   -.0031399
  pctblk1990 |    .018353   .0137552     1.33   0.182    -.0086068    .0453128
pctunivp1990 |   .5417456   .0919856     5.89   0.000     .3614573     .722034
  pctHSp1990 |  -.1526162   .0582742    -2.62   0.009    -.2668316   -.0384008
pctbelo~1990 |  -.1514665   .0516592    -2.93   0.003    -.2527166   -.0502164
medhhinc1990 |   .0000833   .0007454     0.11   0.911    -.0013777    .0015444
carnegie1_~r |   .0212182   .0395387     0.54   0.592    -.0562763    .0987127
frac_in_en~g |   .0134815   .3208247     0.04   0.966    -.6153235    .6422864
npatent1980s |   .0088991    .004388     2.03   0.043     .0002987    .0174994
      frprof |  -.0328152   .0582884    -0.56   0.573    -.1470584    .0814281
  pct65p1990 |   .0331034   .0542282     0.61   0.542     -.073182    .1393888
    netmig95 |   .0042981     .00291     1.48   0.140    -.0014053    .0100016
change_tot~p |   .0685679   .0161731     4.24   0.000     .0368691    .1002666
change_pct~k |   -.047776   .0909549    -0.53   0.599    -.2260442    .1304923
change_pc~vp |     .85581   .1724547     4.96   0.000     .5178051    1.193815
change_pc~Sp |  -.0283782    .102596    -0.28   0.782    -.2294626    .1727062
change_pct65 |  -.4914758    .127919    -3.84   0.000    -.7421924   -.2407593
change_net~g |   .0037241   .0033987     1.10   0.273    -.0029373    .0103855
       _cons |   .3385344    .050661     6.68   0.000     .2392407    .4378282
------------------------------------------------------------------------------
Instrumented: surv_deeppost00 educ_inc_ind_pop_dum_surv_deep00
 Instruments: highinc2000 higheduc2000 highind2000 highpop2000 allhigh
              avgdmest lnpop pctblk1990 pctunivp1990 pctHSp1990
              pctbelowPL1990 medhhinc1990 carnegie1_enr frac_in_eng_prog
              npatent1980s frprof pct65p1990 netmig95 change_totalpop
              change_pctblk change_pctunivp change_pctHSp change_pct65
              change_netmig iv_othcprogrammerswt ivd_othcp

. 
. di _n "--- Col 6: Bartik interacted ---"

--- Col 6: Bartik interacted ---

. cap noi ivregress liml wagediff (surv_deeppost00 educ_inc_ind_pop_dum_surv_de
> ep00= iv_bartik ivd_bartik) highinc2000 higheduc2000 highind2000 highpop2000 
> allhigh avgdmest $controls $change, first vce(robust)

First-stage regressions
-----------------------

                                                        Number of obs =  2,743
                                                        F(26, 2716)   =  10.48
                                                        Prob > F      = 0.0000
                                                        R-squared     = 0.0246
                                                        Adj R-squared = 0.0153
                                                        Root MSE      = 0.1322

------------------------------------------------------------------------------
             |               Robust
surv_deep~00 | Coefficient  std. err.      t    P>|t|     [95% conf. interval]
-------------+----------------------------------------------------------------
 highinc2000 |   .0022014   .0075955     0.29   0.772    -.0126921     .017095
higheduc2000 |  -.0094797   .0089316    -1.06   0.289    -.0269932    .0080338
 highind2000 |   .0127383   .0079425     1.60   0.109    -.0028357    .0283122
 highpop2000 |  -.0154697   .0073554    -2.10   0.036    -.0298924    -.001047
     allhigh |  -.0348456   .0876517    -0.40   0.691    -.2067164    .1370253
    avgdmest |  -.0118519   .0140756    -0.84   0.400    -.0394519    .0157481
       lnpop |   .0115581   .0037685     3.07   0.002     .0041686    .0189477
  pctblk1990 |  -.0323294   .0266854    -1.21   0.226    -.0846551    .0199962
pctunivp1990 |    .135204   .1376753     0.98   0.326    -.1347549    .4051629
  pctHSp1990 |   .0731962   .1238075     0.59   0.554    -.1695703    .3159626
pctbelo~1990 |   .0689333   .0987973     0.70   0.485    -.1247922    .2626588
medhhinc1990 |  -.0004793   .0009922    -0.48   0.629    -.0024248    .0014662
carnegie1_~r |   .0273487   .0564767     0.48   0.628    -.0833929    .1380904
frac_in_en~g |  -.3428605   .5514766    -0.62   0.534    -1.424217    .7384958
npatent1980s |    .000984   .0025465     0.39   0.699    -.0040093    .0059773
      frprof |  -.0683542   .0893997    -0.76   0.445    -.2436525    .1069441
  pct65p1990 |   .0549195   .0928782     0.59   0.554    -.1271997    .2370386
    netmig95 |  -.0017291    .001513    -1.14   0.253    -.0046958    .0012375
change_tot~p |   .0020866   .0271976     0.08   0.939    -.0512434    .0554167
change_pct~k |    .270793   .1451944     1.87   0.062    -.0139097    .5554956
change_pc~vp |  -.2124277    .280653    -0.76   0.449    -.7627426    .3378873
change_pc~Sp |   .0750479   .2188133     0.34   0.732    -.3540094    .5041053
change_pct65 |   .0074562   .2331117     0.03   0.974    -.4496381    .4645505
change_net~g |   -.002034   .0016519    -1.23   0.218    -.0052731    .0012051
   iv_bartik |   .2681147   .1809672     1.48   0.139    -.0867326     .622962
  ivd_bartik |   .4084523   .7077611     0.58   0.564    -.9793525    1.796257
       _cons |  -.0997988   .0851688    -1.17   0.241    -.2668011    .0672034
------------------------------------------------------------------------------

                                                        Number of obs =  2,743
                                                        F(26, 2716)   = 175.35
                                                        Prob > F      = 0.0000
                                                        R-squared     = 0.9272
                                                        Adj R-squared = 0.9265
                                                        Root MSE      = 0.0091

------------------------------------------------------------------------------
             |               Robust
educ_inc_i.. | Coefficient  std. err.      t    P>|t|     [95% conf. interval]
-------------+----------------------------------------------------------------
 highinc2000 |   .0012629   .0007363     1.72   0.086    -.0001808    .0027066
higheduc2000 |  -.0019044   .0007708    -2.47   0.014    -.0034158    -.000393
 highind2000 |   .0000125   .0001115     0.11   0.911    -.0002062    .0002313
 highpop2000 |    .000292   .0005276     0.55   0.580    -.0007425    .0013264
     allhigh |  -.0334804   .0629356    -0.53   0.595    -.1568869    .0899261
    avgdmest |   .0001576   .0002659     0.59   0.554    -.0003639     .000679
       lnpop |  -.0003458   .0001861    -1.86   0.063    -.0007106     .000019
  pctblk1990 |   .0022775   .0011004     2.07   0.039     .0001198    .0044352
pctunivp1990 |   .0208692   .0112756     1.85   0.064    -.0012405    .0429789
  pctHSp1990 |  -.0019469   .0034943    -0.56   0.577    -.0087986    .0049048
pctbelo~1990 |  -.0182974   .0066788    -2.74   0.006    -.0313935   -.0052012
medhhinc1990 |  -.0004323   .0001497    -2.89   0.004    -.0007258   -.0001387
carnegie1_~r |  -.0017345   .0024761    -0.70   0.484    -.0065898    .0031207
frac_in_en~g |  -.0198311   .0249915    -0.79   0.428    -.0688354    .0291731
npatent1980s |   .0026211   .0012628     2.08   0.038      .000145    .0050972
      frprof |   .0048589   .0046101     1.05   0.292    -.0041807    .0138985
  pct65p1990 |   -.022473   .0073029    -3.08   0.002    -.0367927   -.0081533
    netmig95 |  -.0002558   .0005952    -0.43   0.667    -.0014229    .0009112
change_tot~p |   .0011144   .0015784     0.71   0.480    -.0019805    .0042093
change_pct~k |   .0020275    .011429     0.18   0.859    -.0203828    .0244378
change_pc~vp |   .0001678   .0171089     0.01   0.992    -.0333799    .0337155
change_pc~Sp |  -.0026538   .0060003    -0.44   0.658    -.0144195    .0091118
change_pct65 |   .0011006    .012025     0.09   0.927    -.0224784    .0246797
change_net~g |  -.0006547   .0006702    -0.98   0.329    -.0019688    .0006594
   iv_bartik |   .0009914     .00153     0.65   0.517    -.0020087    .0039915
  ivd_bartik |   1.338252   .5054672     2.65   0.008     .3471126    2.329391
       _cons |   .0160593   .0051685     3.11   0.002     .0059247    .0261939
------------------------------------------------------------------------------


Instrumental variables LIML regression            Number of obs   =      2,743
                                                  Wald chi2(26)   =     358.04
                                                  Prob > chi2     =     0.0000
                                                  R-squared       =     0.0637
                                                  Root MSE        =     .07802

------------------------------------------------------------------------------
             |               Robust
    wagediff | Coefficient  std. err.      z    P>|z|     [95% conf. interval]
-------------+----------------------------------------------------------------
surv_deep~00 |  -.1217817   .2891643    -0.42   0.674    -.6885332    .4449699
educ_inc_i.. |   1.920566   .8584136     2.24   0.025     .2381067    3.603026
 highinc2000 |  -.0076258   .0051898    -1.47   0.142    -.0177977    .0025461
higheduc2000 |   -.003628   .0062938    -0.58   0.564    -.0159636    .0087076
 highind2000 |   .0116888   .0055625     2.10   0.036     .0007865     .022591
 highpop2000 |   .0044188   .0074264     0.60   0.552    -.0101367    .0189742
     allhigh |  -.2273053   .1137355    -2.00   0.046    -.4502228   -.0043877
    avgdmest |  -.0207599    .007211    -2.88   0.004    -.0348932   -.0066267
       lnpop |  -.0046806     .00407    -1.15   0.250    -.0126576    .0032965
  pctblk1990 |   .0055205   .0151957     0.36   0.716    -.0242626    .0353035
pctunivp1990 |   .5506083   .1049169     5.25   0.000     .3449749    .7562417
  pctHSp1990 |  -.1199938   .0584586    -2.05   0.040    -.2345705   -.0054172
pctbelo~1990 |  -.1147078   .0530578    -2.16   0.031    -.2186992   -.0107165
medhhinc1990 |    .000288   .0007988     0.36   0.718    -.0012777    .0018536
carnegie1_~r |   .0333645   .0578614     0.58   0.564    -.0800418    .1467708
frac_in_en~g |  -.0755889   .4229751    -0.18   0.858    -.9046049     .753427
npatent1980s |   .0051134   .0047176     1.08   0.278    -.0041329    .0143597
      frprof |  -.0661809   .0601926    -1.10   0.272    -.1841562    .0517944
  pct65p1990 |   .0717752   .0571123     1.26   0.209    -.0401629    .1837132
    netmig95 |   .0044876   .0028874     1.55   0.120    -.0011717    .0101468
change_tot~p |   .0680827   .0159778     4.26   0.000     .0367668    .0993986
change_pct~k |   .0478449   .1090964     0.44   0.661    -.1659801    .2616698
change_pc~vp |   .7751561   .1735961     4.47   0.000      .434914    1.115398
change_pc~Sp |   .0064454   .1013148     0.06   0.949    -.1921279    .2050187
change_pct65 |  -.4870063     .12667    -3.84   0.000    -.7352749   -.2387378
change_net~g |   .0043415   .0034346     1.26   0.206    -.0023901    .0110731
       _cons |   .2980414    .050809     5.87   0.000     .1984575    .3976252
------------------------------------------------------------------------------
Instrumented: surv_deeppost00 educ_inc_ind_pop_dum_surv_deep00
 Instruments: highinc2000 higheduc2000 highind2000 highpop2000 allhigh
              avgdmest lnpop pctblk1990 pctunivp1990 pctHSp1990
              pctbelowPL1990 medhhinc1990 carnegie1_enr frac_in_eng_prog
              npatent1980s frprof pct65p1990 netmig95 change_totalpop
              change_pctblk change_pctunivp change_pctHSp change_pct65
              change_netmig iv_bartik ivd_bartik

. 
. di _n "--- Col 7: ARPANET interacted ---"

--- Col 7: ARPANET interacted ---

. cap noi ivregress gmm wagediff (surv_deeppost00 educ_inc_ind_pop_dum_surv_dee
> p00=iv_num_a ivd_num_a) highinc2000 higheduc2000 highind2000 highpop2000 allh
> igh $controls $change, first vce(robust)

First-stage regressions
-----------------------

                                                        Number of obs =  2,743
                                                        F(25, 2717)   =  10.42
                                                        Prob > F      = 0.0000
                                                        R-squared     = 0.0226
                                                        Adj R-squared = 0.0136
                                                        Root MSE      = 0.1323

------------------------------------------------------------------------------
             |               Robust
surv_deep~00 | Coefficient  std. err.      t    P>|t|     [95% conf. interval]
-------------+----------------------------------------------------------------
 highinc2000 |   .0025901   .0075708     0.34   0.732     -.012255    .0174351
higheduc2000 |  -.0100422   .0088058    -1.14   0.254     -.027309    .0072246
 highind2000 |   .0140625   .0076976     1.83   0.068    -.0010312    .0291561
 highpop2000 |  -.0156249    .007412    -2.11   0.035    -.0301585   -.0010912
     allhigh |   .0166469   .0079011     2.11   0.035     .0011542    .0321397
       lnpop |   .0118288   .0036502     3.24   0.001     .0046714    .0189863
  pctblk1990 |  -.0323197   .0269003    -1.20   0.230    -.0850668    .0204273
pctunivp1990 |   .1536226   .1345314     1.14   0.254    -.1101716    .4174169
  pctHSp1990 |   .0755213   .1236548     0.61   0.541    -.1669457    .3179883
pctbelo~1990 |   .0637702   .0976392     0.65   0.514    -.1276843    .2552248
medhhinc1990 |  -.0004095    .000975    -0.42   0.675    -.0023213    .0015023
carnegie1_~r |   .0279832   .0564462     0.50   0.620    -.0826985     .138665
frac_in_en~g |  -.3577843   .5531449    -0.65   0.518    -1.442412     .726843
npatent1980s |   .0010032   .0026561     0.38   0.706     -.004205    .0062114
      frprof |  -.0852519   .0882835    -0.97   0.334    -.2583616    .0878577
  pct65p1990 |   .0571993   .0925057     0.62   0.536    -.1241893    .2385879
    netmig95 |  -.0019807    .001538    -1.29   0.198    -.0049966    .0010351
change_tot~p |  -.0035907   .0271236    -0.13   0.895    -.0567755    .0495942
change_pct~k |   .2631082   .1457138     1.81   0.071    -.0226129    .5488292
change_pc~vp |  -.1950421   .2808884    -0.69   0.488    -.7458187    .3557344
change_pc~Sp |    .091792   .2196409     0.42   0.676     -.338888    .5224721
change_pct65 |  -.0154337   .2330611    -0.07   0.947    -.4724287    .4415613
change_net~g |  -.0023818   .0016877    -1.41   0.158    -.0056911    .0009275
iv_num_arp~s |   .0116446    .017209     0.68   0.499    -.0220995    .0453887
   ivd_num_a |  -.0077657   .0174101    -0.45   0.656     -.041904    .0263727
       _cons |  -.0727351   .0819108    -0.89   0.375    -.2333488    .0878785
------------------------------------------------------------------------------

                                                        Number of obs =  2,743
                                                        F(25, 2717)   = 171.35
                                                        Prob > F      = 0.0000
                                                        R-squared     = 0.9248
                                                        Adj R-squared = 0.9241
                                                        Root MSE      = 0.0092

------------------------------------------------------------------------------
             |               Robust
educ_inc_i.. | Coefficient  std. err.      t    P>|t|     [95% conf. interval]
-------------+----------------------------------------------------------------
 highinc2000 |   .0006845   .0007071     0.97   0.333     -.000702     .002071
higheduc2000 |  -.0028608   .0008046    -3.56   0.000    -.0044386   -.0012831
 highind2000 |  -.0000798   .0001224    -0.65   0.515    -.0003199    .0001603
 highpop2000 |   .0003135   .0005659     0.55   0.580    -.0007962    .0014232
     allhigh |   .1315056   .0037204    35.35   0.000     .1242104    .1388008
       lnpop |  -.0002866   .0001682    -1.70   0.089    -.0006164    .0000433
  pctblk1990 |   .0019141   .0011166     1.71   0.087    -.0002753    .0041035
pctunivp1990 |   .0360418   .0116445     3.10   0.002     .0132089    .0588747
  pctHSp1990 |  -.0073724   .0037279    -1.98   0.048    -.0146821   -.0000627
pctbelo~1990 |  -.0145988   .0067357    -2.17   0.030    -.0278063   -.0013912
medhhinc1990 |  -.0003025   .0001485    -2.04   0.042    -.0005937   -.0000114
carnegie1_~r |  -.0025449   .0029436    -0.86   0.387    -.0083168     .003227
frac_in_en~g |   -.028314   .0276595    -1.02   0.306    -.0825498    .0259218
npatent1980s |   .0027834   .0012305     2.26   0.024     .0003705    .0051962
      frprof |   .0028072   .0048327     0.58   0.561    -.0066689    .0122833
  pct65p1990 |  -.0181891   .0078597    -2.31   0.021    -.0336007   -.0027774
    netmig95 |  -.0009568   .0006146    -1.56   0.120     -.002162    .0002485
change_tot~p |   .0000418   .0016897     0.02   0.980    -.0032713    .0033549
change_pct~k |  -.0005121   .0115391    -0.04   0.965    -.0231385    .0221142
change_pc~vp |    .007364   .0173642     0.42   0.672    -.0266843    .0414124
change_pc~Sp |  -.0051355   .0063289    -0.81   0.417    -.0175455    .0072745
change_pct65 |  -.0101921   .0119013    -0.86   0.392    -.0335287    .0131445
change_net~g |  -.0015171   .0006988    -2.17   0.030    -.0028874   -.0001468
iv_num_arp~s |    -.00116   .0008961    -1.29   0.196    -.0029171    .0005972
   ivd_num_a |   .0072099   .0032609     2.21   0.027     .0008159    .0136039
       _cons |   .0139968   .0052317     2.68   0.008     .0037382    .0242553
------------------------------------------------------------------------------


Instrumental variables GMM regression             Number of obs   =      2,743
                                                  Wald chi2(25)   =     326.61
                                                  Prob > chi2     =     0.0000
                                                  R-squared       =     0.0353
GMM weight matrix: Robust                         Root MSE        =     .07919

------------------------------------------------------------------------------
             |               Robust
    wagediff | Coefficient  std. err.      z    P>|z|     [95% conf. interval]
-------------+----------------------------------------------------------------
surv_deep~00 |  -.0723504   .7286789    -0.10   0.921    -1.500535    1.355834
educ_inc_i.. |   3.007713   1.289773     2.33   0.020      .479805    5.535622
 highinc2000 |  -.0081034   .0055938    -1.45   0.147    -.0190669    .0028602
higheduc2000 |   .0001507   .0097147     0.02   0.988    -.0188897    .0191911
 highind2000 |   .0109855   .0109295     1.01   0.315    -.0104359    .0324069
 highpop2000 |   .0065361   .0124382     0.53   0.599    -.0178423    .0309145
     allhigh |  -.3719373   .1698384    -2.19   0.029    -.7048144   -.0390602
       lnpop |  -.0060035    .008928    -0.67   0.501     -.023502     .011495
  pctblk1990 |   .0019185   .0271723     0.07   0.944    -.0513381    .0551752
pctunivp1990 |   .4963199   .1595096     3.11   0.002     .1836869     .808953
  pctHSp1990 |  -.1034085   .0762222    -1.36   0.175    -.2528013    .0459842
pctbelo~1990 |   -.089516   .0712791    -1.26   0.209    -.2292204    .0501885
medhhinc1990 |   .0007163   .0009307     0.77   0.441    -.0011077    .0025404
carnegie1_~r |   .0380894   .0605294     0.63   0.529    -.0805461    .1567249
frac_in_en~g |   -.051271    .505776    -0.10   0.919    -1.042574    .9400318
npatent1980s |   .0013058   .0055574     0.23   0.814    -.0095865    .0121981
      frprof |  -.0584013   .0849226    -0.69   0.492    -.2248465    .1080439
  pct65p1990 |   .1029999   .0730163     1.41   0.158    -.0401095    .2461092
    netmig95 |   .0053867   .0031272     1.72   0.085    -.0007426    .0115159
change_tot~p |   .0646604   .0164358     3.93   0.000     .0324469    .0968739
change_pct~k |   .0354794   .2035602     0.17   0.862    -.3634912      .43445
change_pc~vp |   .7772635    .221477     3.51   0.000     .3431767     1.21135
change_pc~Sp |   .0222092   .1185494     0.19   0.851    -.2101433    .2545618
change_pct65 |    -.46384   .1286419    -3.61   0.000    -.7159735   -.2117065
change_net~g |   .0058037   .0037023     1.57   0.117    -.0014528    .0130602
       _cons |    .276474   .0727804     3.80   0.000      .133827     .419121
------------------------------------------------------------------------------
Instrumented: surv_deeppost00 educ_inc_ind_pop_dum_surv_deep00
 Instruments: highinc2000 higheduc2000 highind2000 highpop2000 allhigh lnpop
              pctblk1990 pctunivp1990 pctHSp1990 pctbelowPL1990 medhhinc1990
              carnegie1_enr frac_in_eng_prog npatent1980s frprof pct65p1990
              netmig95 change_totalpop change_pctblk change_pctunivp
              change_pctHSp change_pct65 change_netmig iv_num_arpanet_nodes
              ivd_num_a

. 
. di _n "--- Col 8: All IVs interacted ---"

--- Col 8: All IVs interacted ---

. cap noi ivregress liml wagediff (surv_deeppost00 educ_inc_ind_pop_dum_surv_de
> ep00= iv_othcprogrammerswt iv_num_a iv_bartik ivd_othcp ivd_num_a ivd_bartik)
>  highinc2000 higheduc2000 highind2000 highpop2000 allhigh avgdmest $controls 
> $change, first vce(robust)

First-stage regressions
-----------------------

                                                        Number of obs =  2,743
                                                        F(30, 2712)   =  10.64
                                                        Prob > F      = 0.0000
                                                        R-squared     = 0.0304
                                                        Adj R-squared = 0.0197
                                                        Root MSE      = 0.1319

------------------------------------------------------------------------------
             |               Robust
surv_deep~00 | Coefficient  std. err.      t    P>|t|     [95% conf. interval]
-------------+----------------------------------------------------------------
 highinc2000 |   .0017447   .0075427     0.23   0.817    -.0130452    .0165346
higheduc2000 |  -.0105841   .0089209    -1.19   0.236    -.0280765    .0069084
 highind2000 |   .0112203   .0079176     1.42   0.157    -.0043049    .0267456
 highpop2000 |  -.0161074   .0073707    -2.19   0.029    -.0305601   -.0016546
     allhigh |   .0038924   .0875673     0.04   0.965    -.1678129    .1755978
    avgdmest |  -.0251408   .0142179    -1.77   0.077    -.0530198    .0027381
       lnpop |   .0103429   .0038097     2.71   0.007     .0028727    .0178132
  pctblk1990 |  -.0357779     .02673    -1.34   0.181    -.0881911    .0166353
pctunivp1990 |   .1186021   .1382192     0.86   0.391    -.1524234    .3896276
  pctHSp1990 |   .0695733   .1236309     0.56   0.574    -.1728469    .3119935
pctbelo~1990 |   .0650499   .0984518     0.66   0.509    -.1279983    .2580981
medhhinc1990 |  -.0003766   .0009976    -0.38   0.706    -.0023328    .0015796
carnegie1_~r |   .0280131   .0576997     0.49   0.627    -.0851267    .1411529
frac_in_en~g |  -.2905995    .546225    -0.53   0.595    -1.361659    .7804599
npatent1980s |   .0008305   .0025111     0.33   0.741    -.0040933    .0057543
      frprof |  -.0665095   .0897189    -0.74   0.459    -.2424338    .1094148
  pct65p1990 |   .0512749   .0923991     0.55   0.579    -.1299048    .2324547
    netmig95 |  -.0018177   .0015236    -1.19   0.233    -.0048051    .0011698
change_tot~p |   .0052736   .0269461     0.20   0.845    -.0475633    .0581105
change_pct~k |   .2803027   .1462285     1.92   0.055    -.0064279    .5670333
change_pc~vp |  -.2191359   .2808463    -0.78   0.435    -.7698304    .3315586
change_pc~Sp |   .0774352   .2183495     0.35   0.723     -.350713    .5055834
change_pct65 |  -.0166222   .2320238    -0.07   0.943    -.4715835     .438339
change_net~g |   -.002152   .0016637    -1.29   0.196    -.0054142    .0011102
iv_othcpro~t |   .0001573   .0000495     3.18   0.001     .0000603    .0002543
iv_num_arp~s |   .0078165   .0174465     0.45   0.654    -.0263933    .0420263
   iv_bartik |   .2359031   .1822515     1.29   0.196    -.1214628     .593269
   ivd_othcp |   .0000266   .0001313     0.20   0.840    -.0002309    .0002841
   ivd_num_a |  -.0041606   .0176288    -0.24   0.813    -.0387279    .0304067
  ivd_bartik |    .059902   .7373503     0.08   0.935    -1.385923    1.505727
       _cons |  -.0819163   .0853089    -0.96   0.337    -.2491934    .0853607
------------------------------------------------------------------------------

                                                        Number of obs =  2,743
                                                        F(30, 2712)   = 160.44
                                                        Prob > F      = 0.0000
                                                        R-squared     = 0.9306
                                                        Adj R-squared = 0.9298
                                                        Root MSE      = 0.0089

------------------------------------------------------------------------------
             |               Robust
educ_inc_i.. | Coefficient  std. err.      t    P>|t|     [95% conf. interval]
-------------+----------------------------------------------------------------
 highinc2000 |   .0010889    .000679     1.60   0.109    -.0002426    .0024203
higheduc2000 |  -.0015435   .0006997    -2.21   0.027    -.0029156   -.0001714
 highind2000 |   .0000545   .0001058     0.52   0.606    -.0001528    .0002619
 highpop2000 |   .0005511   .0005152     1.07   0.285    -.0004592    .0015614
     allhigh |   .0045205   .0615787     0.07   0.941    -.1162254    .1252665
    avgdmest |  -.0000456   .0002817    -0.16   0.871     -.000598    .0005068
       lnpop |  -.0003005   .0001781    -1.69   0.092    -.0006498    .0000488
  pctblk1990 |   .0013575   .0011098     1.22   0.221    -.0008186    .0035336
pctunivp1990 |   .0188909   .0108785     1.74   0.083    -.0024401    .0402218
  pctHSp1990 |  -.0021553   .0034584    -0.62   0.533    -.0089366     .004626
pctbelo~1990 |  -.0140136   .0061752    -2.27   0.023    -.0261221    -.001905
medhhinc1990 |  -.0003521   .0001375    -2.56   0.011    -.0006217   -.0000824
carnegie1_~r |  -.0015753   .0022944    -0.69   0.492    -.0060742    .0029236
frac_in_en~g |  -.0145221   .0231115    -0.63   0.530      -.05984    .0307957
npatent1980s |   .0020856    .001129     1.85   0.065    -.0001283    .0042994
      frprof |   .0021617   .0047432     0.46   0.649    -.0071389    .0114622
  pct65p1990 |  -.0197695    .006892    -2.87   0.004    -.0332837   -.0062553
    netmig95 |  -.0005058   .0005808    -0.87   0.384    -.0016448    .0006331
change_tot~p |   .0008869   .0015738     0.56   0.573    -.0021991    .0039728
change_pct~k |  -.0000844   .0116159    -0.01   0.994    -.0228614    .0226926
change_pc~vp |   .0037386   .0146381     0.26   0.798    -.0249642    .0324415
change_pc~Sp |  -.0037983   .0057639    -0.66   0.510    -.0151004    .0075039
change_pct65 |  -.0017942   .0111478    -0.16   0.872    -.0236533    .0200649
change_net~g |  -.0009469   .0006614    -1.43   0.152    -.0022438      .00035
iv_othcpro~t |  -3.58e-07   4.38e-07    -0.82   0.414    -1.22e-06    5.01e-07
iv_num_arp~s |  -.0002244   .0007034    -0.32   0.750    -.0016036    .0011548
   iv_bartik |   .0011126   .0013781     0.81   0.420    -.0015897    .0038149
   ivd_othcp |   .0001827   .0001121     1.63   0.103    -.0000372    .0004026
   ivd_num_a |   .0049086   .0028896     1.70   0.089    -.0007575    .0105747
  ivd_bartik |   .8730488   .5213509     1.67   0.094    -.1492364    1.895334
       _cons |   .0139446    .004785     2.91   0.004     .0045619    .0233273
------------------------------------------------------------------------------


Instrumental variables LIML regression            Number of obs   =      2,743
                                                  Wald chi2(26)   =     369.82
                                                  Prob > chi2     =     0.0000
                                                  R-squared       =     0.0632
                                                  Root MSE        =     .07804

------------------------------------------------------------------------------
             |               Robust
    wagediff | Coefficient  std. err.      z    P>|z|     [95% conf. interval]
-------------+----------------------------------------------------------------
surv_deep~00 |    .179113   .1654079     1.08   0.279    -.1450806    .5033066
educ_inc_i.. |   1.374133   .5992239     2.29   0.022      .199676     2.54859
 highinc2000 |  -.0080039   .0050165    -1.60   0.111     -.017836    .0018282
higheduc2000 |  -.0022476   .0053139    -0.42   0.672    -.0126626    .0081674
 highind2000 |   .0073661   .0041703     1.77   0.077    -.0008075    .0155398
 highpop2000 |   .0091496   .0068428     1.34   0.181     -.004262    .0225613
     allhigh |  -.1600095   .0801035    -2.00   0.046    -.3170095   -.0030095
    avgdmest |  -.0175283    .006834    -2.56   0.010    -.0309227    -.004134
       lnpop |  -.0085863   .0031762    -2.70   0.007    -.0148115   -.0023611
  pctblk1990 |   .0157669   .0135192     1.17   0.244    -.0107303     .042264
pctunivp1990 |    .524216   .0919877     5.70   0.000     .3439234    .7045086
  pctHSp1990 |  -.1446958   .0563143    -2.57   0.010    -.2550697   -.0343219
pctbelo~1990 |  -.1397413   .0503741    -2.77   0.006    -.2384726   -.0410099
medhhinc1990 |    .000256    .000744     0.34   0.731    -.0012023    .0017142
carnegie1_~r |   .0240253   .0424983     0.57   0.572    -.0592698    .1073205
frac_in_en~g |   .0151252   .3288277     0.05   0.963    -.6293652    .6596155
npatent1980s |   .0066741   .0039717     1.68   0.093    -.0011103    .0144585
      frprof |  -.0383593   .0573529    -0.67   0.504     -.150769    .0740503
  pct65p1990 |   .0468847   .0533859     0.88   0.380    -.0577497    .1515192
    netmig95 |   .0046687     .00282     1.66   0.098    -.0008584    .0101957
change_tot~p |   .0685783   .0158613     4.32   0.000     .0374907    .0996659
change_pct~k |  -.0331325   .0917967    -0.36   0.718    -.2130508    .1467858
change_pc~vp |   .8401316   .1692169     4.96   0.000     .5084725    1.171791
change_pc~Sp |  -.0214075   .0991413    -0.22   0.829    -.2157209    .1729059
change_pct65 |  -.4861549   .1254438    -3.88   0.000    -.7320203   -.2402896
change_net~g |   .0043734   .0032837     1.33   0.183    -.0020626    .0108094
       _cons |   .3263088   .0493844     6.61   0.000     .2295173    .4231004
------------------------------------------------------------------------------
Instrumented: surv_deeppost00 educ_inc_ind_pop_dum_surv_deep00
 Instruments: highinc2000 higheduc2000 highind2000 highpop2000 allhigh
              avgdmest lnpop pctblk1990 pctunivp1990 pctHSp1990
              pctbelowPL1990 medhhinc1990 carnegie1_enr frac_in_eng_prog
              npatent1980s frprof pct65p1990 netmig95 change_totalpop
              change_pctblk change_pctunivp change_pctHSp change_pct65
              change_netmig iv_othcprogrammerswt iv_num_arpanet_nodes
              iv_bartik ivd_othcp ivd_num_a ivd_bartik

. 
. log close t4
      name:  t4
       log:  C:/Users/Usuario/Documents/GitHub/twfe_survey/replications/2010-20
> 12/Forman et al. (2012)/full/table4.log
  log type:  text
 closed on:   6 May 2026, 01:00:32
-------------------------------------------------------------------------------

. 
. * ===========================================================================
> ==
. * TABLE 5: Additional Outcomes (employment, establishments, 1999-2005)
. * ===========================================================================
> ==
. di _n "===== TABLE 5: Additional Outcomes ====="

===== TABLE 5: Additional Outcomes =====

. log using "$outdir/table5.log", text replace name(t5)
(file
    C:/Users/Usuario/Documents/GitHub/twfe_survey/replications/2010-2012/Form
    > an et al. (2012)/full/table5.log not found)
-------------------------------------------------------------------------------
      name:  t5
       log:  C:/Users/Usuario/Documents/GitHub/twfe_survey/replications/2010-20
> 12/Forman et al. (2012)/full/table5.log
  log type:  text
 opened on:   6 May 2026, 01:00:32

. 
. use countygrowth, clear

. 
. di _n "--- Col 1: Employment growth ---"

--- Col 1: Employment growth ---

. regress empdiff surv_deeppost00 indivhomeinternet00_cty missing $controls $ch
> ange, robust

Linear regression                               Number of obs     =      2,743
                                                F(21, 2721)       =      70.58
                                                Prob > F          =     0.0000
                                                R-squared         =     0.3174
                                                Root MSE          =     .10661

------------------------------------------------------------------------------
             |               Robust
     empdiff | Coefficient  std. err.      t    P>|t|     [95% conf. interval]
-------------+----------------------------------------------------------------
surv_deep~00 |  -.0190114   .0164415    -1.16   0.248    -.0512505    .0132278
indivhomei~y |   .0259917   .0409774     0.63   0.526    -.0543582    .1063416
     missing |   .0117662   .0191107     0.62   0.538    -.0257068    .0492392
       lnpop |   .0063248   .0027837     2.27   0.023     .0008664    .0117831
  pctblk1990 |   -.052038   .0203165    -2.56   0.010    -.0918753   -.0122006
pctunivp1990 |  -.0672323   .1058945    -0.63   0.526     -.274874    .1404095
  pctHSp1990 |   .2254729   .0957312     2.36   0.019     .0377596    .4131862
pctbelo~1990 |   .0595786   .0747576     0.80   0.426    -.0870088    .2061661
medhhinc1990 |   -.000038   .0007274    -0.05   0.958    -.0014643    .0013884
carnegie1_~r |  -.0023942   .0365208    -0.07   0.948    -.0740055    .0692172
frac_in_en~g |   .6222216   .3273692     1.90   0.057    -.0196957    1.264139
npatent1980s |  -.0097708   .0030288    -3.23   0.001    -.0157098   -.0038318
      frprof |   .5025175   .0753857     6.67   0.000     .3546985    .6503365
  pct65p1990 |  -.1165342   .0731831    -1.59   0.111    -.2600344    .0269659
    netmig95 |   .0098116   .0020884     4.70   0.000     .0057166    .0139066
change_tot~p |   .3764613   .0216828    17.36   0.000     .3339448    .4189777
change_pct~k |  -.2130874   .1214125    -1.76   0.079    -.4511574    .0249827
change_pc~vp |   .9160399   .2556026     3.58   0.000     .4148451    1.417235
change_pc~Sp |    .042233    .174364     0.24   0.809    -.2996662    .3841322
change_pct65 |  -.1730356   .1831544    -0.94   0.345    -.5321715    .1861003
change_net~g |   .0118027   .0025909     4.56   0.000     .0067223     .016883
       _cons |  -.3146865   .0722813    -4.35   0.000    -.4564184   -.1729547
------------------------------------------------------------------------------

. 
. di _n "--- Col 2: Employment + allhigh ---"

--- Col 2: Employment + allhigh ---

. regress empdiff surv_deeppost00 highinc2000 higheduc2000 highind2000 highpop2
> 000 allhigh2000 educ_inc_ind_pop_dum_surv_deep00 $controls $change, robust

Linear regression                               Number of obs     =      2,743
                                                F(25, 2717)       =      63.01
                                                Prob > F          =     0.0000
                                                R-squared         =     0.3181
                                                Root MSE          =     .10663

------------------------------------------------------------------------------
             |               Robust
     empdiff | Coefficient  std. err.      t    P>|t|     [95% conf. interval]
-------------+----------------------------------------------------------------
surv_deep~00 |  -.0205709   .0166095    -1.24   0.216    -.0531394    .0119976
 highinc2000 |  -.0072736   .0069299    -1.05   0.294     -.020862    .0063148
higheduc2000 |  -.0023311   .0068627    -0.34   0.734    -.0157877    .0111255
 highind2000 |   .0025865   .0050584     0.51   0.609    -.0073322    .0125052
 highpop2000 |  -.0115594   .0077891    -1.48   0.138    -.0268326    .0037138
 allhigh2000 |  -.0218926   .0160476    -1.36   0.173    -.0533594    .0095742
educ_inc_i.. |   .2024932   .1096325     1.85   0.065    -.0124783    .4174647
       lnpop |   .0079329   .0032555     2.44   0.015     .0015494    .0143165
  pctblk1990 |  -.0523196   .0203607    -2.57   0.010    -.0922437   -.0123955
pctunivp1990 |  -.0579455   .1087074    -0.53   0.594    -.2711031    .1552121
  pctHSp1990 |   .2298776   .0959286     2.40   0.017     .0417773     .417978
pctbelo~1990 |   .0768723   .0741909     1.04   0.300     -.068604    .2223486
medhhinc1990 |   .0005067    .000786     0.64   0.519    -.0010345    .0020479
carnegie1_~r |   -.003465   .0364181    -0.10   0.924    -.0748749    .0679449
frac_in_en~g |   .6327953   .3292003     1.92   0.055     -.012713    1.278304
npatent1980s |  -.0105843   .0028397    -3.73   0.000    -.0161525   -.0050162
      frprof |   .4988525   .0767071     6.50   0.000     .3484424    .6492626
  pct65p1990 |  -.1067915    .073477    -1.45   0.146    -.2508679    .0372848
    netmig95 |    .010276   .0021159     4.86   0.000     .0061271    .0144249
change_tot~p |   .3772998   .0218581    17.26   0.000     .3344395      .42016
change_pct~k |  -.2064925   .1217561    -1.70   0.090    -.4452365    .0322515
change_pc~vp |   .9253008   .2565794     3.61   0.000     .4221902    1.428411
change_pc~Sp |   .0450128    .174097     0.26   0.796    -.2963631    .3863887
change_pct65 |  -.1687912   .1842815    -0.92   0.360    -.5301372    .1925549
change_net~g |   .0123724   .0026211     4.72   0.000     .0072327     .017512
       _cons |  -.3366178   .0722068    -4.66   0.000    -.4782035   -.1950321
------------------------------------------------------------------------------

. 
. * 1999-2005 wage growth
. use countyyear.dta, clear

. replace medhhinc1990=medhhinc1990/1000
(50,098 real changes made)

. replace npatent1980s=npatent1980s/1000
variable npatent1980s was int now float
(44,504 real changes made)

. replace netmig95=netmig95/1000
(43,712 real changes made)

. keep if year==2005|year==1999
(43,899 observations deleted)

. 
. sort county year

. gen wagediff=lnweekwage-lnweekwage[_n-1]
(31 missing values generated)

. gen empdiff=lnemp-lnemp[_n-1]
(31 missing values generated)

. gen estdiff=lnest-lnest[_n-1]
(1 missing value generated)

. replace change_netmig=netmig-netmig[_n-1]
(5,607 real changes made, 1,083 to missing)

. replace change_netmig=change_netmig/1000
(5,187 real changes made)

. keep if year==2005
(3,135 observations deleted)

. gen educ_inc_ind_pop_dum_surv_deep05=allhigh*surv_deeppost00
(396 missing values generated)

. 
. di _n "--- Col 3: Wage growth 1999-2005 ---"

--- Col 3: Wage growth 1999-2005 ---

. regress wagediff surv_deeppost00 indivhomeinternet00_cty missing $controls $c
> hange, robust
note: missing omitted because of collinearity.

Linear regression                               Number of obs     =      2,734
                                                F(20, 2713)       =       9.11
                                                Prob > F          =     0.0000
                                                R-squared         =     0.0596
                                                Root MSE          =     .07373

------------------------------------------------------------------------------
             |               Robust
    wagediff | Coefficient  std. err.      t    P>|t|     [95% conf. interval]
-------------+----------------------------------------------------------------
surv_dee~t00 |  -.0057066   .0132437    -0.43   0.667    -.0316753    .0202622
indivhomei~y |   .0322958   .0099471     3.25   0.001     .0127911    .0518006
     missing |          0  (omitted)
       lnpop |  -.0052037    .001853    -2.81   0.005    -.0088372   -.0015701
  pctblk1990 |  -.0022476   .0145191    -0.15   0.877    -.0307172    .0262219
pctunivp1990 |   .0212584   .0833644     0.26   0.799    -.1422057    .1847224
  pctHSp1990 |  -.3142745   .0710956    -4.42   0.000    -.4536815   -.1748674
pctbelo~1990 |  -.0787089   .0748931    -1.05   0.293    -.2255622    .0681445
medhhinc1990 |  -.0013634   .0006632    -2.06   0.040    -.0026639    -.000063
carnegie1_~r |  -.0531088    .044874    -1.18   0.237    -.1410995    .0348819
frac_in_en~g |    .400628   .3907649     1.03   0.305    -.3655989    1.166855
npatent1980s |  -.0043787    .002167    -2.02   0.043    -.0086279   -.0001295
      frprof |   .3122214   .0585734     5.33   0.000     .1973684    .4270744
  pct65p1990 |   .1444972   .0582543     2.48   0.013     .0302698    .2587245
    netmig95 |   -.000928   .0003621    -2.56   0.010    -.0016381   -.0002179
change_tot~p |   .0375632   .0146631     2.56   0.010     .0088112    .0663151
change_pct~k |  -.1531625   .0785178    -1.95   0.051    -.3071232    .0007981
change_pc~vp |  -.0277651   .1996457    -0.14   0.889    -.4192382    .3637079
change_pc~Sp |  -.4765816   .1127344    -4.23   0.000    -.6976356   -.2555275
change_pct65 |   .3167617   .1371866     2.31   0.021     .0477608    .5857626
change_net~g |  -.0006605    .000573    -1.15   0.249     -.001784    .0004631
       _cons |   .2841832   .0518508     5.48   0.000     .1825123    .3858542
------------------------------------------------------------------------------

. 
. di _n "--- Col 4: Wage growth 1999-2005 + allhigh ---"

--- Col 4: Wage growth 1999-2005 + allhigh ---

. regress wagediff surv_deeppost00 highinc higheduc highind highpop allhigh edu
> c_inc_ind_pop_dum_surv_deep05 $controls $change, robust

Linear regression                               Number of obs     =      2,734
                                                F(25, 2708)       =       7.10
                                                Prob > F          =     0.0000
                                                R-squared         =     0.0604
                                                Root MSE          =     .07377

------------------------------------------------------------------------------
             |               Robust
    wagediff | Coefficient  std. err.      t    P>|t|     [95% conf. interval]
-------------+----------------------------------------------------------------
surv_dee~t00 |  -.0053272   .0134118    -0.40   0.691    -.0316256    .0209713
     highinc |   .0067803    .004521     1.50   0.134    -.0020846    .0156451
    higheduc |   .0101385   .0049564     2.05   0.041     .0004198    .0198572
     highind |  -.0005332   .0039218    -0.14   0.892    -.0082233     .007157
     highpop |   .0087183     .00574     1.52   0.129    -.0025368    .0199735
     allhigh |   -.000246   .0145663    -0.02   0.987    -.0288082    .0283162
educ_inc_~05 |   .0007208   .1023325     0.01   0.994    -.1999369    .2013785
       lnpop |  -.0058984   .0022179    -2.66   0.008    -.0102474   -.0015495
  pctblk1990 |  -.0022688   .0146124    -0.16   0.877    -.0309213    .0263838
pctunivp1990 |  -.0329547   .0842779    -0.39   0.696    -.1982102    .1323009
  pctHSp1990 |  -.3162262   .0717855    -4.41   0.000     -.456986   -.1754663
pctbelo~1990 |  -.0785279   .0753387    -1.04   0.297    -.2262549    .0691992
medhhinc1990 |  -.0015834   .0007246    -2.19   0.029    -.0030043   -.0001624
carnegie1_~r |  -.0511799   .0442375    -1.16   0.247    -.1379226    .0355628
frac_in_en~g |   .3993774   .3926186     1.02   0.309     -.370485     1.16924
npatent1980s |  -.0042917   .0021299    -2.01   0.044    -.0084681   -.0001153
      frprof |   .3144095   .0597373     5.26   0.000     .1972743    .4315448
  pct65p1990 |   .1594534   .0582748     2.74   0.006     .0451858    .2737211
    netmig95 |  -.0009084   .0003445    -2.64   0.008    -.0015839    -.000233
change_tot~p |   .0368416   .0150318     2.45   0.014     .0073667    .0663164
change_pct~k |  -.1606094   .0790075    -2.03   0.042    -.3155305   -.0056883
change_pc~vp |  -.0546692    .198975    -0.27   0.784    -.4448274    .3354889
change_pc~Sp |  -.4802044   .1131338    -4.24   0.000    -.7020417   -.2583672
change_pct65 |   .3264522   .1385788     2.36   0.019     .0547213    .5981831
change_net~g |  -.0008208   .0005493    -1.49   0.135     -.001898    .0002563
       _cons |   .2972693   .0531697     5.59   0.000      .193012    .4015265
------------------------------------------------------------------------------

. 
. log close t5
      name:  t5
       log:  C:/Users/Usuario/Documents/GitHub/twfe_survey/replications/2010-20
> 12/Forman et al. (2012)/full/table5.log
  log type:  text
 closed on:   6 May 2026, 01:00:32
-------------------------------------------------------------------------------

. 
. di _n "===== ALL TABLES COMPLETE ====="

===== ALL TABLES COMPLETE =====

. 
. cap log close _all
