------------------------------------------------------------------------------------------------------------------------------------------------------------------------
      name:  <unnamed>
       log:  /Users/anzony.quisperojas/Documents/GitHub/twfe_survey/replications/2010-2012/Dinkelman (2011)/run_twowayfe.log
  log type:  text
 opened on:  26 Jun 2026, 12:55:39

. set more off

. 
. * --- Install packages ---
. cap which estout

. if _rc ssc install estout, replace

. cap which twowayfeweights

. if _rc ssc install twowayfeweights, replace

. 
. 
. 
. 
. /*==============================================================================
>   STEP 6: SAVE CLEAN PANEL DATA (G, T, D)
>   G = comm_id      (community numeric ID)
>   T = year         (year: 1996/2001)
>   D = D            (electrification binary)
>   Y = prop_emp_f   (proportion female employed)
> ==============================================================================*/
. 
. 
. /*==============================================================================
>   STEP 2: RESHAPE TO 2-PERIOD PANEL
> ==============================================================================*/
. 
. di _n "============================================================"

============================================================

. di "  STEP 2: RESHAPING TO 2-PERIOD PANEL"
  STEP 2: RESHAPING TO 2-PERIOD PANEL

. di "============================================================"
============================================================

. 
. use "$datadir/matched_censusdata.dta", clear

. keep if largearea == 1
(176 observations deleted)

. keep placecode0 dccode0 T mean_grad_new prop_emp_f0 prop_emp_f1 prop_emp_m0 prop_emp_m1 $x1

. 
. gen comm_id = _n

. scalar N_comm = _N

. 
. expand 2
(1,816 observations created)

. sort comm_id

. by comm_id: gen year = cond(_n == 1, 1996, 2001)

. 
. gen prop_emp_f = cond(year == 1996, prop_emp_f0, prop_emp_f1)

. gen prop_emp_m = cond(year == 1996, prop_emp_m0, prop_emp_m1)

. gen D = cond(year == 2001, T, 0)

. 
. xtset comm_id year, delta(5)

Panel variable: comm_id (strongly balanced)
 Time variable: year, 1996 to 2001
         Delta: 5 units

. di "Panel: " _N " obs = " scalar(N_comm) " communities x 2 periods"
Panel: 3632 obs = 1816 communities x 2 periods

. 
. * --- Levels TWFE regression ---
. di _n "--- TWFE levels regression ---"

--- TWFE levels regression ---

. reg prop_emp_f D i.comm_id i.year, cluster(placecode0)

Linear regression                               Number of obs     =      3,632
                                                F(1, 273)         =          .
                                                Prob > F          =          .
                                                R-squared         =     0.7893
                                                Root MSE          =     .04747

                           (Std. err. adjusted for 274 clusters in placecode0)
------------------------------------------------------------------------------
             |               Robust
  prop_emp_f | Coefficient  std. err.      t    P>|t|     [95% conf. interval]
-------------+----------------------------------------------------------------
           D |  -.0041982   .0070613    -0.59   0.553    -.0180997    .0097033
             |
     comm_id |
          2  |  -.1472176   1.51e-14 -9.7e+12   0.000    -.1472176   -.1472176
          3  |  -.1118426   1.51e-14 -7.4e+12   0.000    -.1118426   -.1118426
          4  |  -.1424728   1.51e-14 -9.4e+12   0.000    -.1424728   -.1424728
          5  |  -.1721101   1.51e-14 -1.1e+13   0.000    -.1721101   -.1721101
          6  |  -.1194366   .0035306   -33.83   0.000    -.1263874   -.1124859
          7  |  -.1486524   1.51e-14 -9.8e+12   0.000    -.1486524   -.1486524
          8  |  -.1370349   1.51e-14 -9.1e+12   0.000    -.1370349   -.1370349
          9  |   -.165153   1.51e-14 -1.1e+13   0.000     -.165153    -.165153
         10  |  -.1511689   1.51e-14 -1.0e+13   0.000    -.1511689   -.1511689
         11  |  -.1412604   1.51e-14 -9.3e+12   0.000    -.1412604   -.1412604
         12  |  -.1484901   1.51e-14 -9.8e+12   0.000    -.1484901   -.1484901
         13  |  -.1591444   1.51e-14 -1.1e+13   0.000    -.1591444   -.1591444
         14  |  -.1215559   .0035306   -34.43   0.000    -.1285066   -.1146051
         15  |  -.0994762   1.51e-14 -6.6e+12   0.000    -.0994762   -.0994762
         16  |  -.1516003   1.51e-14 -1.0e+13   0.000    -.1516003   -.1516003
         17  |  -.1489011   1.51e-14 -9.8e+12   0.000    -.1489011   -.1489011
         18  |  -.1624119   1.51e-14 -1.1e+13   0.000    -.1624119   -.1624119
         19  |  -.1503403   1.51e-14 -9.9e+12   0.000    -.1503403   -.1503403
         20  |  -.1295762   1.51e-14 -8.6e+12   0.000    -.1295762   -.1295762
         21  |  -.1639999   1.51e-14 -1.1e+13   0.000    -.1639999   -.1639999
         22  |  -.1607773   1.51e-14 -1.1e+13   0.000    -.1607773   -.1607773
         23  |  -.1200584   .0035306   -34.00   0.000    -.1270091   -.1131076
         24  |   -.079056   1.51e-14 -5.2e+12   0.000     -.079056    -.079056
         25  |  -.1222764   .0035306   -34.63   0.000    -.1292272   -.1153256
         26  |  -.1535772   1.51e-14 -1.0e+13   0.000    -.1535772   -.1535772
         27  |  -.1471825   1.51e-14 -9.7e+12   0.000    -.1471825   -.1471825
         28  |   -.154369   1.51e-14 -1.0e+13   0.000     -.154369    -.154369
         29  |  -.0797064   1.51e-14 -5.3e+12   0.000    -.0797064   -.0797064
         30  |  -.1207727   1.51e-14 -8.0e+12   0.000    -.1207727   -.1207727
         31  |   -.136411   1.51e-14 -9.0e+12   0.000     -.136411    -.136411
         32  |  -.1680969   1.51e-14 -1.1e+13   0.000    -.1680969   -.1680969
         33  |  -.1803747   1.51e-14 -1.2e+13   0.000    -.1803747   -.1803747
         34  |  -.0073716   1.51e-14 -4.9e+11   0.000    -.0073716   -.0073716
         35  |  -.0943449   1.51e-14 -6.2e+12   0.000    -.0943449   -.0943449
         36  |  -.1471128   1.51e-14 -9.7e+12   0.000    -.1471128   -.1471128
         37  |  -.1695354   1.51e-14 -1.1e+13   0.000    -.1695354   -.1695354
         38  |  -.1261778   1.51e-14 -8.3e+12   0.000    -.1261778   -.1261778
         39  |  -.1126372   1.51e-14 -7.4e+12   0.000    -.1126372   -.1126372
         40  |  -.1767487   1.51e-14 -1.2e+13   0.000    -.1767487   -.1767487
         41  |   -.060376   .0035306   -17.10   0.000    -.0673267   -.0534252
         42  |  -.1010192   1.51e-14 -6.7e+12   0.000    -.1010192   -.1010192
         43  |  -.0458645   1.51e-14 -3.0e+12   0.000    -.0458645   -.0458645
         44  |  -.1710786   1.51e-14 -1.1e+13   0.000    -.1710786   -.1710786
         45  |  -.1387456   1.51e-14 -9.2e+12   0.000    -.1387456   -.1387456
         46  |  -.1340962   1.51e-14 -8.9e+12   0.000    -.1340962   -.1340962
         47  |  -.1553178   1.51e-14 -1.0e+13   0.000    -.1553178   -.1553178
         48  |  -.0429995   .0035306   -12.18   0.000    -.0499503   -.0360488
         49  |  -.0027597   1.51e-14 -1.8e+11   0.000    -.0027597   -.0027597
         50  |  -.0846942   1.51e-14 -5.6e+12   0.000    -.0846942   -.0846942
         51  |  -.1541463   1.51e-14 -1.0e+13   0.000    -.1541463   -.1541463
         52  |  -.1231528   .0035306   -34.88   0.000    -.1301036   -.1162021
         53  |  -.0039449   1.51e-14 -2.6e+11   0.000    -.0039449   -.0039449
         54  |  -.0341391   1.51e-14 -2.3e+12   0.000    -.0341391   -.0341391
         55  |    .022134   1.51e-14  1.5e+12   0.000      .022134     .022134
         56  |    .093104   .0035306    26.37   0.000     .0861532    .1000547
         57  |  -.0554962   .0035306   -15.72   0.000     -.062447   -.0485455
         58  |  -.1265955   1.51e-14 -8.4e+12   0.000    -.1265955   -.1265955
         59  |  -.1109913   1.51e-14 -7.3e+12   0.000    -.1109913   -.1109913
         60  |   -.061094   1.51e-14 -4.0e+12   0.000     -.061094    -.061094
         61  |   .0267978   1.51e-14  1.8e+12   0.000     .0267978    .0267978
         62  |  -.0118585   1.51e-14 -7.8e+11   0.000    -.0118585   -.0118585
         63  |   .0019917   1.51e-14  1.3e+11   0.000     .0019917    .0019917
         64  |  -.1508865   1.51e-14 -1.0e+13   0.000    -.1508865   -.1508865
         65  |  -.1348798   1.51e-14 -8.9e+12   0.000    -.1348798   -.1348798
         66  |  -.1208223   1.51e-14 -8.0e+12   0.000    -.1208223   -.1208223
         67  |  -.1616705   1.51e-14 -1.1e+13   0.000    -.1616705   -.1616705
         68  |  -.1575316   1.51e-14 -1.0e+13   0.000    -.1575316   -.1575316
         69  |  -.1472558   1.51e-14 -9.7e+12   0.000    -.1472558   -.1472558
         70  |  -.1031416   .0035306   -29.21   0.000    -.1100923   -.0961908
         71  |   -.140113   1.51e-14 -9.3e+12   0.000     -.140113    -.140113
         72  |  -.1443967   1.51e-14 -9.5e+12   0.000    -.1443967   -.1443967
         73  |  -.0392528   1.51e-14 -2.6e+12   0.000    -.0392528   -.0392528
         74  |  -.1339221   1.51e-14 -8.8e+12   0.000    -.1339221   -.1339221
         75  |  -.1011117   1.51e-14 -6.7e+12   0.000    -.1011117   -.1011117
         76  |  -.0863287   1.51e-14 -5.7e+12   0.000    -.0863287   -.0863287
         77  |  -.1050823   1.51e-14 -6.9e+12   0.000    -.1050823   -.1050823
         78  |  -.1795264   1.51e-14 -1.2e+13   0.000    -.1795264   -.1795264
         79  |  -.1353108   1.51e-14 -8.9e+12   0.000    -.1353108   -.1353108
         80  |  -.1555577   1.51e-14 -1.0e+13   0.000    -.1555577   -.1555577
         81  |  -.1520163   1.51e-14 -1.0e+13   0.000    -.1520163   -.1520163
         82  |  -.1196253   1.51e-14 -7.9e+12   0.000    -.1196253   -.1196253
         83  |  -.1742111   1.51e-14 -1.2e+13   0.000    -.1742111   -.1742111
         84  |  -.1400425   .0035306   -39.66   0.000    -.1469932   -.1330917
         85  |  -.1656401   1.51e-14 -1.1e+13   0.000    -.1656401   -.1656401
         86  |  -.0956011   1.51e-14 -6.3e+12   0.000    -.0956011   -.0956011
         87  |  -.1087887   1.51e-14 -7.2e+12   0.000    -.1087887   -.1087887
         88  |  -.0754013   1.51e-14 -5.0e+12   0.000    -.0754013   -.0754013
         89  |  -.1290576   1.51e-14 -8.5e+12   0.000    -.1290576   -.1290576
         90  |   -.088544   .0035306   -25.08   0.000    -.0954947   -.0815932
         91  |  -.0919738   .0035306   -26.05   0.000    -.0989245    -.085023
         92  |  -.0764194   .0035306   -21.64   0.000    -.0833702   -.0694687
         93  |  -.1042418   .0035306   -29.52   0.000    -.1111925    -.097291
         94  |  -.1060891   .0035306   -30.05   0.000    -.1130398   -.0991383
         95  |  -.1323732   1.51e-14 -8.7e+12   0.000    -.1323732   -.1323732
         96  |    -.16487   1.51e-14 -1.1e+13   0.000      -.16487     -.16487
         97  |  -.1645872   1.51e-14 -1.1e+13   0.000    -.1645872   -.1645872
         98  |  -.1666634   1.51e-14 -1.1e+13   0.000    -.1666634   -.1666634
         99  |  -.1825879   1.51e-14 -1.2e+13   0.000    -.1825879   -.1825879
        100  |  -.1605147   .0035306   -45.46   0.000    -.1674654   -.1535639
        101  |   -.152953   .0035306   -43.32   0.000    -.1599038   -.1460023
        102  |  -.1688153   .0035306   -47.81   0.000    -.1757661   -.1618646
        103  |  -.1223814   .0035306   -34.66   0.000    -.1293321   -.1154306
        104  |  -.1483124   .0035306   -42.01   0.000    -.1552631   -.1413616
        105  |  -.1344139   .0035306   -38.07   0.000    -.1413647   -.1274632
        106  |  -.1678311   .0035306   -47.54   0.000    -.1747819   -.1608804
        107  |  -.1384823   .0035306   -39.22   0.000     -.145433   -.1315315
        108  |  -.1758703   .0035306   -49.81   0.000     -.182821   -.1689195
        109  |  -.1357667   1.51e-14 -9.0e+12   0.000    -.1357667   -.1357667
        110  |  -.1098731   .0035306   -31.12   0.000    -.1168238   -.1029223
        111  |  -.1667651   .0035306   -47.23   0.000    -.1737158   -.1598143
        112  |  -.1380639   1.51e-14 -9.1e+12   0.000    -.1380639   -.1380639
        113  |  -.1467162   1.51e-14 -9.7e+12   0.000    -.1467162   -.1467162
        114  |   -.066335   1.51e-14 -4.4e+12   0.000     -.066335    -.066335
        115  |  -.1216928   1.51e-14 -8.0e+12   0.000    -.1216928   -.1216928
        116  |  -.0950264   1.51e-14 -6.3e+12   0.000    -.0950264   -.0950264
        117  |  -.1534057   1.51e-14 -1.0e+13   0.000    -.1534057   -.1534057
        118  |   -.172097   1.51e-14 -1.1e+13   0.000     -.172097    -.172097
        119  |  -.1536803   1.51e-14 -1.0e+13   0.000    -.1536803   -.1536803
        120  |  -.1288626   1.51e-14 -8.5e+12   0.000    -.1288626   -.1288626
        121  |  -.1372098   1.51e-14 -9.1e+12   0.000    -.1372098   -.1372098
        122  |   -.121319   1.51e-14 -8.0e+12   0.000     -.121319    -.121319
        123  |  -.1717057   1.51e-14 -1.1e+13   0.000    -.1717057   -.1717057
        124  |  -.1772802   1.51e-14 -1.2e+13   0.000    -.1772802   -.1772802
        125  |  -.1511494   .0035306   -42.81   0.000    -.1581001   -.1441986
        126  |  -.1464881   1.51e-14 -9.7e+12   0.000    -.1464881   -.1464881
        127  |  -.1400777   1.51e-14 -9.3e+12   0.000    -.1400777   -.1400777
        128  |  -.1546481   1.51e-14 -1.0e+13   0.000    -.1546481   -.1546481
        129  |  -.1574984   1.51e-14 -1.0e+13   0.000    -.1574984   -.1574984
        130  |  -.1632787   1.51e-14 -1.1e+13   0.000    -.1632787   -.1632787
        131  |  -.1294428   1.51e-14 -8.6e+12   0.000    -.1294428   -.1294428
        132  |  -.1283625   1.51e-14 -8.5e+12   0.000    -.1283625   -.1283625
        133  |  -.1623808   1.51e-14 -1.1e+13   0.000    -.1623808   -.1623808
        134  |  -.1218891   1.51e-14 -8.1e+12   0.000    -.1218891   -.1218891
        135  |  -.1757522   1.51e-14 -1.2e+13   0.000    -.1757522   -.1757522
        136  |  -.0897287   1.51e-14 -5.9e+12   0.000    -.0897287   -.0897287
        137  |  -.1416133   .0035306   -40.11   0.000     -.148564   -.1346625
        138  |  -.1081197   1.51e-14 -7.1e+12   0.000    -.1081197   -.1081197
        139  |  -.1713099   1.51e-14 -1.1e+13   0.000    -.1713099   -.1713099
        140  |  -.1369146   1.51e-14 -9.0e+12   0.000    -.1369146   -.1369146
        141  |  -.0806181   1.51e-14 -5.3e+12   0.000    -.0806181   -.0806181
        142  |  -.1463976   1.51e-14 -9.7e+12   0.000    -.1463976   -.1463976
        143  |  -.1729116   1.51e-14 -1.1e+13   0.000    -.1729116   -.1729116
        144  |  -.1397827   1.51e-14 -9.2e+12   0.000    -.1397827   -.1397827
        145  |   -.148424   1.51e-14 -9.8e+12   0.000     -.148424    -.148424
        146  |  -.1589993   1.51e-14 -1.1e+13   0.000    -.1589993   -.1589993
        147  |  -.1139027   1.51e-14 -7.5e+12   0.000    -.1139027   -.1139027
        148  |  -.1024639   1.51e-14 -6.8e+12   0.000    -.1024639   -.1024639
        149  |  -.0960258   1.51e-14 -6.3e+12   0.000    -.0960258   -.0960258
        150  |  -.1365094   1.51e-14 -9.0e+12   0.000    -.1365094   -.1365094
        151  |  -.1392615   1.51e-14 -9.2e+12   0.000    -.1392615   -.1392615
        152  |  -.1405417   1.51e-14 -9.3e+12   0.000    -.1405417   -.1405417
        153  |  -.1519843   1.51e-14 -1.0e+13   0.000    -.1519843   -.1519843
        154  |  -.1190669   1.51e-14 -7.9e+12   0.000    -.1190669   -.1190669
        155  |  -.1178296   1.51e-14 -7.8e+12   0.000    -.1178296   -.1178296
        156  |   -.107039   .0035306   -30.32   0.000    -.1139897   -.1000882
        157  |  -.0868449   .0035306   -24.60   0.000    -.0937957   -.0798941
        158  |  -.0872804   .0035306   -24.72   0.000    -.0942312   -.0803297
        159  |   -.143489   1.51e-14 -9.5e+12   0.000     -.143489    -.143489
        160  |  -.1502364   1.51e-14 -9.9e+12   0.000    -.1502364   -.1502364
        161  |   -.156024   1.51e-14 -1.0e+13   0.000     -.156024    -.156024
        162  |  -.1386617   1.51e-14 -9.2e+12   0.000    -.1386617   -.1386617
        163  |  -.1226861   1.51e-14 -8.1e+12   0.000    -.1226861   -.1226861
        164  |  -.1561243   1.51e-14 -1.0e+13   0.000    -.1561243   -.1561243
        165  |  -.1755595   1.51e-14 -1.2e+13   0.000    -.1755595   -.1755595
        166  |   -.166392   1.51e-14 -1.1e+13   0.000     -.166392    -.166392
        167  |  -.1487799   1.51e-14 -9.8e+12   0.000    -.1487799   -.1487799
        168  |  -.1696925   1.51e-14 -1.1e+13   0.000    -.1696925   -.1696925
        169  |  -.1465202   1.51e-14 -9.7e+12   0.000    -.1465202   -.1465202
        170  |  -.1572914   1.51e-14 -1.0e+13   0.000    -.1572914   -.1572914
        171  |  -.1513576   1.51e-14 -1.0e+13   0.000    -.1513576   -.1513576
        172  |  -.1412486   1.51e-14 -9.3e+12   0.000    -.1412486   -.1412486
        173  |  -.0976163   1.51e-14 -6.4e+12   0.000    -.0976163   -.0976163
        174  |  -.1205442   1.51e-14 -8.0e+12   0.000    -.1205442   -.1205442
        175  |  -.1315414   .0035306   -37.26   0.000    -.1384921   -.1245906
        176  |   -.090182   .0035306   -25.54   0.000    -.0971328   -.0832312
        177  |   .1613317   1.51e-14  1.1e+13   0.000     .1613317    .1613317
        178  |    .075439   .0035306    21.37   0.000     .0684882    .0823897
        179  |  -.1044197   1.51e-14 -6.9e+12   0.000    -.1044197   -.1044197
        180  |  -.1051906   1.51e-14 -6.9e+12   0.000    -.1051906   -.1051906
        181  |  -.1097088   .0035306   -31.07   0.000    -.1166595    -.102758
        182  |  -.0740256   .0035306   -20.97   0.000    -.0809764   -.0670749
        183  |  -.0249453   .0035306    -7.07   0.000     -.031896   -.0179945
        184  |  -.1077872   .0035306   -30.53   0.000    -.1147379   -.1008364
        185  |  -.1371822   1.51e-14 -9.1e+12   0.000    -.1371822   -.1371822
        186  |  -.1016576   .0035306   -28.79   0.000    -.1086083   -.0947068
        187  |  -.1182474   1.51e-14 -7.8e+12   0.000    -.1182474   -.1182474
        188  |  -.1325238   .0035306   -37.54   0.000    -.1394745    -.125573
        189  |  -.1495408   1.51e-14 -9.9e+12   0.000    -.1495408   -.1495408
        190  |  -.1627379   .0035306   -46.09   0.000    -.1696886   -.1557871
        191  |  -.1127348   .0035306   -31.93   0.000    -.1196855    -.105784
        192  |  -.0995068   .0035306   -28.18   0.000    -.1064576   -.0925561
        193  |  -.1014127   1.51e-14 -6.7e+12   0.000    -.1014127   -.1014127
        194  |  -.1096825   1.51e-14 -7.2e+12   0.000    -.1096825   -.1096825
        195  |  -.0693752   1.51e-14 -4.6e+12   0.000    -.0693752   -.0693752
        196  |   -.066429   1.51e-14 -4.4e+12   0.000     -.066429    -.066429
        197  |  -.0964139   1.51e-14 -6.4e+12   0.000    -.0964139   -.0964139
        198  |  -.1170025   .0035306   -33.14   0.000    -.1239532   -.1100517
        199  |  -.0129965   .0035306    -3.68   0.000    -.0199473   -.0060458
        200  |  -.1588448   1.51e-14 -1.0e+13   0.000    -.1588448   -.1588448
        201  |  -.1070587   .0035306   -30.32   0.000    -.1140095    -.100108
        202  |  -.0779723   .0035306   -22.08   0.000    -.0849231   -.0710216
        203  |  -.1622126   1.51e-14 -1.1e+13   0.000    -.1622126   -.1622126
        204  |  -.1419203   1.51e-14 -9.4e+12   0.000    -.1419203   -.1419203
        205  |  -.1657451   1.51e-14 -1.1e+13   0.000    -.1657451   -.1657451
        206  |  -.1091937   .0035306   -30.93   0.000    -.1161445    -.102243
        207  |  -.1661435   1.51e-14 -1.1e+13   0.000    -.1661435   -.1661435
        208  |  -.1482212   1.51e-14 -9.8e+12   0.000    -.1482212   -.1482212
        209  |  -.1388943   1.51e-14 -9.2e+12   0.000    -.1388943   -.1388943
        210  |  -.1153559   1.51e-14 -7.6e+12   0.000    -.1153559   -.1153559
        211  |  -.1327327   1.51e-14 -8.8e+12   0.000    -.1327327   -.1327327
        212  |  -.1753475   1.51e-14 -1.2e+13   0.000    -.1753475   -.1753475
        213  |  -.1192601   1.51e-14 -7.9e+12   0.000    -.1192601   -.1192601
        214  |   -.161506   1.51e-14 -1.1e+13   0.000     -.161506    -.161506
        215  |  -.1763084   1.51e-14 -1.2e+13   0.000    -.1763084   -.1763084
        216  |  -.1682345   .0035306   -47.65   0.000    -.1751852   -.1612837
        217  |   -.114035   .0035306   -32.30   0.000    -.1209858   -.1070843
        218  |  -.0719298   .0035306   -20.37   0.000    -.0788806   -.0649791
        219  |  -.1291688   1.51e-14 -8.5e+12   0.000    -.1291688   -.1291688
        220  |  -.1494843   1.51e-14 -9.9e+12   0.000    -.1494843   -.1494843
        221  |   -.109116   1.51e-14 -7.2e+12   0.000     -.109116    -.109116
        222  |  -.0767385   .0035306   -21.73   0.000    -.0836892   -.0697877
        223  |   -.146442   1.51e-14 -9.7e+12   0.000     -.146442    -.146442
        224  |  -.1144088   .0035306   -32.40   0.000    -.1213596   -.1074581
        225  |  -.0421176   1.51e-14 -2.8e+12   0.000    -.0421176   -.0421176
        226  |  -.0872688   1.51e-14 -5.8e+12   0.000    -.0872688   -.0872688
        227  |   -.169088   1.51e-14 -1.1e+13   0.000     -.169088    -.169088
        228  |  -.1047746   1.51e-14 -6.9e+12   0.000    -.1047746   -.1047746
        229  |   -.118445   1.51e-14 -7.8e+12   0.000     -.118445    -.118445
        230  |  -.1221501   1.51e-14 -8.1e+12   0.000    -.1221501   -.1221501
        231  |  -.0906368   1.51e-14 -6.0e+12   0.000    -.0906368   -.0906368
        232  |  -.1217805   1.51e-14 -8.0e+12   0.000    -.1217805   -.1217805
        233  |  -.1611364   1.51e-14 -1.1e+13   0.000    -.1611364   -.1611364
        234  |  -.0933185   1.51e-14 -6.2e+12   0.000    -.0933185   -.0933185
        235  |  -.1097673   .0035306   -31.09   0.000     -.116718   -.1028165
        236  |  -.0970035   1.51e-14 -6.4e+12   0.000    -.0970035   -.0970035
        237  |  -.0916625   .0035306   -25.96   0.000    -.0986132   -.0847117
        238  |  -.0265722   .0035306    -7.53   0.000     -.033523   -.0196215
        239  |  -.0821467   .0035306   -23.27   0.000    -.0890974   -.0751959
        240  |   .0472308   1.51e-14  3.1e+12   0.000     .0472308    .0472308
        241  |   .5961723   1.51e-14  3.9e+13   0.000     .5961723    .5961723
        242  |  -.0418825   1.51e-14 -2.8e+12   0.000    -.0418825   -.0418825
        243  |  -.0741202   1.51e-14 -4.9e+12   0.000    -.0741202   -.0741202
        244  |   .0236911   .0035306     6.71   0.000     .0167404    .0306419
        245  |  -.0688176   .0035306   -19.49   0.000    -.0757684   -.0618669
        246  |  -.0760396   .0035306   -21.54   0.000    -.0829904   -.0690889
        247  |   .0102789   .0035306     2.91   0.004     .0033282    .0172297
        248  |   -.059701   .0035306   -16.91   0.000    -.0666517   -.0527502
        249  |    .010826   .0035306     3.07   0.002     .0038752    .0177768
        250  |   .1001903   1.51e-14  6.6e+12   0.000     .1001903    .1001903
        251  |   .1318332   1.51e-14  8.7e+12   0.000     .1318332    .1318332
        252  |   .1780953   1.51e-14  1.2e+13   0.000     .1780953    .1780953
        253  |  -.0459887   .0035306   -13.03   0.000    -.0529394   -.0390379
        254  |   .2818391   1.51e-14  1.9e+13   0.000     .2818391    .2818391
        255  |  -.1238411   1.51e-14 -8.2e+12   0.000    -.1238411   -.1238411
        256  |  -.1414884   .0035306   -40.07   0.000    -.1484391   -.1345376
        257  |  -.1072773   .0035306   -30.38   0.000    -.1142281   -.1003266
        258  |  -.1547423   .0035306   -43.83   0.000     -.161693   -.1477915
        259  |  -.1129988   .0035306   -32.01   0.000    -.1199496   -.1060481
        260  |  -.1655266   1.51e-14 -1.1e+13   0.000    -.1655266   -.1655266
        261  |  -.1293719   .0035306   -36.64   0.000    -.1363226   -.1224211
        262  |  -.1203684   .0035306   -34.09   0.000    -.1273191   -.1134176
        263  |    -.16712   .0035306   -47.33   0.000    -.1740708   -.1601693
        264  |  -.1380267   .0035306   -39.09   0.000    -.1449775    -.131076
        265  |  -.1633847   .0035306   -46.28   0.000    -.1703354   -.1564339
        266  |  -.1343051   .0035306   -38.04   0.000    -.1412559   -.1273544
        267  |  -.0921491   .0035306   -26.10   0.000    -.0990998   -.0851983
        268  |  -.1551284   .0035306   -43.94   0.000    -.1620792   -.1481777
        269  |  -.1433527   .0035306   -40.60   0.000    -.1503034   -.1364019
        270  |  -.1200603   .0035306   -34.01   0.000    -.1270111   -.1131095
        271  |   .1448104   1.51e-14  9.6e+12   0.000     .1448104    .1448104
        272  |  -.1234611   .0035306   -34.97   0.000    -.1304119   -.1165104
        273  |  -.1556379   1.51e-14 -1.0e+13   0.000    -.1556379   -.1556379
        274  |   -.150619   1.51e-14 -9.9e+12   0.000     -.150619    -.150619
        275  |   -.094406   .0035306   -26.74   0.000    -.1013568   -.0874553
        276  |  -.1413256   1.51e-14 -9.3e+12   0.000    -.1413256   -.1413256
        277  |  -.1590564   .0035306   -45.05   0.000    -.1660071   -.1521056
        278  |  -.0923918   1.51e-14 -6.1e+12   0.000    -.0923918   -.0923918
        279  |  -.1067665   .0035306   -30.24   0.000    -.1137172   -.0998157
        280  |  -.1451907   1.51e-14 -9.6e+12   0.000    -.1451907   -.1451907
        281  |  -.1078099   .0035306   -30.54   0.000    -.1147607   -.1008591
        282  |  -.1352343   1.51e-14 -8.9e+12   0.000    -.1352343   -.1352343
        283  |   -.099446   .0035306   -28.17   0.000    -.1063967   -.0924952
        284  |  -.1129538   1.51e-14 -7.5e+12   0.000    -.1129538   -.1129538
        285  |  -.1473445   .0035306   -41.73   0.000    -.1542952   -.1403937
        286  |  -.1385059   .0035306   -39.23   0.000    -.1454566   -.1315551
        287  |  -.1381689   1.51e-14 -9.1e+12   0.000    -.1381689   -.1381689
        288  |  -.0851687   .0035306   -24.12   0.000    -.0921194   -.0782179
        289  |  -.1683058   1.51e-14 -1.1e+13   0.000    -.1683058   -.1683058
        290  |  -.0848831   .0035306   -24.04   0.000    -.0918338   -.0779323
        291  |  -.1208917   .0035306   -34.24   0.000    -.1278425    -.113941
        292  |  -.1606271   1.51e-14 -1.1e+13   0.000    -.1606271   -.1606271
        293  |  -.1198657   1.51e-14 -7.9e+12   0.000    -.1198657   -.1198657
        294  |  -.0928116   1.51e-14 -6.1e+12   0.000    -.0928116   -.0928116
        295  |  -.1326381   1.51e-14 -8.8e+12   0.000    -.1326381   -.1326381
        296  |   .0228332   1.51e-14  1.5e+12   0.000     .0228332    .0228332
        297  |   -.008216   .0035306    -2.33   0.021    -.0151668   -.0012652
        298  |  -.0062752   .0035306    -1.78   0.077    -.0132259    .0006756
        299  |   .0169629   .0035306     4.80   0.000     .0100121    .0239136
        300  |  -.0080969   .0035306    -2.29   0.023    -.0150476   -.0011461
        301  |  -.0360802   1.51e-14 -2.4e+12   0.000    -.0360802   -.0360802
        302  |  -.0396745   .0035306   -11.24   0.000    -.0466253   -.0327238
        303  |  -.0277007   .0035306    -7.85   0.000    -.0346515   -.0207499
        304  |  -.0667371   .0035306   -18.90   0.000    -.0736878   -.0597863
        305  |   -.086277   .0035306   -24.44   0.000    -.0932278   -.0793263
        306  |  -.0871096   .0035306   -24.67   0.000    -.0940603   -.0801588
        307  |  -.0891577   1.51e-14 -5.9e+12   0.000    -.0891577   -.0891577
        308  |   -.026773   .0035306    -7.58   0.000    -.0337237   -.0198222
        309  |  -.0364016   .0035306   -10.31   0.000    -.0433524   -.0294509
        310  |  -.1184463   1.51e-14 -7.8e+12   0.000    -.1184463   -.1184463
        311  |  -.0809052   1.51e-14 -5.3e+12   0.000    -.0809052   -.0809052
        312  |  -.1040148   1.51e-14 -6.9e+12   0.000    -.1040148   -.1040148
        313  |  -.0491755   .0035306   -13.93   0.000    -.0561263   -.0422248
        314  |  -.0909619   1.51e-14 -6.0e+12   0.000    -.0909619   -.0909619
        315  |  -.0378008   1.51e-14 -2.5e+12   0.000    -.0378008   -.0378008
        316  |  -.0576079   .0035306   -16.32   0.000    -.0645587   -.0506572
        317  |  -.0777017   .0035306   -22.01   0.000    -.0846524   -.0707509
        318  |   .0661703   1.51e-14  4.4e+12   0.000     .0661703    .0661703
        319  |   .0776426   .0035306    21.99   0.000     .0706918    .0845933
        320  |   .0401745   1.51e-14  2.7e+12   0.000     .0401745    .0401745
        321  |   .1010913   1.51e-14  6.7e+12   0.000     .1010913    .1010913
        322  |   .0612078   1.51e-14  4.0e+12   0.000     .0612078    .0612078
        323  |   .0482297   1.51e-14  3.2e+12   0.000     .0482297    .0482297
        324  |   -.077984   .0035306   -22.09   0.000    -.0849348   -.0710333
        325  |  -.0652419   .0035306   -18.48   0.000    -.0721927   -.0582912
        326  |   .1360264   1.51e-14  9.0e+12   0.000     .1360264    .1360264
        327  |   .0752179   1.51e-14  5.0e+12   0.000     .0752179    .0752179
        328  |   .0123786   .0035306     3.51   0.001     .0054279    .0193294
        329  |   .1074759   1.51e-14  7.1e+12   0.000     .1074759    .1074759
        330  |   .0635071   1.51e-14  4.2e+12   0.000     .0635071    .0635071
        331  |    .104877   1.51e-14  6.9e+12   0.000      .104877     .104877
        332  |   .1512809   1.51e-14  1.0e+13   0.000     .1512809    .1512809
        333  |   .0632208   1.51e-14  4.2e+12   0.000     .0632208    .0632208
        334  |  -.0168656   .0035306    -4.78   0.000    -.0238163   -.0099148
        335  |  -.0047463   .0035306    -1.34   0.180    -.0116971    .0022044
        336  |   .0062312   .0035306     1.76   0.079    -.0007195     .013182
        337  |   .0096963   1.51e-14  6.4e+11   0.000     .0096963    .0096963
        338  |  -.0409212   .0035306   -11.59   0.000     -.047872   -.0339705
        339  |  -.0555811   .0035306   -15.74   0.000    -.0625319   -.0486304
        340  |   .0473354   .0035306    13.41   0.000     .0403847    .0542862
        341  |  -.1565317   1.51e-14 -1.0e+13   0.000    -.1565317   -.1565317
        342  |  -.0314786   1.51e-14 -2.1e+12   0.000    -.0314786   -.0314786
        343  |  -.1003872   1.51e-14 -6.6e+12   0.000    -.1003872   -.1003872
        344  |  -.1316268   1.51e-14 -8.7e+12   0.000    -.1316268   -.1316268
        345  |  -.1536726   1.51e-14 -1.0e+13   0.000    -.1536726   -.1536726
        346  |   -.161813   1.51e-14 -1.1e+13   0.000     -.161813    -.161813
        347  |  -.1511931   .0035306   -42.82   0.000    -.1581438   -.1442423
        348  |  -.1201603   1.51e-14 -7.9e+12   0.000    -.1201603   -.1201603
        349  |  -.1322264   1.51e-14 -8.7e+12   0.000    -.1322264   -.1322264
        350  |   .0349956   1.51e-14  2.3e+12   0.000     .0349956    .0349956
        351  |   .0171992   .0035306     4.87   0.000     .0102484    .0241499
        352  |  -.1277489   .0035306   -36.18   0.000    -.1346997   -.1207982
        353  |  -.0246297   1.51e-14 -1.6e+12   0.000    -.0246297   -.0246297
        354  |  -.0111344   1.51e-14 -7.4e+11   0.000    -.0111344   -.0111344
        355  |  -.0262308   .0035306    -7.43   0.000    -.0331815     -.01928
        356  |   -.169171   1.51e-14 -1.1e+13   0.000     -.169171    -.169171
        357  |  -.1448208   1.51e-14 -9.6e+12   0.000    -.1448208   -.1448208
        358  |  -.0918988   1.51e-14 -6.1e+12   0.000    -.0918988   -.0918988
        359  |  -.0142172   1.51e-14 -9.4e+11   0.000    -.0142172   -.0142172
        360  |  -.1766536   1.51e-14 -1.2e+13   0.000    -.1766536   -.1766536
        361  |  -.0624373   1.51e-14 -4.1e+12   0.000    -.0624373   -.0624373
        362  |  -.0180968   .0035306    -5.13   0.000    -.0250476   -.0111461
        363  |  -.0094805   1.51e-14 -6.3e+11   0.000    -.0094805   -.0094805
        364  |  -.0897549   1.51e-14 -5.9e+12   0.000    -.0897549   -.0897549
        365  |  -.0226814   1.51e-14 -1.5e+12   0.000    -.0226814   -.0226814
        366  |  -.0862104   1.51e-14 -5.7e+12   0.000    -.0862104   -.0862104
        367  |  -.0846119   1.51e-14 -5.6e+12   0.000    -.0846119   -.0846119
        368  |   .0444814   1.51e-14  2.9e+12   0.000     .0444814    .0444814
        369  |   .0702133   1.51e-14  4.6e+12   0.000     .0702133    .0702133
        370  |  -.0536996   .0035306   -15.21   0.000    -.0606503   -.0467488
        371  |   .0141424   1.51e-14  9.3e+11   0.000     .0141424    .0141424
        372  |  -.0004988   1.51e-14 -3.3e+10   0.000    -.0004988   -.0004988
        373  |  -.1775528   1.51e-14 -1.2e+13   0.000    -.1775528   -.1775528
        374  |  -.1798337   1.51e-14 -1.2e+13   0.000    -.1798337   -.1798337
        375  |   -.170884   1.51e-14 -1.1e+13   0.000     -.170884    -.170884
        376  |  -.1771642   1.51e-14 -1.2e+13   0.000    -.1771642   -.1771642
        377  |  -.1622029   1.51e-14 -1.1e+13   0.000    -.1622029   -.1622029
        378  |  -.1778652   1.51e-14 -1.2e+13   0.000    -.1778652   -.1778652
        379  |  -.1426751   1.51e-14 -9.4e+12   0.000    -.1426751   -.1426751
        380  |  -.0736688   1.51e-14 -4.9e+12   0.000    -.0736688   -.0736688
        381  |  -.1621729   1.51e-14 -1.1e+13   0.000    -.1621729   -.1621729
        382  |  -.1734099   1.51e-14 -1.1e+13   0.000    -.1734099   -.1734099
        383  |  -.1450888   .0035306   -41.09   0.000    -.1520396   -.1381381
        384  |  -.1378042   .0035306   -39.03   0.000    -.1447549   -.1308534
        385  |   -.136255   .0035306   -38.59   0.000    -.1432058   -.1293043
        386  |  -.1548468   1.51e-14 -1.0e+13   0.000    -.1548468   -.1548468
        387  |  -.1761129   1.51e-14 -1.2e+13   0.000    -.1761129   -.1761129
        388  |  -.1552033   1.51e-14 -1.0e+13   0.000    -.1552033   -.1552033
        389  |  -.1490975   1.51e-14 -9.8e+12   0.000    -.1490975   -.1490975
        390  |  -.1291934   1.51e-14 -8.5e+12   0.000    -.1291934   -.1291934
        391  |  -.1785346   1.51e-14 -1.2e+13   0.000    -.1785346   -.1785346
        392  |  -.1810673   1.51e-14 -1.2e+13   0.000    -.1810673   -.1810673
        393  |  -.1297147   1.51e-14 -8.6e+12   0.000    -.1297147   -.1297147
        394  |  -.1743663   1.51e-14 -1.2e+13   0.000    -.1743663   -.1743663
        395  |  -.1404256   1.51e-14 -9.3e+12   0.000    -.1404256   -.1404256
        396  |  -.1801721   1.51e-14 -1.2e+13   0.000    -.1801721   -.1801721
        397  |  -.1153381   1.51e-14 -7.6e+12   0.000    -.1153381   -.1153381
        398  |  -.1494727   1.51e-14 -9.9e+12   0.000    -.1494727   -.1494727
        399  |  -.1300043   1.51e-14 -8.6e+12   0.000    -.1300043   -.1300043
        400  |  -.1663554   1.51e-14 -1.1e+13   0.000    -.1663554   -.1663554
        401  |  -.1744474   1.51e-14 -1.2e+13   0.000    -.1744474   -.1744474
        402  |  -.1640578   1.51e-14 -1.1e+13   0.000    -.1640578   -.1640578
        403  |  -.1711456   1.51e-14 -1.1e+13   0.000    -.1711456   -.1711456
        404  |  -.1643207   1.51e-14 -1.1e+13   0.000    -.1643207   -.1643207
        405  |  -.1391343   1.51e-14 -9.2e+12   0.000    -.1391343   -.1391343
        406  |  -.1735719   1.51e-14 -1.1e+13   0.000    -.1735719   -.1735719
        407  |  -.1058377   1.51e-14 -7.0e+12   0.000    -.1058377   -.1058377
        408  |  -.1651706   1.51e-14 -1.1e+13   0.000    -.1651706   -.1651706
        409  |   -.126293   1.51e-14 -8.3e+12   0.000     -.126293    -.126293
        410  |  -.1017852   1.51e-14 -6.7e+12   0.000    -.1017852   -.1017852
        411  |  -.1415589   1.51e-14 -9.4e+12   0.000    -.1415589   -.1415589
        412  |  -.1601531   1.51e-14 -1.1e+13   0.000    -.1601531   -.1601531
        413  |  -.1033606   1.51e-14 -6.8e+12   0.000    -.1033606   -.1033606
        414  |  -.1583401   1.51e-14 -1.0e+13   0.000    -.1583401   -.1583401
        415  |  -.1674526   1.51e-14 -1.1e+13   0.000    -.1674526   -.1674526
        416  |  -.1351826   1.51e-14 -8.9e+12   0.000    -.1351826   -.1351826
        417  |  -.1401949   1.51e-14 -9.3e+12   0.000    -.1401949   -.1401949
        418  |  -.1555523   1.51e-14 -1.0e+13   0.000    -.1555523   -.1555523
        419  |  -.1219046   1.51e-14 -8.1e+12   0.000    -.1219046   -.1219046
        420  |  -.1730203   1.51e-14 -1.1e+13   0.000    -.1730203   -.1730203
        421  |  -.1530735   1.51e-14 -1.0e+13   0.000    -.1530735   -.1530735
        422  |  -.1321278   1.51e-14 -8.7e+12   0.000    -.1321278   -.1321278
        423  |  -.1581655   1.51e-14 -1.0e+13   0.000    -.1581655   -.1581655
        424  |  -.1261379   1.51e-14 -8.3e+12   0.000    -.1261379   -.1261379
        425  |  -.0854101   1.51e-14 -5.6e+12   0.000    -.0854101   -.0854101
        426  |  -.1143063   1.51e-14 -7.6e+12   0.000    -.1143063   -.1143063
        427  |  -.1396667   1.51e-14 -9.2e+12   0.000    -.1396667   -.1396667
        428  |   -.087177   1.51e-14 -5.8e+12   0.000     -.087177    -.087177
        429  |   -.035664   1.51e-14 -2.4e+12   0.000     -.035664    -.035664
        430  |   -.141065   1.51e-14 -9.3e+12   0.000     -.141065    -.141065
        431  |  -.0526937   1.51e-14 -3.5e+12   0.000    -.0526937   -.0526937
        432  |  -.1767479   1.51e-14 -1.2e+13   0.000    -.1767479   -.1767479
        433  |  -.0587729   .0035306   -16.65   0.000    -.0657237   -.0518222
        434  |  -.1020643   1.51e-14 -6.7e+12   0.000    -.1020643   -.1020643
        435  |  -.1587478   1.51e-14 -1.0e+13   0.000    -.1587478   -.1587478
        436  |  -.1496973   1.51e-14 -9.9e+12   0.000    -.1496973   -.1496973
        437  |  -.1247171   1.51e-14 -8.2e+12   0.000    -.1247171   -.1247171
        438  |  -.1561983   1.51e-14 -1.0e+13   0.000    -.1561983   -.1561983
        439  |  -.0873205   1.51e-14 -5.8e+12   0.000    -.0873205   -.0873205
        440  |   -.167087   1.51e-14 -1.1e+13   0.000     -.167087    -.167087
        441  |  -.1312912   1.51e-14 -8.7e+12   0.000    -.1312912   -.1312912
        442  |  -.1651735   1.51e-14 -1.1e+13   0.000    -.1651735   -.1651735
        443  |  -.1623883   1.51e-14 -1.1e+13   0.000    -.1623883   -.1623883
        444  |  -.1675556   1.51e-14 -1.1e+13   0.000    -.1675556   -.1675556
        445  |   .0308117   .0035306     8.73   0.000      .023861    .0377625
        446  |  -.1673796   1.51e-14 -1.1e+13   0.000    -.1673796   -.1673796
        447  |  -.0781984   .0035306   -22.15   0.000    -.0851491   -.0712476
        448  |  -.1190111   .0035306   -33.71   0.000    -.1259619   -.1120604
        449  |  -.0838001   1.51e-14 -5.5e+12   0.000    -.0838001   -.0838001
        450  |  -.0349353   1.51e-14 -2.3e+12   0.000    -.0349353   -.0349353
        451  |  -.1059529   .0035306   -30.01   0.000    -.1129037   -.0990022
        452  |  -.0611294   .0035306   -17.31   0.000    -.0680801   -.0541786
        453  |  -.1031216   .0035306   -29.21   0.000    -.1100723   -.0961708
        454  |  -.0410682   .0035306   -11.63   0.000    -.0480189   -.0341174
        455  |  -.1654151   1.51e-14 -1.1e+13   0.000    -.1654151   -.1654151
        456  |   -.182474   1.51e-14 -1.2e+13   0.000     -.182474    -.182474
        457  |  -.1822192   1.51e-14 -1.2e+13   0.000    -.1822192   -.1822192
        458  |  -.1639962   1.51e-14 -1.1e+13   0.000    -.1639962   -.1639962
        459  |  -.1621447   1.51e-14 -1.1e+13   0.000    -.1621447   -.1621447
        460  |  -.1383762   .0035306   -39.19   0.000    -.1453269   -.1314254
        461  |  -.1596423   1.51e-14 -1.1e+13   0.000    -.1596423   -.1596423
        462  |  -.1416793   .0035306   -40.13   0.000      -.14863   -.1347285
        463  |  -.1827192   1.51e-14 -1.2e+13   0.000    -.1827192   -.1827192
        464  |  -.0620347   .0035306   -17.57   0.000    -.0689855    -.055084
        465  |  -.1644035   1.51e-14 -1.1e+13   0.000    -.1644035   -.1644035
        466  |  -.1751612   1.51e-14 -1.2e+13   0.000    -.1751612   -.1751612
        467  |  -.1472089   1.51e-14 -9.7e+12   0.000    -.1472089   -.1472089
        468  |  -.1762982   1.51e-14 -1.2e+13   0.000    -.1762982   -.1762982
        469  |  -.1673418   1.51e-14 -1.1e+13   0.000    -.1673418   -.1673418
        470  |  -.1695698   1.51e-14 -1.1e+13   0.000    -.1695698   -.1695698
        471  |  -.1691854   1.51e-14 -1.1e+13   0.000    -.1691854   -.1691854
        472  |  -.1825017   1.51e-14 -1.2e+13   0.000    -.1825017   -.1825017
        473  |  -.1728215   1.51e-14 -1.1e+13   0.000    -.1728215   -.1728215
        474  |  -.1733776   1.51e-14 -1.1e+13   0.000    -.1733776   -.1733776
        475  |  -.1656728   1.51e-14 -1.1e+13   0.000    -.1656728   -.1656728
        476  |  -.1674712   .0035306   -47.43   0.000    -.1744219   -.1605204
        477  |  -.1615486   .0035306   -45.76   0.000    -.1684993   -.1545978
        478  |  -.1827192   1.51e-14 -1.2e+13   0.000    -.1827192   -.1827192
        479  |  -.1817669   1.51e-14 -1.2e+13   0.000    -.1817669   -.1817669
        480  |   -.165248   .0035306   -46.80   0.000    -.1721988   -.1582973
        481  |  -.1342982   1.51e-14 -8.9e+12   0.000    -.1342982   -.1342982
        482  |  -.1535538   1.51e-14 -1.0e+13   0.000    -.1535538   -.1535538
        483  |  -.1445396   1.51e-14 -9.5e+12   0.000    -.1445396   -.1445396
        484  |  -.1340652   .0035306   -37.97   0.000    -.1410159   -.1271144
        485  |  -.1784864   1.51e-14 -1.2e+13   0.000    -.1784864   -.1784864
        486  |  -.0270563   .0035306    -7.66   0.000     -.034007   -.0201055
        487  |  -.1233706   .0035306   -34.94   0.000    -.1303214   -.1164199
        488  |  -.1636532   1.51e-14 -1.1e+13   0.000    -.1636532   -.1636532
        489  |  -.1101834   1.51e-14 -7.3e+12   0.000    -.1101834   -.1101834
        490  |  -.1579877   1.51e-14 -1.0e+13   0.000    -.1579877   -.1579877
        491  |  -.1035319   1.51e-14 -6.8e+12   0.000    -.1035319   -.1035319
        492  |  -.1424442   1.51e-14 -9.4e+12   0.000    -.1424442   -.1424442
        493  |   -.153388   1.51e-14 -1.0e+13   0.000     -.153388    -.153388
        494  |   -.133544   .0035306   -37.82   0.000    -.1404948   -.1265933
        495  |   -.139645   1.51e-14 -9.2e+12   0.000     -.139645    -.139645
        496  |  -.1422784   1.51e-14 -9.4e+12   0.000    -.1422784   -.1422784
        497  |  -.0351504   .0035306    -9.96   0.000    -.0421012   -.0281997
        498  |  -.1827192   1.51e-14 -1.2e+13   0.000    -.1827192   -.1827192
        499  |  -.1827192   1.51e-14 -1.2e+13   0.000    -.1827192   -.1827192
        500  |  -.1600449   1.51e-14 -1.1e+13   0.000    -.1600449   -.1600449
        501  |  -.1219428   .0035306   -34.54   0.000    -.1288935    -.114992
        502  |  -.1489443   1.51e-14 -9.8e+12   0.000    -.1489443   -.1489443
        503  |  -.1764575   1.51e-14 -1.2e+13   0.000    -.1764575   -.1764575
        504  |    -.16511   .0035306   -46.76   0.000    -.1720607   -.1581592
        505  |  -.1639032   1.51e-14 -1.1e+13   0.000    -.1639032   -.1639032
        506  |  -.1823819   1.51e-14 -1.2e+13   0.000    -.1823819   -.1823819
        507  |  -.1089586   .0035306   -30.86   0.000    -.1159093   -.1020078
        508  |  -.0865018   1.51e-14 -5.7e+12   0.000    -.0865018   -.0865018
        509  |  -.1344392   .0035306   -38.08   0.000      -.14139   -.1274885
        510  |  -.1307959   .0035306   -37.05   0.000    -.1377466   -.1238451
        511  |  -.1333538   .0035306   -37.77   0.000    -.1403046   -.1264031
        512  |  -.1434304   1.51e-14 -9.5e+12   0.000    -.1434304   -.1434304
        513  |  -.1042249   1.51e-14 -6.9e+12   0.000    -.1042249   -.1042249
        514  |  -.1464027   .0035306   -41.47   0.000    -.1533535    -.139452
        515  |  -.1075149   .0035306   -30.45   0.000    -.1144657   -.1005642
        516  |  -.1254182   1.51e-14 -8.3e+12   0.000    -.1254182   -.1254182
        517  |  -.1424597   .0035306   -40.35   0.000    -.1494104   -.1355089
        518  |  -.1494375   .0035306   -42.33   0.000    -.1563883   -.1424868
        519  |  -.1061213   1.51e-14 -7.0e+12   0.000    -.1061213   -.1061213
        520  |  -.1166405   1.51e-14 -7.7e+12   0.000    -.1166405   -.1166405
        521  |  -.1316048   .0035306   -37.28   0.000    -.1385556   -.1246541
        522  |  -.1593453   1.51e-14 -1.1e+13   0.000    -.1593453   -.1593453
        523  |  -.1007804   1.51e-14 -6.7e+12   0.000    -.1007804   -.1007804
        524  |  -.1087529   .0035306   -30.80   0.000    -.1157036   -.1018021
        525  |  -.1293016   .0035306   -36.62   0.000    -.1362523   -.1223508
        526  |  -.1389961   1.51e-14 -9.2e+12   0.000    -.1389961   -.1389961
        527  |  -.1635429   .0035306   -46.32   0.000    -.1704937   -.1565922
        528  |  -.1517243   1.51e-14 -1.0e+13   0.000    -.1517243   -.1517243
        529  |  -.0951026   1.51e-14 -6.3e+12   0.000    -.0951026   -.0951026
        530  |  -.1460631   .0035306   -41.37   0.000    -.1530138   -.1391123
        531  |  -.1478148   1.51e-14 -9.8e+12   0.000    -.1478148   -.1478148
        532  |  -.1789841   1.51e-14 -1.2e+13   0.000    -.1789841   -.1789841
        533  |  -.1781578   1.51e-14 -1.2e+13   0.000    -.1781578   -.1781578
        534  |  -.1683884   1.51e-14 -1.1e+13   0.000    -.1683884   -.1683884
        535  |  -.1749768   .0035306   -49.56   0.000    -.1819275    -.168026
        536  |  -.1403885   1.51e-14 -9.3e+12   0.000    -.1403885   -.1403885
        537  |  -.1824797   1.51e-14 -1.2e+13   0.000    -.1824797   -.1824797
        538  |  -.1547889   .0035306   -43.84   0.000    -.1617397   -.1478382
        539  |  -.1693077   1.51e-14 -1.1e+13   0.000    -.1693077   -.1693077
        540  |  -.1821575   1.51e-14 -1.2e+13   0.000    -.1821575   -.1821575
        541  |  -.1661387   1.51e-14 -1.1e+13   0.000    -.1661387   -.1661387
        542  |  -.1532935   1.51e-14 -1.0e+13   0.000    -.1532935   -.1532935
        543  |  -.1371562   .0035306   -38.85   0.000    -.1441069   -.1302054
        544  |  -.1570151   .0035306   -44.47   0.000    -.1639659   -.1500644
        545  |  -.1740549   1.51e-14 -1.1e+13   0.000    -.1740549   -.1740549
        546  |  -.0024477   .0035306    -0.69   0.489    -.0093985     .004503
        547  |  -.1080209   .0035306   -30.60   0.000    -.1149717   -.1010702
        548  |  -.1009804   .0035306   -28.60   0.000    -.1079311   -.0940296
        549  |   -.110258   .0035306   -31.23   0.000    -.1172088   -.1033073
        550  |   -.120717   .0035306   -34.19   0.000    -.1276677   -.1137662
        551  |  -.1489062   1.51e-14 -9.8e+12   0.000    -.1489062   -.1489062
        552  |  -.1494418   .0035306   -42.33   0.000    -.1563926   -.1424911
        553  |  -.1554379   1.51e-14 -1.0e+13   0.000    -.1554379   -.1554379
        554  |  -.1699515   1.51e-14 -1.1e+13   0.000    -.1699515   -.1699515
        555  |  -.1737997   1.51e-14 -1.1e+13   0.000    -.1737997   -.1737997
        556  |  -.1659902   .0035306   -47.01   0.000     -.172941   -.1590395
        557  |  -.0946889   .0035306   -26.82   0.000    -.1016396   -.0877381
        558  |  -.1727605   1.51e-14 -1.1e+13   0.000    -.1727605   -.1727605
        559  |  -.0577434   1.51e-14 -3.8e+12   0.000    -.0577434   -.0577434
        560  |  -.1501589   .0035306   -42.53   0.000    -.1571096   -.1432081
        561  |  -.1511552   1.51e-14 -1.0e+13   0.000    -.1511552   -.1511552
        562  |  -.1123709   .0035306   -31.83   0.000    -.1193216   -.1054201
        563  |  -.1670089   1.51e-14 -1.1e+13   0.000    -.1670089   -.1670089
        564  |  -.1581865   1.51e-14 -1.0e+13   0.000    -.1581865   -.1581865
        565  |  -.1334831   1.51e-14 -8.8e+12   0.000    -.1334831   -.1334831
        566  |  -.1760982   1.51e-14 -1.2e+13   0.000    -.1760982   -.1760982
        567  |  -.1481413   1.51e-14 -9.8e+12   0.000    -.1481413   -.1481413
        568  |  -.1712796   1.51e-14 -1.1e+13   0.000    -.1712796   -.1712796
        569  |  -.1791219   1.51e-14 -1.2e+13   0.000    -.1791219   -.1791219
        570  |  -.1798182   1.51e-14 -1.2e+13   0.000    -.1798182   -.1798182
        571  |  -.1710629   1.51e-14 -1.1e+13   0.000    -.1710629   -.1710629
        572  |  -.1363094   1.51e-14 -9.0e+12   0.000    -.1363094   -.1363094
        573  |  -.1627974   .0035306   -46.11   0.000    -.1697482   -.1558467
        574  |  -.1237497   1.51e-14 -8.2e+12   0.000    -.1237497   -.1237497
        575  |  -.1493485   .0035306   -42.30   0.000    -.1562992   -.1423977
        576  |  -.1456181   .0035306   -41.24   0.000    -.1525689   -.1386674
        577  |  -.0891381   .0035306   -25.25   0.000    -.0960888   -.0821873
        578  |  -.1757286   .0035306   -49.77   0.000    -.1826793   -.1687778
        579  |  -.1508243   .0035306   -42.72   0.000    -.1577751   -.1438736
        580  |   -.167942   1.51e-14 -1.1e+13   0.000     -.167942    -.167942
        581  |  -.1786435   1.51e-14 -1.2e+13   0.000    -.1786435   -.1786435
        582  |   -.163144   .0035306   -46.21   0.000    -.1700947   -.1561932
        583  |  -.1681021   .0035306   -47.61   0.000    -.1750529   -.1611514
        584  |  -.1693087   1.51e-14 -1.1e+13   0.000    -.1693087   -.1693087
        585  |   .0078472   .0035306     2.22   0.027     .0008965     .014798
        586  |  -.1382571   .0035306   -39.16   0.000    -.1452078   -.1313063
        587  |  -.1701157   1.51e-14 -1.1e+13   0.000    -.1701157   -.1701157
        588  |  -.0876295   1.51e-14 -5.8e+12   0.000    -.0876295   -.0876295
        589  |  -.1612489   .0035306   -45.67   0.000    -.1681996   -.1542981
        590  |   -.165495   .0035306   -46.87   0.000    -.1724457   -.1585442
        591  |  -.1724677   1.51e-14 -1.1e+13   0.000    -.1724677   -.1724677
        592  |   .0166002   .0035306     4.70   0.000     .0096495     .023551
        593  |  -.0462562   .0035306   -13.10   0.000    -.0532069   -.0393054
        594  |  -.1726639   1.51e-14 -1.1e+13   0.000    -.1726639   -.1726639
        595  |  -.1526535   1.51e-14 -1.0e+13   0.000    -.1526535   -.1526535
        596  |  -.1539793   1.51e-14 -1.0e+13   0.000    -.1539793   -.1539793
        597  |  -.1506182   1.51e-14 -9.9e+12   0.000    -.1506182   -.1506182
        598  |  -.1617779   1.51e-14 -1.1e+13   0.000    -.1617779   -.1617779
        599  |  -.1056803   1.51e-14 -7.0e+12   0.000    -.1056803   -.1056803
        600  |  -.1738206   1.51e-14 -1.1e+13   0.000    -.1738206   -.1738206
        601  |  -.1503392   1.51e-14 -9.9e+12   0.000    -.1503392   -.1503392
        602  |  -.1689362   1.51e-14 -1.1e+13   0.000    -.1689362   -.1689362
        603  |  -.1799145   1.51e-14 -1.2e+13   0.000    -.1799145   -.1799145
        604  |    -.16935   .0035306   -47.97   0.000    -.1763008   -.1623993
        605  |   -.170473   1.51e-14 -1.1e+13   0.000     -.170473    -.170473
        606  |  -.1480759   .0035306   -41.94   0.000    -.1550267   -.1411252
        607  |  -.1794081   1.51e-14 -1.2e+13   0.000    -.1794081   -.1794081
        608  |  -.1673479   1.51e-14 -1.1e+13   0.000    -.1673479   -.1673479
        609  |  -.1755758   .0035306   -49.73   0.000    -.1825266   -.1686251
        610  |  -.1709033   1.51e-14 -1.1e+13   0.000    -.1709033   -.1709033
        611  |  -.1795384   .0035306   -50.85   0.000    -.1864892   -.1725877
        612  |  -.1217682   1.51e-14 -8.0e+12   0.000    -.1217682   -.1217682
        613  |  -.0723746   .0035306   -20.50   0.000    -.0793254   -.0654238
        614  |  -.1554339   .0035306   -44.02   0.000    -.1623846   -.1484831
        615  |  -.1621849   .0035306   -45.94   0.000    -.1691357   -.1552342
        616  |  -.1536588   .0035306   -43.52   0.000    -.1606096   -.1467081
        617  |  -.1529845   1.51e-14 -1.0e+13   0.000    -.1529845   -.1529845
        618  |  -.1732421   1.51e-14 -1.1e+13   0.000    -.1732421   -.1732421
        619  |  -.1760995   1.51e-14 -1.2e+13   0.000    -.1760995   -.1760995
        620  |  -.1216941   1.51e-14 -8.0e+12   0.000    -.1216941   -.1216941
        621  |  -.1619771   .0035306   -45.88   0.000    -.1689279   -.1550264
        622  |  -.1645067   1.51e-14 -1.1e+13   0.000    -.1645067   -.1645067
        623  |  -.1337158   1.51e-14 -8.8e+12   0.000    -.1337158   -.1337158
        624  |  -.1074582   .0035306   -30.44   0.000    -.1144089   -.1005074
        625  |  -.1525349   .0035306   -43.20   0.000    -.1594856   -.1455841
        626  |  -.1492315   1.51e-14 -9.9e+12   0.000    -.1492315   -.1492315
        627  |  -.1815406   1.51e-14 -1.2e+13   0.000    -.1815406   -.1815406
        628  |  -.1480261   .0035306   -41.93   0.000    -.1549769   -.1410754
        629  |  -.1548196   .0035306   -43.85   0.000    -.1617703   -.1478688
        630  |  -.1633219   1.51e-14 -1.1e+13   0.000    -.1633219   -.1633219
        631  |  -.1574362   1.51e-14 -1.0e+13   0.000    -.1574362   -.1574362
        632  |  -.1453851   1.51e-14 -9.6e+12   0.000    -.1453851   -.1453851
        633  |  -.1632231   1.51e-14 -1.1e+13   0.000    -.1632231   -.1632231
        634  |  -.1693332   1.51e-14 -1.1e+13   0.000    -.1693332   -.1693332
        635  |     -.1587   1.51e-14 -1.0e+13   0.000       -.1587      -.1587
        636  |  -.1669088   1.51e-14 -1.1e+13   0.000    -.1669088   -.1669088
        637  |   -.131996   1.51e-14 -8.7e+12   0.000     -.131996    -.131996
        638  |  -.1429798   1.51e-14 -9.4e+12   0.000    -.1429798   -.1429798
        639  |   -.181398   1.51e-14 -1.2e+13   0.000     -.181398    -.181398
        640  |  -.0656034   .0035306   -18.58   0.000    -.0725541   -.0586526
        641  |  -.0513731   .0035306   -14.55   0.000    -.0583239   -.0444224
        642  |  -.0410499   1.51e-14 -2.7e+12   0.000    -.0410499   -.0410499
        643  |    .038585   .0035306    10.93   0.000     .0316342    .0455357
        644  |  -.0052872   .0035306    -1.50   0.135     -.012238    .0016635
        645  |  -.0285749   .0035306    -8.09   0.000    -.0355256   -.0216241
        646  |   -.146432   1.51e-14 -9.7e+12   0.000     -.146432    -.146432
        647  |   -.132819   1.51e-14 -8.8e+12   0.000     -.132819    -.132819
        648  |  -.0832269   1.51e-14 -5.5e+12   0.000    -.0832269   -.0832269
        649  |  -.1452138   1.51e-14 -9.6e+12   0.000    -.1452138   -.1452138
        650  |  -.0903583   .0035306   -25.59   0.000    -.0973091   -.0834075
        651  |  -.1157784   .0035306   -32.79   0.000    -.1227291   -.1088276
        652  |  -.1140819   .0035306   -32.31   0.000    -.1210326   -.1071311
        653  |  -.0722435   .0035306   -20.46   0.000    -.0791943   -.0652928
        654  |  -.1121257   .0035306   -31.76   0.000    -.1190765    -.105175
        655  |  -.0767226   1.51e-14 -5.1e+12   0.000    -.0767226   -.0767226
        656  |  -.0733972   .0035306   -20.79   0.000    -.0803479   -.0664464
        657  |   -.095686   1.51e-14 -6.3e+12   0.000     -.095686    -.095686
        658  |  -.0789399   .0035306   -22.36   0.000    -.0858907   -.0719892
        659  |  -.1621065   1.51e-14 -1.1e+13   0.000    -.1621065   -.1621065
        660  |  -.0728664   1.51e-14 -4.8e+12   0.000    -.0728664   -.0728664
        661  |  -.0945527   .0035306   -26.78   0.000    -.1015035    -.087602
        662  |  -.1263054   .0035306   -35.77   0.000    -.1332561   -.1193546
        663  |   .0403572   .0035306    11.43   0.000     .0334065     .047308
        664  |  -.0847907   .0035306   -24.02   0.000    -.0917414   -.0778399
        665  |  -.0330486   .0035306    -9.36   0.000    -.0399993   -.0260978
        666  |  -.0555924   1.51e-14 -3.7e+12   0.000    -.0555924   -.0555924
        667  |  -.1317171   1.51e-14 -8.7e+12   0.000    -.1317171   -.1317171
        668  |   .0273971   .0035306     7.76   0.000     .0204463    .0343478
        669  |  -.1115521   .0035306   -31.60   0.000    -.1185029   -.1046013
        670  |  -.1006543   .0035306   -28.51   0.000     -.107605   -.0937035
        671  |  -.0658608   1.51e-14 -4.4e+12   0.000    -.0658608   -.0658608
        672  |  -.0996924   .0035306   -28.24   0.000    -.1066431   -.0927416
        673  |  -.0303818   .0035306    -8.61   0.000    -.0373326   -.0234311
        674  |  -.1058004   1.51e-14 -7.0e+12   0.000    -.1058004   -.1058004
        675  |  -.1258966   1.51e-14 -8.3e+12   0.000    -.1258966   -.1258966
        676  |  -.0331857   1.51e-14 -2.2e+12   0.000    -.0331857   -.0331857
        677  |  -.0768831   1.51e-14 -5.1e+12   0.000    -.0768831   -.0768831
        678  |  -.0479786   .0035306   -13.59   0.000    -.0549294   -.0410279
        679  |  -.0033533   .0035306    -0.95   0.343     -.010304    .0035975
        680  |  -.1228847   .0035306   -34.81   0.000    -.1298354   -.1159339
        681  |  -.1379676   .0035306   -39.08   0.000    -.1449184   -.1310169
        682  |  -.1452801   1.51e-14 -9.6e+12   0.000    -.1452801   -.1452801
        683  |  -.1479351   1.51e-14 -9.8e+12   0.000    -.1479351   -.1479351
        684  |  -.1825434   1.51e-14 -1.2e+13   0.000    -.1825434   -.1825434
        685  |  -.0805731   .0035306   -22.82   0.000    -.0875238   -.0736223
        686  |  -.1349189   1.51e-14 -8.9e+12   0.000    -.1349189   -.1349189
        687  |  -.1364017   1.51e-14 -9.0e+12   0.000    -.1364017   -.1364017
        688  |  -.0565764   .0035306   -16.02   0.000    -.0635271   -.0496256
        689  |  -.1194634   1.51e-14 -7.9e+12   0.000    -.1194634   -.1194634
        690  |  -.1434347   1.51e-14 -9.5e+12   0.000    -.1434347   -.1434347
        691  |  -.1729671   1.51e-14 -1.1e+13   0.000    -.1729671   -.1729671
        692  |   -.110092   1.51e-14 -7.3e+12   0.000     -.110092    -.110092
        693  |   -.157344   1.51e-14 -1.0e+13   0.000     -.157344    -.157344
        694  |  -.1826301   1.51e-14 -1.2e+13   0.000    -.1826301   -.1826301
        695  |  -.1687799   1.51e-14 -1.1e+13   0.000    -.1687799   -.1687799
        696  |  -.1540255   1.51e-14 -1.0e+13   0.000    -.1540255   -.1540255
        697  |  -.0894129   .0035306   -25.32   0.000    -.0963636   -.0824621
        698  |  -.1707906   1.51e-14 -1.1e+13   0.000    -.1707906   -.1707906
        699  |  -.0762925   .0035306   -21.61   0.000    -.0832433   -.0693418
        700  |  -.1028365   1.51e-14 -6.8e+12   0.000    -.1028365   -.1028365
        701  |  -.1731632   .0035306   -49.05   0.000    -.1801139   -.1662124
        702  |  -.1824074   1.51e-14 -1.2e+13   0.000    -.1824074   -.1824074
        703  |  -.1117974   .0035306   -31.66   0.000    -.1187482   -.1048467
        704  |  -.1285953   1.51e-14 -8.5e+12   0.000    -.1285953   -.1285953
        705  |  -.1275378   .0035306   -36.12   0.000    -.1344886   -.1205871
        706  |  -.1393408   .0035306   -39.47   0.000    -.1462916   -.1323901
        707  |  -.1404387   1.51e-14 -9.3e+12   0.000    -.1404387   -.1404387
        708  |  -.1779743   1.51e-14 -1.2e+13   0.000    -.1779743   -.1779743
        709  |  -.1355552   1.51e-14 -9.0e+12   0.000    -.1355552   -.1355552
        710  |  -.1823382   1.51e-14 -1.2e+13   0.000    -.1823382   -.1823382
        711  |  -.1666112   1.51e-14 -1.1e+13   0.000    -.1666112   -.1666112
        712  |  -.1319023   1.51e-14 -8.7e+12   0.000    -.1319023   -.1319023
        713  |  -.1109186   .0035306   -31.42   0.000    -.1178694   -.1039679
        714  |  -.1114147   .0035306   -31.56   0.000    -.1183654   -.1044639
        715  |  -.1509082   1.51e-14 -1.0e+13   0.000    -.1509082   -.1509082
        716  |   -.172541   1.51e-14 -1.1e+13   0.000     -.172541    -.172541
        717  |  -.0707297   .0035306   -20.03   0.000    -.0776805    -.063779
        718  |   -.018511   .0035306    -5.24   0.000    -.0254617   -.0115602
        719  |  -.0916948   1.51e-14 -6.1e+12   0.000    -.0916948   -.0916948
        720  |  -.1235363   1.51e-14 -8.2e+12   0.000    -.1235363   -.1235363
        721  |  -.1439086   1.51e-14 -9.5e+12   0.000    -.1439086   -.1439086
        722  |  -.1414125   1.51e-14 -9.3e+12   0.000    -.1414125   -.1414125
        723  |  -.1655652   1.51e-14 -1.1e+13   0.000    -.1655652   -.1655652
        724  |  -.1377877   1.51e-14 -9.1e+12   0.000    -.1377877   -.1377877
        725  |   -.096877   .0035306   -27.44   0.000    -.1038278   -.0899263
        726  |  -.0182786   .0035306    -5.18   0.000    -.0252293   -.0113278
        727  |  -.1538234   1.51e-14 -1.0e+13   0.000    -.1538234   -.1538234
        728  |  -.0780246   .0035306   -22.10   0.000    -.0849754   -.0710739
        729  |  -.1372781   .0035306   -38.88   0.000    -.1442289   -.1303274
        730  |  -.1416834   1.51e-14 -9.4e+12   0.000    -.1416834   -.1416834
        731  |    -.06996   1.51e-14 -4.6e+12   0.000      -.06996     -.06996
        732  |  -.0830161   1.51e-14 -5.5e+12   0.000    -.0830161   -.0830161
        733  |  -.1640536   1.51e-14 -1.1e+13   0.000    -.1640536   -.1640536
        734  |  -.0248779   .0035306    -7.05   0.000    -.0318286   -.0179271
        735  |  -.1603923   .0035306   -45.43   0.000    -.1673431   -.1534416
        736  |  -.1347741   .0035306   -38.17   0.000    -.1417248   -.1278233
        737  |  -.1004371   1.51e-14 -6.6e+12   0.000    -.1004371   -.1004371
        738  |   -.141854   .0035306   -40.18   0.000    -.1488047   -.1349032
        739  |  -.1419452   .0035306   -40.20   0.000     -.148896   -.1349945
        740  |  -.1685008   1.51e-14 -1.1e+13   0.000    -.1685008   -.1685008
        741  |  -.0968198   .0035306   -27.42   0.000    -.1037705    -.089869
        742  |  -.1677661   .0035306   -47.52   0.000    -.1747168   -.1608153
        743  |  -.0713562   1.51e-14 -4.7e+12   0.000    -.0713562   -.0713562
        744  |   .0003451   .0035306     0.10   0.922    -.0066057    .0072958
        745  |  -.1424047   1.51e-14 -9.4e+12   0.000    -.1424047   -.1424047
        746  |  -.1304751   1.51e-14 -8.6e+12   0.000    -.1304751   -.1304751
        747  |   -.136128   1.51e-14 -9.0e+12   0.000     -.136128    -.136128
        748  |  -.0899661   .0035306   -25.48   0.000    -.0969169   -.0830154
        749  |  -.1322039   .0035306   -37.44   0.000    -.1391546   -.1252531
        750  |  -.1091682   .0035306   -30.92   0.000     -.116119   -.1022175
        751  |  -.1589252   .0035306   -45.01   0.000     -.165876   -.1519745
        752  |  -.1424798   1.51e-14 -9.4e+12   0.000    -.1424798   -.1424798
        753  |  -.1589245   1.51e-14 -1.0e+13   0.000    -.1589245   -.1589245
        754  |  -.1269858   1.51e-14 -8.4e+12   0.000    -.1269858   -.1269858
        755  |  -.0922029   .0035306   -26.12   0.000    -.0991536   -.0852521
        756  |  -.1568207   1.51e-14 -1.0e+13   0.000    -.1568207   -.1568207
        757  |  -.1423939   1.51e-14 -9.4e+12   0.000    -.1423939   -.1423939
        758  |   -.115759   1.51e-14 -7.6e+12   0.000     -.115759    -.115759
        759  |  -.0495546   .0035306   -14.04   0.000    -.0565053   -.0426038
        760  |  -.1574463   1.51e-14 -1.0e+13   0.000    -.1574463   -.1574463
        761  |  -.1680535   1.51e-14 -1.1e+13   0.000    -.1680535   -.1680535
        762  |  -.1215102   .0035306   -34.42   0.000     -.128461   -.1145595
        763  |   -.143473   1.51e-14 -9.5e+12   0.000     -.143473    -.143473
        764  |  -.0512793   1.51e-14 -3.4e+12   0.000    -.0512793   -.0512793
        765  |  -.1766023   1.51e-14 -1.2e+13   0.000    -.1766023   -.1766023
        766  |  -.1599598   1.51e-14 -1.1e+13   0.000    -.1599598   -.1599598
        767  |  -.1358433   1.51e-14 -9.0e+12   0.000    -.1358433   -.1358433
        768  |  -.1285761   1.51e-14 -8.5e+12   0.000    -.1285761   -.1285761
        769  |  -.1673928   1.51e-14 -1.1e+13   0.000    -.1673928   -.1673928
        770  |  -.0951159   1.51e-14 -6.3e+12   0.000    -.0951159   -.0951159
        771  |  -.1302466   1.51e-14 -8.6e+12   0.000    -.1302466   -.1302466
        772  |   -.117272   1.51e-14 -7.7e+12   0.000     -.117272    -.117272
        773  |  -.1518066   1.51e-14 -1.0e+13   0.000    -.1518066   -.1518066
        774  |  -.1244908   1.51e-14 -8.2e+12   0.000    -.1244908   -.1244908
        775  |  -.1505463   1.51e-14 -9.9e+12   0.000    -.1505463   -.1505463
        776  |  -.1717002   1.51e-14 -1.1e+13   0.000    -.1717002   -.1717002
        777  |  -.0908955   .0035306   -25.74   0.000    -.0978463   -.0839448
        778  |  -.0415454   .0035306   -11.77   0.000    -.0484961   -.0345946
        779  |  -.1134966   1.51e-14 -7.5e+12   0.000    -.1134966   -.1134966
        780  |  -.1747307   1.51e-14 -1.2e+13   0.000    -.1747307   -.1747307
        781  |  -.1766469   1.51e-14 -1.2e+13   0.000    -.1766469   -.1766469
        782  |  -.1687858   1.51e-14 -1.1e+13   0.000    -.1687858   -.1687858
        783  |  -.1429338   1.51e-14 -9.4e+12   0.000    -.1429338   -.1429338
        784  |  -.0625694   .0035306   -17.72   0.000    -.0695202   -.0556187
        785  |   -.138444   1.51e-14 -9.1e+12   0.000     -.138444    -.138444
        786  |  -.1344493   1.51e-14 -8.9e+12   0.000    -.1344493   -.1344493
        787  |  -.1434854   1.51e-14 -9.5e+12   0.000    -.1434854   -.1434854
        788  |  -.1607207   1.51e-14 -1.1e+13   0.000    -.1607207   -.1607207
        789  |   -.162253   1.51e-14 -1.1e+13   0.000     -.162253    -.162253
        790  |  -.1559001   1.51e-14 -1.0e+13   0.000    -.1559001   -.1559001
        791  |  -.0744486   .0035306   -21.09   0.000    -.0813993   -.0674978
        792  |  -.1528822   1.51e-14 -1.0e+13   0.000    -.1528822   -.1528822
        793  |  -.1819104   1.51e-14 -1.2e+13   0.000    -.1819104   -.1819104
        794  |   -.150284   1.51e-14 -9.9e+12   0.000     -.150284    -.150284
        795  |  -.1675998   1.51e-14 -1.1e+13   0.000    -.1675998   -.1675998
        796  |  -.1289893   1.51e-14 -8.5e+12   0.000    -.1289893   -.1289893
        797  |  -.1582979   1.51e-14 -1.0e+13   0.000    -.1582979   -.1582979
        798  |  -.1518426   .0035306   -43.01   0.000    -.1587933   -.1448918
        799  |  -.1267681   1.51e-14 -8.4e+12   0.000    -.1267681   -.1267681
        800  |  -.1600452   1.51e-14 -1.1e+13   0.000    -.1600452   -.1600452
        801  |    -.13212   1.51e-14 -8.7e+12   0.000      -.13212     -.13212
        802  |  -.0681192   1.51e-14 -4.5e+12   0.000    -.0681192   -.0681192
        803  |  -.1392913   .0035306   -39.45   0.000    -.1462421   -.1323406
        804  |  -.1635561   1.51e-14 -1.1e+13   0.000    -.1635561   -.1635561
        805  |  -.1290007   1.51e-14 -8.5e+12   0.000    -.1290007   -.1290007
        806  |  -.1548406   1.51e-14 -1.0e+13   0.000    -.1548406   -.1548406
        807  |  -.1172788   1.51e-14 -7.7e+12   0.000    -.1172788   -.1172788
        808  |  -.0454444   .0035306   -12.87   0.000    -.0523952   -.0384937
        809  |  -.1259627   1.51e-14 -8.3e+12   0.000    -.1259627   -.1259627
        810  |  -.1323087   1.51e-14 -8.7e+12   0.000    -.1323087   -.1323087
        811  |  -.1463616   1.51e-14 -9.7e+12   0.000    -.1463616   -.1463616
        812  |  -.1033587   1.51e-14 -6.8e+12   0.000    -.1033587   -.1033587
        813  |  -.1604308   .0035306   -45.44   0.000    -.1673816   -.1534801
        814  |  -.1311877   .0035306   -37.16   0.000    -.1381384   -.1242369
        815  |  -.1296144   1.51e-14 -8.6e+12   0.000    -.1296144   -.1296144
        816  |  -.1439585   1.51e-14 -9.5e+12   0.000    -.1439585   -.1439585
        817  |  -.0450672   .0035306   -12.76   0.000    -.0520179   -.0381164
        818  |  -.1235456   1.51e-14 -8.2e+12   0.000    -.1235456   -.1235456
        819  |  -.1641562   1.51e-14 -1.1e+13   0.000    -.1641562   -.1641562
        820  |  -.1223228   1.51e-14 -8.1e+12   0.000    -.1223228   -.1223228
        821  |  -.1558293   1.51e-14 -1.0e+13   0.000    -.1558293   -.1558293
        822  |  -.1175152   1.51e-14 -7.8e+12   0.000    -.1175152   -.1175152
        823  |  -.1428323   .0035306   -40.46   0.000    -.1497831   -.1358816
        824  |  -.1562584   1.51e-14 -1.0e+13   0.000    -.1562584   -.1562584
        825  |  -.1263241   1.51e-14 -8.3e+12   0.000    -.1263241   -.1263241
        826  |  -.1664429   1.51e-14 -1.1e+13   0.000    -.1664429   -.1664429
        827  |  -.0777517   .0035306   -22.02   0.000    -.0847025    -.070801
        828  |  -.0757099   .0035306   -21.44   0.000    -.0826607   -.0687592
        829  |  -.0711857   .0035306   -20.16   0.000    -.0781364   -.0642349
        830  |  -.0363337   .0035306   -10.29   0.000    -.0432844   -.0293829
        831  |  -.1455503   1.51e-14 -9.6e+12   0.000    -.1455503   -.1455503
        832  |  -.1564108   1.51e-14 -1.0e+13   0.000    -.1564108   -.1564108
        833  |  -.1573637   .0035306   -44.57   0.000    -.1643145    -.150413
        834  |  -.0942287   .0035306   -26.69   0.000    -.1011795    -.087278
        835  |   -.149648   .0035306   -42.39   0.000    -.1565987   -.1426972
        836  |  -.1578001   1.51e-14 -1.0e+13   0.000    -.1578001   -.1578001
        837  |  -.1401076   1.51e-14 -9.3e+12   0.000    -.1401076   -.1401076
        838  |  -.1548221   .0035306   -43.85   0.000    -.1617729   -.1478714
        839  |  -.1135862   .0035306   -32.17   0.000    -.1205369   -.1066354
        840  |  -.1196472   1.51e-14 -7.9e+12   0.000    -.1196472   -.1196472
        841  |   -.079539   .0035306   -22.53   0.000    -.0864897   -.0725882
        842  |  -.1494553   1.51e-14 -9.9e+12   0.000    -.1494553   -.1494553
        843  |  -.1448693   1.51e-14 -9.6e+12   0.000    -.1448693   -.1448693
        844  |  -.1198433   1.51e-14 -7.9e+12   0.000    -.1198433   -.1198433
        845  |  -.1419202   .0035306   -40.20   0.000     -.148871   -.1349694
        846  |  -.1154896   .0035306   -32.71   0.000    -.1224403   -.1085388
        847  |  -.1142905   1.51e-14 -7.5e+12   0.000    -.1142905   -.1142905
        848  |  -.0401723   .0035306   -11.38   0.000     -.047123   -.0332215
        849  |  -.1210031   .0035306   -34.27   0.000    -.1279539   -.1140524
        850  |   -.111761   1.51e-14 -7.4e+12   0.000     -.111761    -.111761
        851  |  -.1596113   1.51e-14 -1.1e+13   0.000    -.1596113   -.1596113
        852  |  -.1178031   1.51e-14 -7.8e+12   0.000    -.1178031   -.1178031
        853  |  -.1363401   1.51e-14 -9.0e+12   0.000    -.1363401   -.1363401
        854  |   -.154845   1.51e-14 -1.0e+13   0.000     -.154845    -.154845
        855  |  -.1224958   1.51e-14 -8.1e+12   0.000    -.1224958   -.1224958
        856  |  -.1605336   .0035306   -45.47   0.000    -.1674844   -.1535829
        857  |  -.1689278   1.51e-14 -1.1e+13   0.000    -.1689278   -.1689278
        858  |  -.1287685   .0035306   -36.47   0.000    -.1357193   -.1218178
        859  |  -.1577043   1.51e-14 -1.0e+13   0.000    -.1577043   -.1577043
        860  |  -.1698947   1.51e-14 -1.1e+13   0.000    -.1698947   -.1698947
        861  |  -.1196702   .0035306   -33.89   0.000    -.1266209   -.1127194
        862  |    .031093   1.51e-14  2.1e+12   0.000      .031093     .031093
        863  |  -.1755391   1.51e-14 -1.2e+13   0.000    -.1755391   -.1755391
        864  |  -.0343029   1.51e-14 -2.3e+12   0.000    -.0343029   -.0343029
        865  |  -.1435367   1.51e-14 -9.5e+12   0.000    -.1435367   -.1435367
        866  |  -.1614002   1.51e-14 -1.1e+13   0.000    -.1614002   -.1614002
        867  |  -.1671441   1.51e-14 -1.1e+13   0.000    -.1671441   -.1671441
        868  |  -.1517224   1.51e-14 -1.0e+13   0.000    -.1517224   -.1517224
        869  |  -.1195142   1.51e-14 -7.9e+12   0.000    -.1195142   -.1195142
        870  |  -.1612399   1.51e-14 -1.1e+13   0.000    -.1612399   -.1612399
        871  |  -.0706537   1.51e-14 -4.7e+12   0.000    -.0706537   -.0706537
        872  |  -.1617787   1.51e-14 -1.1e+13   0.000    -.1617787   -.1617787
        873  |  -.1816155   1.51e-14 -1.2e+13   0.000    -.1816155   -.1816155
        874  |  -.0269892   1.51e-14 -1.8e+12   0.000    -.0269892   -.0269892
        875  |  -.1370229   1.51e-14 -9.1e+12   0.000    -.1370229   -.1370229
        876  |  -.1313178   1.51e-14 -8.7e+12   0.000    -.1313178   -.1313178
        877  |   .1094429   1.51e-14  7.2e+12   0.000     .1094429    .1094429
        878  |  -.1584781   .0035306   -44.89   0.000    -.1654288   -.1515273
        879  |  -.1787309   1.51e-14 -1.2e+13   0.000    -.1787309   -.1787309
        880  |  -.1367189   1.51e-14 -9.0e+12   0.000    -.1367189   -.1367189
        881  |   -.133797   .0035306   -37.90   0.000    -.1407477   -.1268462
        882  |  -.1565556   1.51e-14 -1.0e+13   0.000    -.1565556   -.1565556
        883  |  -.1378314   .0035306   -39.04   0.000    -.1447821   -.1308806
        884  |   -.160321   1.51e-14 -1.1e+13   0.000     -.160321    -.160321
        885  |   -.179376   1.51e-14 -1.2e+13   0.000     -.179376    -.179376
        886  |  -.0412794   1.51e-14 -2.7e+12   0.000    -.0412794   -.0412794
        887  |  -.1746175   1.51e-14 -1.2e+13   0.000    -.1746175   -.1746175
        888  |  -.1446072   1.51e-14 -9.6e+12   0.000    -.1446072   -.1446072
        889  |  -.1546837   1.51e-14 -1.0e+13   0.000    -.1546837   -.1546837
        890  |  -.1710457   1.51e-14 -1.1e+13   0.000    -.1710457   -.1710457
        891  |  -.0860469   1.51e-14 -5.7e+12   0.000    -.0860469   -.0860469
        892  |  -.1610453   1.51e-14 -1.1e+13   0.000    -.1610453   -.1610453
        893  |   -.176607   1.51e-14 -1.2e+13   0.000     -.176607    -.176607
        894  |  -.1420437   .0035306   -40.23   0.000    -.1489944   -.1350929
        895  |  -.1195345   1.51e-14 -7.9e+12   0.000    -.1195345   -.1195345
        896  |   -.167454   1.51e-14 -1.1e+13   0.000     -.167454    -.167454
        897  |  -.1423069   1.51e-14 -9.4e+12   0.000    -.1423069   -.1423069
        898  |  -.1697587   .0035306   -48.08   0.000    -.1767094   -.1628079
        899  |  -.1534863   .0035306   -43.47   0.000    -.1604371   -.1465356
        900  |  -.1610439   1.51e-14 -1.1e+13   0.000    -.1610439   -.1610439
        901  |  -.1587067   1.51e-14 -1.0e+13   0.000    -.1587067   -.1587067
        902  |  -.1442452   1.51e-14 -9.5e+12   0.000    -.1442452   -.1442452
        903  |  -.0848478   1.51e-14 -5.6e+12   0.000    -.0848478   -.0848478
        904  |  -.1612936   1.51e-14 -1.1e+13   0.000    -.1612936   -.1612936
        905  |  -.1175712   1.51e-14 -7.8e+12   0.000    -.1175712   -.1175712
        906  |  -.1166291   1.51e-14 -7.7e+12   0.000    -.1166291   -.1166291
        907  |  -.1629602   .0035306   -46.16   0.000     -.169911   -.1560095
        908  |  -.1514051   1.51e-14 -1.0e+13   0.000    -.1514051   -.1514051
        909  |  -.1437854   1.51e-14 -9.5e+12   0.000    -.1437854   -.1437854
        910  |   .0307074   1.51e-14  2.0e+12   0.000     .0307074    .0307074
        911  |  -.1819262   1.51e-14 -1.2e+13   0.000    -.1819262   -.1819262
        912  |  -.0354664   1.51e-14 -2.3e+12   0.000    -.0354664   -.0354664
        913  |  -.1321392   1.51e-14 -8.7e+12   0.000    -.1321392   -.1321392
        914  |  -.1823291   1.51e-14 -1.2e+13   0.000    -.1823291   -.1823291
        915  |  -.1815884   1.51e-14 -1.2e+13   0.000    -.1815884   -.1815884
        916  |  -.1702048   1.51e-14 -1.1e+13   0.000    -.1702048   -.1702048
        917  |  -.1654954   1.51e-14 -1.1e+13   0.000    -.1654954   -.1654954
        918  |  -.1333603   .0035306   -37.77   0.000     -.140311   -.1264095
        919  |  -.1681389   1.51e-14 -1.1e+13   0.000    -.1681389   -.1681389
        920  |  -.1507878   1.51e-14 -1.0e+13   0.000    -.1507878   -.1507878
        921  |  -.1716194   1.51e-14 -1.1e+13   0.000    -.1716194   -.1716194
        922  |  -.1614885   1.51e-14 -1.1e+13   0.000    -.1614885   -.1614885
        923  |  -.1784466   1.51e-14 -1.2e+13   0.000    -.1784466   -.1784466
        924  |  -.1377117   .0035306   -39.00   0.000    -.1446625    -.130761
        925  |  -.0978088   1.51e-14 -6.5e+12   0.000    -.0978088   -.0978088
        926  |  -.1134068   1.51e-14 -7.5e+12   0.000    -.1134068   -.1134068
        927  |  -.1810664   1.51e-14 -1.2e+13   0.000    -.1810664   -.1810664
        928  |  -.1083989   1.51e-14 -7.2e+12   0.000    -.1083989   -.1083989
        929  |  -.1622529   1.51e-14 -1.1e+13   0.000    -.1622529   -.1622529
        930  |  -.1676027   1.51e-14 -1.1e+13   0.000    -.1676027   -.1676027
        931  |  -.1532353   1.51e-14 -1.0e+13   0.000    -.1532353   -.1532353
        932  |  -.1340103   1.51e-14 -8.9e+12   0.000    -.1340103   -.1340103
        933  |   .1086494   1.51e-14  7.2e+12   0.000     .1086494    .1086494
        934  |  -.0647525   1.51e-14 -4.3e+12   0.000    -.0647525   -.0647525
        935  |  -.1418862   1.51e-14 -9.4e+12   0.000    -.1418862   -.1418862
        936  |  -.0621693   1.51e-14 -4.1e+12   0.000    -.0621693   -.0621693
        937  |  -.0466268   1.51e-14 -3.1e+12   0.000    -.0466268   -.0466268
        938  |  -.1336989   1.51e-14 -8.8e+12   0.000    -.1336989   -.1336989
        939  |  -.0235431   1.51e-14 -1.6e+12   0.000    -.0235431   -.0235431
        940  |   -.003278   1.51e-14 -2.2e+11   0.000     -.003278    -.003278
        941  |  -.0268179   1.51e-14 -1.8e+12   0.000    -.0268179   -.0268179
        942  |  -.0193077   1.51e-14 -1.3e+12   0.000    -.0193077   -.0193077
        943  |  -.0803727   1.51e-14 -5.3e+12   0.000    -.0803727   -.0803727
        944  |  -.0159283   1.51e-14 -1.1e+12   0.000    -.0159283   -.0159283
        945  |  -.0034135   1.51e-14 -2.3e+11   0.000    -.0034135   -.0034135
        946  |    -.07933   .0035306   -22.47   0.000    -.0862807   -.0723792
        947  |  -.1628969   1.51e-14 -1.1e+13   0.000    -.1628969   -.1628969
        948  |  -.1631552   1.51e-14 -1.1e+13   0.000    -.1631552   -.1631552
        949  |  -.1725791   1.51e-14 -1.1e+13   0.000    -.1725791   -.1725791
        950  |  -.1573259   1.51e-14 -1.0e+13   0.000    -.1573259   -.1573259
        951  |   -.163805   .0035306   -46.40   0.000    -.1707557   -.1568542
        952  |  -.1338049   .0035306   -37.90   0.000    -.1407556   -.1268541
        953  |  -.1744522   1.51e-14 -1.2e+13   0.000    -.1744522   -.1744522
        954  |  -.1700425   1.51e-14 -1.1e+13   0.000    -.1700425   -.1700425
        955  |  -.1610389   .0035306   -45.61   0.000    -.1679897   -.1540882
        956  |  -.1655303   1.51e-14 -1.1e+13   0.000    -.1655303   -.1655303
        957  |  -.1634688   .0035306   -46.30   0.000    -.1704196   -.1565181
        958  |  -.1669133   1.51e-14 -1.1e+13   0.000    -.1669133   -.1669133
        959  |  -.1737764   1.51e-14 -1.1e+13   0.000    -.1737764   -.1737764
        960  |  -.1394826   1.51e-14 -9.2e+12   0.000    -.1394826   -.1394826
        961  |  -.1778371   1.51e-14 -1.2e+13   0.000    -.1778371   -.1778371
        962  |  -.1614659   1.51e-14 -1.1e+13   0.000    -.1614659   -.1614659
        963  |  -.1578016   1.51e-14 -1.0e+13   0.000    -.1578016   -.1578016
        964  |  -.1457121   1.51e-14 -9.6e+12   0.000    -.1457121   -.1457121
        965  |  -.1604838   1.51e-14 -1.1e+13   0.000    -.1604838   -.1604838
        966  |  -.1427973   1.51e-14 -9.4e+12   0.000    -.1427973   -.1427973
        967  |  -.1603323   .0035306   -45.41   0.000    -.1672831   -.1533816
        968  |  -.1520829   1.51e-14 -1.0e+13   0.000    -.1520829   -.1520829
        969  |  -.1318066   .0035306   -37.33   0.000    -.1387574   -.1248559
        970  |  -.1670824   1.51e-14 -1.1e+13   0.000    -.1670824   -.1670824
        971  |  -.1499559   1.51e-14 -9.9e+12   0.000    -.1499559   -.1499559
        972  |   -.159504   1.51e-14 -1.1e+13   0.000     -.159504    -.159504
        973  |  -.1185794   1.51e-14 -7.8e+12   0.000    -.1185794   -.1185794
        974  |  -.1803173   1.51e-14 -1.2e+13   0.000    -.1803173   -.1803173
        975  |  -.1807694   1.51e-14 -1.2e+13   0.000    -.1807694   -.1807694
        976  |  -.1623749   1.51e-14 -1.1e+13   0.000    -.1623749   -.1623749
        977  |  -.1433849   1.51e-14 -9.5e+12   0.000    -.1433849   -.1433849
        978  |  -.1468686   1.51e-14 -9.7e+12   0.000    -.1468686   -.1468686
        979  |  -.1632719   1.51e-14 -1.1e+13   0.000    -.1632719   -.1632719
        980  |  -.1535402   1.51e-14 -1.0e+13   0.000    -.1535402   -.1535402
        981  |  -.0979458   1.51e-14 -6.5e+12   0.000    -.0979458   -.0979458
        982  |  -.1663469   1.51e-14 -1.1e+13   0.000    -.1663469   -.1663469
        983  |  -.1744255   1.51e-14 -1.2e+13   0.000    -.1744255   -.1744255
        984  |  -.1688992   1.51e-14 -1.1e+13   0.000    -.1688992   -.1688992
        985  |  -.1655691   1.51e-14 -1.1e+13   0.000    -.1655691   -.1655691
        986  |  -.1717097   1.51e-14 -1.1e+13   0.000    -.1717097   -.1717097
        987  |   -.108456   1.51e-14 -7.2e+12   0.000     -.108456    -.108456
        988  |  -.1754042   1.51e-14 -1.2e+13   0.000    -.1754042   -.1754042
        989  |  -.1575928   1.51e-14 -1.0e+13   0.000    -.1575928   -.1575928
        990  |  -.1684283   1.51e-14 -1.1e+13   0.000    -.1684283   -.1684283
        991  |  -.1575563   1.51e-14 -1.0e+13   0.000    -.1575563   -.1575563
        992  |  -.1524637   1.51e-14 -1.0e+13   0.000    -.1524637   -.1524637
        993  |  -.0537692   1.51e-14 -3.6e+12   0.000    -.0537692   -.0537692
        994  |  -.1426193   1.51e-14 -9.4e+12   0.000    -.1426193   -.1426193
        995  |  -.1654839   1.51e-14 -1.1e+13   0.000    -.1654839   -.1654839
        996  |  -.1366514   1.51e-14 -9.0e+12   0.000    -.1366514   -.1366514
        997  |  -.1110721   1.51e-14 -7.3e+12   0.000    -.1110721   -.1110721
        998  |  -.1598536   1.51e-14 -1.1e+13   0.000    -.1598536   -.1598536
        999  |  -.1150005   1.51e-14 -7.6e+12   0.000    -.1150005   -.1150005
       1000  |   -.140987   1.51e-14 -9.3e+12   0.000     -.140987    -.140987
       1001  |   .0532874   1.51e-14  3.5e+12   0.000     .0532874    .0532874
       1002  |  -.1040044   1.51e-14 -6.9e+12   0.000    -.1040044   -.1040044
       1003  |  -.1410008   1.51e-14 -9.3e+12   0.000    -.1410008   -.1410008
       1004  |  -.1426505   1.51e-14 -9.4e+12   0.000    -.1426505   -.1426505
       1005  |  -.1413727   1.51e-14 -9.3e+12   0.000    -.1413727   -.1413727
       1006  |  -.1275503   1.51e-14 -8.4e+12   0.000    -.1275503   -.1275503
       1007  |  -.1660746   1.51e-14 -1.1e+13   0.000    -.1660746   -.1660746
       1008  |  -.1536708   1.51e-14 -1.0e+13   0.000    -.1536708   -.1536708
       1009  |  -.1616806   1.51e-14 -1.1e+13   0.000    -.1616806   -.1616806
       1010  |  -.1229094   1.51e-14 -8.1e+12   0.000    -.1229094   -.1229094
       1011  |  -.1618263   1.51e-14 -1.1e+13   0.000    -.1618263   -.1618263
       1012  |  -.1589986   1.51e-14 -1.1e+13   0.000    -.1589986   -.1589986
       1013  |  -.1579318   1.51e-14 -1.0e+13   0.000    -.1579318   -.1579318
       1014  |  -.0979033   1.51e-14 -6.5e+12   0.000    -.0979033   -.0979033
       1015  |  -.1468398   1.51e-14 -9.7e+12   0.000    -.1468398   -.1468398
       1016  |  -.0791435   1.51e-14 -5.2e+12   0.000    -.0791435   -.0791435
       1017  |  -.1154113   1.51e-14 -7.6e+12   0.000    -.1154113   -.1154113
       1018  |  -.1421793   1.51e-14 -9.4e+12   0.000    -.1421793   -.1421793
       1019  |  -.1442381   1.51e-14 -9.5e+12   0.000    -.1442381   -.1442381
       1020  |  -.1089439   1.51e-14 -7.2e+12   0.000    -.1089439   -.1089439
       1021  |  -.1259581   1.51e-14 -8.3e+12   0.000    -.1259581   -.1259581
       1022  |  -.1509593   1.51e-14 -1.0e+13   0.000    -.1509593   -.1509593
       1023  |  -.0566077   1.51e-14 -3.7e+12   0.000    -.0566077   -.0566077
       1024  |  -.1485512   1.51e-14 -9.8e+12   0.000    -.1485512   -.1485512
       1025  |  -.1313278   1.51e-14 -8.7e+12   0.000    -.1313278   -.1313278
       1026  |  -.1435665   1.51e-14 -9.5e+12   0.000    -.1435665   -.1435665
       1027  |  -.0864578   1.51e-14 -5.7e+12   0.000    -.0864578   -.0864578
       1028  |  -.0744181   1.51e-14 -4.9e+12   0.000    -.0744181   -.0744181
       1029  |   -.123236   1.51e-14 -8.1e+12   0.000     -.123236    -.123236
       1030  |  -.1384238   1.51e-14 -9.1e+12   0.000    -.1384238   -.1384238
       1031  |  -.0535457   1.51e-14 -3.5e+12   0.000    -.0535457   -.0535457
       1032  |  -.0225292   1.51e-14 -1.5e+12   0.000    -.0225292   -.0225292
       1033  |  -.0813876   1.51e-14 -5.4e+12   0.000    -.0813876   -.0813876
       1034  |   -.170074   1.51e-14 -1.1e+13   0.000     -.170074    -.170074
       1035  |  -.1456851   1.51e-14 -9.6e+12   0.000    -.1456851   -.1456851
       1036  |  -.1175134   1.51e-14 -7.8e+12   0.000    -.1175134   -.1175134
       1037  |  -.1187757   1.51e-14 -7.8e+12   0.000    -.1187757   -.1187757
       1038  |  -.1376231   1.51e-14 -9.1e+12   0.000    -.1376231   -.1376231
       1039  |   .0181332   1.51e-14  1.2e+12   0.000     .0181332    .0181332
       1040  |  -.0984487   1.51e-14 -6.5e+12   0.000    -.0984487   -.0984487
       1041  |  -.1361437   1.51e-14 -9.0e+12   0.000    -.1361437   -.1361437
       1042  |  -.1324947   1.51e-14 -8.8e+12   0.000    -.1324947   -.1324947
       1043  |  -.1587194   1.51e-14 -1.0e+13   0.000    -.1587194   -.1587194
       1044  |  -.1347755   1.51e-14 -8.9e+12   0.000    -.1347755   -.1347755
       1045  |  -.1265793   1.51e-14 -8.4e+12   0.000    -.1265793   -.1265793
       1046  |  -.1106484   1.51e-14 -7.3e+12   0.000    -.1106484   -.1106484
       1047  |  -.1639202   1.51e-14 -1.1e+13   0.000    -.1639202   -.1639202
       1048  |  -.0670157   1.51e-14 -4.4e+12   0.000    -.0670157   -.0670157
       1049  |  -.1213953   1.51e-14 -8.0e+12   0.000    -.1213953   -.1213953
       1050  |  -.1240107   1.51e-14 -8.2e+12   0.000    -.1240107   -.1240107
       1051  |  -.0960302   1.51e-14 -6.3e+12   0.000    -.0960302   -.0960302
       1052  |  -.1447233   1.51e-14 -9.6e+12   0.000    -.1447233   -.1447233
       1053  |  -.0562466   1.51e-14 -3.7e+12   0.000    -.0562466   -.0562466
       1054  |  -.0786428   1.51e-14 -5.2e+12   0.000    -.0786428   -.0786428
       1055  |  -.0997874   1.51e-14 -6.6e+12   0.000    -.0997874   -.0997874
       1056  |  -.0673647   1.51e-14 -4.4e+12   0.000    -.0673647   -.0673647
       1057  |  -.1418354   1.51e-14 -9.4e+12   0.000    -.1418354   -.1418354
       1058  |  -.1312286   1.51e-14 -8.7e+12   0.000    -.1312286   -.1312286
       1059  |  -.0496636   1.51e-14 -3.3e+12   0.000    -.0496636   -.0496636
       1060  |  -.1445224   1.51e-14 -9.5e+12   0.000    -.1445224   -.1445224
       1061  |   -.176955   1.51e-14 -1.2e+13   0.000     -.176955    -.176955
       1062  |  -.1187232   1.51e-14 -7.8e+12   0.000    -.1187232   -.1187232
       1063  |  -.0400946   1.51e-14 -2.6e+12   0.000    -.0400946   -.0400946
       1064  |  -.0299553   1.51e-14 -2.0e+12   0.000    -.0299553   -.0299553
       1065  |  -.1467674   1.51e-14 -9.7e+12   0.000    -.1467674   -.1467674
       1066  |  -.1605989   1.51e-14 -1.1e+13   0.000    -.1605989   -.1605989
       1067  |  -.1482271   1.51e-14 -9.8e+12   0.000    -.1482271   -.1482271
       1068  |   -.139673   1.51e-14 -9.2e+12   0.000     -.139673    -.139673
       1069  |  -.1390409   1.51e-14 -9.2e+12   0.000    -.1390409   -.1390409
       1070  |  -.1613683   1.51e-14 -1.1e+13   0.000    -.1613683   -.1613683
       1071  |  -.1390587   1.51e-14 -9.2e+12   0.000    -.1390587   -.1390587
       1072  |   -.164522   1.51e-14 -1.1e+13   0.000     -.164522    -.164522
       1073  |  -.1540063   1.51e-14 -1.0e+13   0.000    -.1540063   -.1540063
       1074  |   -.151557   1.51e-14 -1.0e+13   0.000     -.151557    -.151557
       1075  |  -.1545412   1.51e-14 -1.0e+13   0.000    -.1545412   -.1545412
       1076  |  -.1377229   1.51e-14 -9.1e+12   0.000    -.1377229   -.1377229
       1077  |  -.1821521   1.51e-14 -1.2e+13   0.000    -.1821521   -.1821521
       1078  |  -.1375134   1.51e-14 -9.1e+12   0.000    -.1375134   -.1375134
       1079  |  -.1404401   1.51e-14 -9.3e+12   0.000    -.1404401   -.1404401
       1080  |  -.1690085   1.51e-14 -1.1e+13   0.000    -.1690085   -.1690085
       1081  |  -.1104826   1.51e-14 -7.3e+12   0.000    -.1104826   -.1104826
       1082  |  -.1585912   1.51e-14 -1.0e+13   0.000    -.1585912   -.1585912
       1083  |  -.1727833   1.51e-14 -1.1e+13   0.000    -.1727833   -.1727833
       1084  |  -.1005415   1.51e-14 -6.6e+12   0.000    -.1005415   -.1005415
       1085  |  -.1686531   1.51e-14 -1.1e+13   0.000    -.1686531   -.1686531
       1086  |  -.1725528   1.51e-14 -1.1e+13   0.000    -.1725528   -.1725528
       1087  |  -.1437293   1.51e-14 -9.5e+12   0.000    -.1437293   -.1437293
       1088  |  -.1480309   1.51e-14 -9.8e+12   0.000    -.1480309   -.1480309
       1089  |  -.0143578   1.51e-14 -9.5e+11   0.000    -.0143578   -.0143578
       1090  |   .0124901   1.51e-14  8.3e+11   0.000     .0124901    .0124901
       1091  |   .0810464   1.51e-14  5.4e+12   0.000     .0810464    .0810464
       1092  |  -.1754768   1.51e-14 -1.2e+13   0.000    -.1754768   -.1754768
       1093  |  -.1703776   1.51e-14 -1.1e+13   0.000    -.1703776   -.1703776
       1094  |  -.1423256   1.51e-14 -9.4e+12   0.000    -.1423256   -.1423256
       1095  |   -.159138   1.51e-14 -1.1e+13   0.000     -.159138    -.159138
       1096  |  -.0175175   1.51e-14 -1.2e+12   0.000    -.0175175   -.0175175
       1097  |  -.1322003   1.51e-14 -8.7e+12   0.000    -.1322003   -.1322003
       1098  |  -.1500926   1.51e-14 -9.9e+12   0.000    -.1500926   -.1500926
       1099  |  -.0506593   1.51e-14 -3.3e+12   0.000    -.0506593   -.0506593
       1100  |  -.1372199   1.51e-14 -9.1e+12   0.000    -.1372199   -.1372199
       1101  |   -.136288   1.51e-14 -9.0e+12   0.000     -.136288    -.136288
       1102  |  -.1300118   1.51e-14 -8.6e+12   0.000    -.1300118   -.1300118
       1103  |  -.1695976   1.51e-14 -1.1e+13   0.000    -.1695976   -.1695976
       1104  |  -.1235545   1.51e-14 -8.2e+12   0.000    -.1235545   -.1235545
       1105  |    .020766   .0035306     5.88   0.000     .0138153    .0277168
       1106  |  -.0437075   1.51e-14 -2.9e+12   0.000    -.0437075   -.0437075
       1107  |  -.0608957   1.51e-14 -4.0e+12   0.000    -.0608957   -.0608957
       1108  |   .0014718   1.51e-14  9.7e+10   0.000     .0014718    .0014718
       1109  |   .0031986   1.51e-14  2.1e+11   0.000     .0031986    .0031986
       1110  |  -.0511823   .0035306   -14.50   0.000     -.058133   -.0442315
       1111  |  -.0776501   1.51e-14 -5.1e+12   0.000    -.0776501   -.0776501
       1112  |   -.126353   1.51e-14 -8.3e+12   0.000     -.126353    -.126353
       1113  |  -.0011191   1.51e-14 -7.4e+10   0.000    -.0011191   -.0011191
       1114  |  -.1552687   1.51e-14 -1.0e+13   0.000    -.1552687   -.1552687
       1115  |  -.1011449   1.51e-14 -6.7e+12   0.000    -.1011449   -.1011449
       1116  |  -.1546458   1.51e-14 -1.0e+13   0.000    -.1546458   -.1546458
       1117  |  -.1420894   1.51e-14 -9.4e+12   0.000    -.1420894   -.1420894
       1118  |  -.1277423   1.51e-14 -8.4e+12   0.000    -.1277423   -.1277423
       1119  |  -.1354461   1.51e-14 -8.9e+12   0.000    -.1354461   -.1354461
       1120  |  -.1428111   1.51e-14 -9.4e+12   0.000    -.1428111   -.1428111
       1121  |  -.1312353   1.51e-14 -8.7e+12   0.000    -.1312353   -.1312353
       1122  |  -.1458503   1.51e-14 -9.6e+12   0.000    -.1458503   -.1458503
       1123  |  -.1634362   1.51e-14 -1.1e+13   0.000    -.1634362   -.1634362
       1124  |  -.1251379   1.51e-14 -8.3e+12   0.000    -.1251379   -.1251379
       1125  |  -.1518325   1.51e-14 -1.0e+13   0.000    -.1518325   -.1518325
       1126  |  -.1168662   1.51e-14 -7.7e+12   0.000    -.1168662   -.1168662
       1127  |  -.0985825   1.51e-14 -6.5e+12   0.000    -.0985825   -.0985825
       1128  |  -.1408667   1.51e-14 -9.3e+12   0.000    -.1408667   -.1408667
       1129  |  -.1483742   1.51e-14 -9.8e+12   0.000    -.1483742   -.1483742
       1130  |  -.1216905   1.51e-14 -8.0e+12   0.000    -.1216905   -.1216905
       1131  |   -.071419   1.51e-14 -4.7e+12   0.000     -.071419    -.071419
       1132  |  -.1645644   1.51e-14 -1.1e+13   0.000    -.1645644   -.1645644
       1133  |    -.17796   1.51e-14 -1.2e+13   0.000      -.17796     -.17796
       1134  |  -.1328145   1.51e-14 -8.8e+12   0.000    -.1328145   -.1328145
       1135  |  -.1449485   .0035306   -41.05   0.000    -.1518993   -.1379977
       1136  |  -.0889402   .0035306   -25.19   0.000    -.0958909   -.0819894
       1137  |   -.123337   1.51e-14 -8.1e+12   0.000     -.123337    -.123337
       1138  |  -.1050025   1.51e-14 -6.9e+12   0.000    -.1050025   -.1050025
       1139  |  -.0412017   1.51e-14 -2.7e+12   0.000    -.0412017   -.0412017
       1140  |  -.0365454   1.51e-14 -2.4e+12   0.000    -.0365454   -.0365454
       1141  |  -.1116317   1.51e-14 -7.4e+12   0.000    -.1116317   -.1116317
       1142  |  -.1142801   1.51e-14 -7.5e+12   0.000    -.1142801   -.1142801
       1143  |  -.0931242   1.51e-14 -6.2e+12   0.000    -.0931242   -.0931242
       1144  |  -.0778123   1.51e-14 -5.1e+12   0.000    -.0778123   -.0778123
       1145  |  -.1514802   1.51e-14 -1.0e+13   0.000    -.1514802   -.1514802
       1146  |  -.1088185   1.51e-14 -7.2e+12   0.000    -.1088185   -.1088185
       1147  |   -.127229   1.51e-14 -8.4e+12   0.000     -.127229    -.127229
       1148  |  -.1003255   1.51e-14 -6.6e+12   0.000    -.1003255   -.1003255
       1149  |  -.1418623   1.51e-14 -9.4e+12   0.000    -.1418623   -.1418623
       1150  |  -.1285525   1.51e-14 -8.5e+12   0.000    -.1285525   -.1285525
       1151  |  -.1329029   1.51e-14 -8.8e+12   0.000    -.1329029   -.1329029
       1152  |  -.1138542   1.51e-14 -7.5e+12   0.000    -.1138542   -.1138542
       1153  |  -.1235274   1.51e-14 -8.2e+12   0.000    -.1235274   -.1235274
       1154  |   .1137491   1.51e-14  7.5e+12   0.000     .1137491    .1137491
       1155  |  -.1223554   1.51e-14 -8.1e+12   0.000    -.1223554   -.1223554
       1156  |   .0650559   1.51e-14  4.3e+12   0.000     .0650559    .0650559
       1157  |  -.1487252   1.51e-14 -9.8e+12   0.000    -.1487252   -.1487252
       1158  |  -.0853959   1.51e-14 -5.6e+12   0.000    -.0853959   -.0853959
       1159  |  -.1474014   1.51e-14 -9.7e+12   0.000    -.1474014   -.1474014
       1160  |  -.1046505   1.51e-14 -6.9e+12   0.000    -.1046505   -.1046505
       1161  |   .0052905   1.51e-14  3.5e+11   0.000     .0052905    .0052905
       1162  |  -.1334596   .0035306   -37.80   0.000    -.1404104   -.1265089
       1163  |  -.1571555   1.51e-14 -1.0e+13   0.000    -.1571555   -.1571555
       1164  |  -.1679366   1.51e-14 -1.1e+13   0.000    -.1679366   -.1679366
       1165  |  -.0788545   .0035306   -22.33   0.000    -.0858053   -.0719038
       1166  |   .0732709   1.51e-14  4.8e+12   0.000     .0732709    .0732709
       1167  |  -.0702617   1.51e-14 -4.6e+12   0.000    -.0702617   -.0702617
       1168  |  -.1506459   1.51e-14 -1.0e+13   0.000    -.1506459   -.1506459
       1169  |  -.1690834   1.51e-14 -1.1e+13   0.000    -.1690834   -.1690834
       1170  |  -.1038055   1.51e-14 -6.9e+12   0.000    -.1038055   -.1038055
       1171  |   -.158365   1.51e-14 -1.0e+13   0.000     -.158365    -.158365
       1172  |  -.1228118   1.51e-14 -8.1e+12   0.000    -.1228118   -.1228118
       1173  |  -.1427909   1.51e-14 -9.4e+12   0.000    -.1427909   -.1427909
       1174  |  -.1174078   1.51e-14 -7.8e+12   0.000    -.1174078   -.1174078
       1175  |  -.1551681   1.51e-14 -1.0e+13   0.000    -.1551681   -.1551681
       1176  |  -.1348183   1.51e-14 -8.9e+12   0.000    -.1348183   -.1348183
       1177  |  -.1631314   1.51e-14 -1.1e+13   0.000    -.1631314   -.1631314
       1178  |  -.1440031   1.51e-14 -9.5e+12   0.000    -.1440031   -.1440031
       1179  |  -.1425553   1.51e-14 -9.4e+12   0.000    -.1425553   -.1425553
       1180  |  -.1564323   .0035306   -44.31   0.000    -.1633831   -.1494816
       1181  |  -.1238303   .0035306   -35.07   0.000    -.1307811   -.1168795
       1182  |  -.1518089   .0035306   -43.00   0.000    -.1587597   -.1448582
       1183  |  -.1599722   .0035306   -45.31   0.000    -.1669229   -.1530214
       1184  |  -.1257097   .0035306   -35.61   0.000    -.1326604   -.1187589
       1185  |  -.1479676   .0035306   -41.91   0.000    -.1549183   -.1410168
       1186  |  -.1059165   1.51e-14 -7.0e+12   0.000    -.1059165   -.1059165
       1187  |  -.0653709   1.51e-14 -4.3e+12   0.000    -.0653709   -.0653709
       1188  |    .002398   1.51e-14  1.6e+11   0.000      .002398     .002398
       1189  |  -.1179902   1.51e-14 -7.8e+12   0.000    -.1179902   -.1179902
       1190  |  -.1717566   1.51e-14 -1.1e+13   0.000    -.1717566   -.1717566
       1191  |  -.1363495   1.51e-14 -9.0e+12   0.000    -.1363495   -.1363495
       1192  |   -.135299   1.51e-14 -8.9e+12   0.000     -.135299    -.135299
       1193  |  -.1052547   1.51e-14 -7.0e+12   0.000    -.1052547   -.1052547
       1194  |   -.057777   1.51e-14 -3.8e+12   0.000     -.057777    -.057777
       1195  |  -.0945979   1.51e-14 -6.2e+12   0.000    -.0945979   -.0945979
       1196  |  -.1028838   1.51e-14 -6.8e+12   0.000    -.1028838   -.1028838
       1197  |  -.1356002   1.51e-14 -9.0e+12   0.000    -.1356002   -.1356002
       1198  |  -.1655661   1.51e-14 -1.1e+13   0.000    -.1655661   -.1655661
       1199  |  -.0569277   1.51e-14 -3.8e+12   0.000    -.0569277   -.0569277
       1200  |  -.1373136   1.51e-14 -9.1e+12   0.000    -.1373136   -.1373136
       1201  |  -.0714865   1.51e-14 -4.7e+12   0.000    -.0714865   -.0714865
       1202  |   .0411819   1.51e-14  2.7e+12   0.000     .0411819    .0411819
       1203  |  -.0368705   1.51e-14 -2.4e+12   0.000    -.0368705   -.0368705
       1204  |  -.0031167   1.51e-14 -2.1e+11   0.000    -.0031167   -.0031167
       1205  |  -.0846353   1.51e-14 -5.6e+12   0.000    -.0846353   -.0846353
       1206  |   .0086385   1.51e-14  5.7e+11   0.000     .0086385    .0086385
       1207  |   .0509345   1.51e-14  3.4e+12   0.000     .0509345    .0509345
       1208  |   .0696053   1.51e-14  4.6e+12   0.000     .0696053    .0696053
       1209  |  -.0085622   1.51e-14 -5.7e+11   0.000    -.0085622   -.0085622
       1210  |  -.0149435   1.51e-14 -9.9e+11   0.000    -.0149435   -.0149435
       1211  |  -.1110566   1.51e-14 -7.3e+12   0.000    -.1110566   -.1110566
       1212  |  -.1145733   1.51e-14 -7.6e+12   0.000    -.1145733   -.1145733
       1213  |  -.0614974   1.51e-14 -4.1e+12   0.000    -.0614974   -.0614974
       1214  |  -.1640732   1.51e-14 -1.1e+13   0.000    -.1640732   -.1640732
       1215  |  -.1064918   1.51e-14 -7.0e+12   0.000    -.1064918   -.1064918
       1216  |  -.1041981   1.51e-14 -6.9e+12   0.000    -.1041981   -.1041981
       1217  |  -.1084361   1.51e-14 -7.2e+12   0.000    -.1084361   -.1084361
       1218  |  -.0711102   .0035306   -20.14   0.000     -.078061   -.0641595
       1219  |  -.0328905   1.51e-14 -2.2e+12   0.000    -.0328905   -.0328905
       1220  |  -.0709613   1.51e-14 -4.7e+12   0.000    -.0709613   -.0709613
       1221  |  -.0208736   1.51e-14 -1.4e+12   0.000    -.0208736   -.0208736
       1222  |  -.1204354   1.51e-14 -8.0e+12   0.000    -.1204354   -.1204354
       1223  |  -.1245101   1.51e-14 -8.2e+12   0.000    -.1245101   -.1245101
       1224  |  -.0139292   1.51e-14 -9.2e+11   0.000    -.0139292   -.0139292
       1225  |  -.1361303   .0035306   -38.56   0.000     -.143081   -.1291795
       1226  |  -.0989425   1.51e-14 -6.5e+12   0.000    -.0989425   -.0989425
       1227  |  -.0211594   .0035306    -5.99   0.000    -.0281102   -.0142087
       1228  |  -.0583599   1.51e-14 -3.9e+12   0.000    -.0583599   -.0583599
       1229  |  -.1244699   .0035306   -35.25   0.000    -.1314207   -.1175192
       1230  |  -.1278001   1.51e-14 -8.4e+12   0.000    -.1278001   -.1278001
       1231  |  -.1076929   1.51e-14 -7.1e+12   0.000    -.1076929   -.1076929
       1232  |  -.0807846   1.51e-14 -5.3e+12   0.000    -.0807846   -.0807846
       1233  |   -.115573   1.51e-14 -7.6e+12   0.000     -.115573    -.115573
       1234  |  -.0905236   1.51e-14 -6.0e+12   0.000    -.0905236   -.0905236
       1235  |   -.078607   .0035306   -22.26   0.000    -.0855577   -.0716562
       1236  |   -.047729   .0035306   -13.52   0.000    -.0546798   -.0407783
       1237  |  -.0273236   1.51e-14 -1.8e+12   0.000    -.0273236   -.0273236
       1238  |  -.0046868   1.51e-14 -3.1e+11   0.000    -.0046868   -.0046868
       1239  |  -.0421124   1.51e-14 -2.8e+12   0.000    -.0421124   -.0421124
       1240  |   .0347747   .0035306     9.85   0.000     .0278239    .0417254
       1241  |  -.0614767   .0035306   -17.41   0.000    -.0684274   -.0545259
       1242  |  -.0651544   .0035306   -18.45   0.000    -.0721052   -.0582037
       1243  |   .0026359   .0035306     0.75   0.456    -.0043149    .0095866
       1244  |   .0233687   .0035306     6.62   0.000     .0164179    .0303194
       1245  |  -.0568703   .0035306   -16.11   0.000    -.0638211   -.0499196
       1246  |  -.0392482   .0035306   -11.12   0.000    -.0461989   -.0322974
       1247  |   .0475733   .0035306    13.47   0.000     .0406225     .054524
       1248  |  -.0607831   1.51e-14 -4.0e+12   0.000    -.0607831   -.0607831
       1249  |  -.1148554   1.51e-14 -7.6e+12   0.000    -.1148554   -.1148554
       1250  |  -.1026576   1.51e-14 -6.8e+12   0.000    -.1026576   -.1026576
       1251  |  -.0810241   1.51e-14 -5.4e+12   0.000    -.0810241   -.0810241
       1252  |  -.0687398   1.51e-14 -4.5e+12   0.000    -.0687398   -.0687398
       1253  |  -.0806996   1.51e-14 -5.3e+12   0.000    -.0806996   -.0806996
       1254  |  -.0808117   1.51e-14 -5.3e+12   0.000    -.0808117   -.0808117
       1255  |  -.1289733   1.51e-14 -8.5e+12   0.000    -.1289733   -.1289733
       1256  |  -.0694834   1.51e-14 -4.6e+12   0.000    -.0694834   -.0694834
       1257  |   .1316153   .0035306    37.28   0.000     .1246645     .138566
       1258  |  -.0369612   1.51e-14 -2.4e+12   0.000    -.0369612   -.0369612
       1259  |   .0137528   1.51e-14  9.1e+11   0.000     .0137528    .0137528
       1260  |  -.1243456   1.51e-14 -8.2e+12   0.000    -.1243456   -.1243456
       1261  |  -.1515901   1.51e-14 -1.0e+13   0.000    -.1515901   -.1515901
       1262  |  -.1661745   1.51e-14 -1.1e+13   0.000    -.1661745   -.1661745
       1263  |  -.0185414   1.51e-14 -1.2e+12   0.000    -.0185414   -.0185414
       1264  |  -.1331043   1.51e-14 -8.8e+12   0.000    -.1331043   -.1331043
       1265  |  -.0295071   1.51e-14 -1.9e+12   0.000    -.0295071   -.0295071
       1266  |  -.1383826   1.51e-14 -9.1e+12   0.000    -.1383826   -.1383826
       1267  |  -.1355357   1.51e-14 -9.0e+12   0.000    -.1355357   -.1355357
       1268  |  -.1742704   1.51e-14 -1.2e+13   0.000    -.1742704   -.1742704
       1269  |   -.099962   1.51e-14 -6.6e+12   0.000     -.099962    -.099962
       1270  |   -.163543   1.51e-14 -1.1e+13   0.000     -.163543    -.163543
       1271  |  -.1614044   1.51e-14 -1.1e+13   0.000    -.1614044   -.1614044
       1272  |  -.1638783   1.51e-14 -1.1e+13   0.000    -.1638783   -.1638783
       1273  |  -.1113101   1.51e-14 -7.4e+12   0.000    -.1113101   -.1113101
       1274  |  -.1046557   1.51e-14 -6.9e+12   0.000    -.1046557   -.1046557
       1275  |  -.0819958   1.51e-14 -5.4e+12   0.000    -.0819958   -.0819958
       1276  |  -.0645981   1.51e-14 -4.3e+12   0.000    -.0645981   -.0645981
       1277  |  -.0972921   1.51e-14 -6.4e+12   0.000    -.0972921   -.0972921
       1278  |  -.0839684   1.51e-14 -5.5e+12   0.000    -.0839684   -.0839684
       1279  |  -.1354553   1.51e-14 -8.9e+12   0.000    -.1354553   -.1354553
       1280  |  -.1239209   1.51e-14 -8.2e+12   0.000    -.1239209   -.1239209
       1281  |  -.1187806   1.51e-14 -7.8e+12   0.000    -.1187806   -.1187806
       1282  |  -.1060262   1.51e-14 -7.0e+12   0.000    -.1060262   -.1060262
       1283  |   .0207196   1.51e-14  1.4e+12   0.000     .0207196    .0207196
       1284  |  -.0630171   1.51e-14 -4.2e+12   0.000    -.0630171   -.0630171
       1285  |  -.0162995   1.51e-14 -1.1e+12   0.000    -.0162995   -.0162995
       1286  |  -.0592652   1.51e-14 -3.9e+12   0.000    -.0592652   -.0592652
       1287  |  -.1194189   1.51e-14 -7.9e+12   0.000    -.1194189   -.1194189
       1288  |  -.0510046   1.51e-14 -3.4e+12   0.000    -.0510046   -.0510046
       1289  |  -.0996259   1.51e-14 -6.6e+12   0.000    -.0996259   -.0996259
       1290  |  -.1005023   1.51e-14 -6.6e+12   0.000    -.1005023   -.1005023
       1291  |  -.1303563   1.51e-14 -8.6e+12   0.000    -.1303563   -.1303563
       1292  |  -.1006393   1.51e-14 -6.6e+12   0.000    -.1006393   -.1006393
       1293  |  -.1526195   1.51e-14 -1.0e+13   0.000    -.1526195   -.1526195
       1294  |   .0392717   1.51e-14  2.6e+12   0.000     .0392717    .0392717
       1295  |  -.0055546   1.51e-14 -3.7e+11   0.000    -.0055546   -.0055546
       1296  |  -.0631156   1.51e-14 -4.2e+12   0.000    -.0631156   -.0631156
       1297  |  -.1739919   1.51e-14 -1.1e+13   0.000    -.1739919   -.1739919
       1298  |  -.1774512   1.51e-14 -1.2e+13   0.000    -.1774512   -.1774512
       1299  |  -.1571213   1.51e-14 -1.0e+13   0.000    -.1571213   -.1571213
       1300  |  -.1760201   1.51e-14 -1.2e+13   0.000    -.1760201   -.1760201
       1301  |  -.1455056   1.51e-14 -9.6e+12   0.000    -.1455056   -.1455056
       1302  |  -.1497734   1.51e-14 -9.9e+12   0.000    -.1497734   -.1497734
       1303  |  -.1613437   1.51e-14 -1.1e+13   0.000    -.1613437   -.1613437
       1304  |   -.007522   1.51e-14 -5.0e+11   0.000     -.007522    -.007522
       1305  |  -.1548612   1.51e-14 -1.0e+13   0.000    -.1548612   -.1548612
       1306  |  -.1143718   1.51e-14 -7.6e+12   0.000    -.1143718   -.1143718
       1307  |  -.1428329   1.51e-14 -9.4e+12   0.000    -.1428329   -.1428329
       1308  |  -.0701548   1.51e-14 -4.6e+12   0.000    -.0701548   -.0701548
       1309  |   .0017787   1.51e-14  1.2e+11   0.000     .0017787    .0017787
       1310  |   -.063966   1.51e-14 -4.2e+12   0.000     -.063966    -.063966
       1311  |   .0815827   1.51e-14  5.4e+12   0.000     .0815827    .0815827
       1312  |  -.0555029   1.51e-14 -3.7e+12   0.000    -.0555029   -.0555029
       1313  |  -.0703506   1.51e-14 -4.6e+12   0.000    -.0703506   -.0703506
       1314  |  -.0626525   1.51e-14 -4.1e+12   0.000    -.0626525   -.0626525
       1315  |  -.1522031   1.51e-14 -1.0e+13   0.000    -.1522031   -.1522031
       1316  |  -.1381592   1.51e-14 -9.1e+12   0.000    -.1381592   -.1381592
       1317  |  -.0971853   1.51e-14 -6.4e+12   0.000    -.0971853   -.0971853
       1318  |  -.1287648   1.51e-14 -8.5e+12   0.000    -.1287648   -.1287648
       1319  |  -.1278539   1.51e-14 -8.4e+12   0.000    -.1278539   -.1278539
       1320  |   .1203663   1.51e-14  8.0e+12   0.000     .1203663    .1203663
       1321  |   .1143302   1.51e-14  7.6e+12   0.000     .1143302    .1143302
       1322  |   .0657601   1.51e-14  4.3e+12   0.000     .0657601    .0657601
       1323  |  -.1569604   1.51e-14 -1.0e+13   0.000    -.1569604   -.1569604
       1324  |  -.1784512   1.51e-14 -1.2e+13   0.000    -.1784512   -.1784512
       1325  |    -.16373   1.51e-14 -1.1e+13   0.000      -.16373     -.16373
       1326  |  -.1809805   1.51e-14 -1.2e+13   0.000    -.1809805   -.1809805
       1327  |  -.1711948   1.51e-14 -1.1e+13   0.000    -.1711948   -.1711948
       1328  |  -.1673324   1.51e-14 -1.1e+13   0.000    -.1673324   -.1673324
       1329  |  -.1745357   1.51e-14 -1.2e+13   0.000    -.1745357   -.1745357
       1330  |  -.1653025   1.51e-14 -1.1e+13   0.000    -.1653025   -.1653025
       1331  |  -.1632928   1.51e-14 -1.1e+13   0.000    -.1632928   -.1632928
       1332  |   -.131401   1.51e-14 -8.7e+12   0.000     -.131401    -.131401
       1333  |   -.160943   1.51e-14 -1.1e+13   0.000     -.160943    -.160943
       1334  |   .0116822   1.51e-14  7.7e+11   0.000     .0116822    .0116822
       1335  |  -.0462619   1.51e-14 -3.1e+12   0.000    -.0462619   -.0462619
       1336  |   -.097926   1.51e-14 -6.5e+12   0.000     -.097926    -.097926
       1337  |    -.16257   1.51e-14 -1.1e+13   0.000      -.16257     -.16257
       1338  |  -.1478381   1.51e-14 -9.8e+12   0.000    -.1478381   -.1478381
       1339  |  -.0141757   1.51e-14 -9.4e+11   0.000    -.0141757   -.0141757
       1340  |  -.1149869   1.51e-14 -7.6e+12   0.000    -.1149869   -.1149869
       1341  |  -.0672097   1.51e-14 -4.4e+12   0.000    -.0672097   -.0672097
       1342  |  -.1437032   1.51e-14 -9.5e+12   0.000    -.1437032   -.1437032
       1343  |  -.1182434   1.51e-14 -7.8e+12   0.000    -.1182434   -.1182434
       1344  |  -.1214701   1.51e-14 -8.0e+12   0.000    -.1214701   -.1214701
       1345  |  -.0211292   1.51e-14 -1.4e+12   0.000    -.0211292   -.0211292
       1346  |  -.0453251   1.51e-14 -3.0e+12   0.000    -.0453251   -.0453251
       1347  |  -.1337961   1.51e-14 -8.8e+12   0.000    -.1337961   -.1337961
       1348  |  -.1346507   1.51e-14 -8.9e+12   0.000    -.1346507   -.1346507
       1349  |  -.1444597   1.51e-14 -9.5e+12   0.000    -.1444597   -.1444597
       1350  |  -.1620526   1.51e-14 -1.1e+13   0.000    -.1620526   -.1620526
       1351  |  -.1179878   1.51e-14 -7.8e+12   0.000    -.1179878   -.1179878
       1352  |  -.1375957   1.51e-14 -9.1e+12   0.000    -.1375957   -.1375957
       1353  |  -.0166768   1.51e-14 -1.1e+12   0.000    -.0166768   -.0166768
       1354  |  -.0592052   1.51e-14 -3.9e+12   0.000    -.0592052   -.0592052
       1355  |  -.1555043   1.51e-14 -1.0e+13   0.000    -.1555043   -.1555043
       1356  |   .0209869   1.51e-14  1.4e+12   0.000     .0209869    .0209869
       1357  |  -.1208488   1.51e-14 -8.0e+12   0.000    -.1208488   -.1208488
       1358  |  -.0833395   1.51e-14 -5.5e+12   0.000    -.0833395   -.0833395
       1359  |  -.1440663   1.51e-14 -9.5e+12   0.000    -.1440663   -.1440663
       1360  |  -.1060404   1.51e-14 -7.0e+12   0.000    -.1060404   -.1060404
       1361  |   -.166912   1.51e-14 -1.1e+13   0.000     -.166912    -.166912
       1362  |  -.1702632   1.51e-14 -1.1e+13   0.000    -.1702632   -.1702632
       1363  |  -.1349544   1.51e-14 -8.9e+12   0.000    -.1349544   -.1349544
       1364  |  -.1077547   1.51e-14 -7.1e+12   0.000    -.1077547   -.1077547
       1365  |  -.0436016   1.51e-14 -2.9e+12   0.000    -.0436016   -.0436016
       1366  |  -.1295668   1.51e-14 -8.6e+12   0.000    -.1295668   -.1295668
       1367  |  -.1409496   1.51e-14 -9.3e+12   0.000    -.1409496   -.1409496
       1368  |  -.1776152   1.51e-14 -1.2e+13   0.000    -.1776152   -.1776152
       1369  |  -.1561088   1.51e-14 -1.0e+13   0.000    -.1561088   -.1561088
       1370  |  -.0054459   1.51e-14 -3.6e+11   0.000    -.0054459   -.0054459
       1371  |  -.1717674   1.51e-14 -1.1e+13   0.000    -.1717674   -.1717674
       1372  |  -.1626104   1.51e-14 -1.1e+13   0.000    -.1626104   -.1626104
       1373  |  -.1028417   1.51e-14 -6.8e+12   0.000    -.1028417   -.1028417
       1374  |  -.1264068   1.51e-14 -8.4e+12   0.000    -.1264068   -.1264068
       1375  |  -.1553435   1.51e-14 -1.0e+13   0.000    -.1553435   -.1553435
       1376  |   -.034797   1.51e-14 -2.3e+12   0.000     -.034797    -.034797
       1377  |   .0131892   1.51e-14  8.7e+11   0.000     .0131892    .0131892
       1378  |  -.1775439   1.51e-14 -1.2e+13   0.000    -.1775439   -.1775439
       1379  |  -.1499867   1.51e-14 -9.9e+12   0.000    -.1499867   -.1499867
       1380  |  -.0467591   1.51e-14 -3.1e+12   0.000    -.0467591   -.0467591
       1381  |  -.0657528   1.51e-14 -4.3e+12   0.000    -.0657528   -.0657528
       1382  |  -.1403632   1.51e-14 -9.3e+12   0.000    -.1403632   -.1403632
       1383  |  -.0880475   1.51e-14 -5.8e+12   0.000    -.0880475   -.0880475
       1384  |  -.1794165   1.51e-14 -1.2e+13   0.000    -.1794165   -.1794165
       1385  |  -.1642281   1.51e-14 -1.1e+13   0.000    -.1642281   -.1642281
       1386  |   -.176376   1.51e-14 -1.2e+13   0.000     -.176376    -.176376
       1387  |  -.1754413   1.51e-14 -1.2e+13   0.000    -.1754413   -.1754413
       1388  |  -.1562916   1.51e-14 -1.0e+13   0.000    -.1562916   -.1562916
       1389  |   -.165445   1.51e-14 -1.1e+13   0.000     -.165445    -.165445
       1390  |  -.1630161   1.51e-14 -1.1e+13   0.000    -.1630161   -.1630161
       1391  |  -.1613697   1.51e-14 -1.1e+13   0.000    -.1613697   -.1613697
       1392  |  -.0385774   1.51e-14 -2.5e+12   0.000    -.0385774   -.0385774
       1393  |  -.1270419   1.51e-14 -8.4e+12   0.000    -.1270419   -.1270419
       1394  |  -.1436737   1.51e-14 -9.5e+12   0.000    -.1436737   -.1436737
       1395  |  -.1725084   1.51e-14 -1.1e+13   0.000    -.1725084   -.1725084
       1396  |  -.1736793   1.51e-14 -1.1e+13   0.000    -.1736793   -.1736793
       1397  |  -.1752177   1.51e-14 -1.2e+13   0.000    -.1752177   -.1752177
       1398  |  -.0861738   1.51e-14 -5.7e+12   0.000    -.0861738   -.0861738
       1399  |  -.1333016   1.51e-14 -8.8e+12   0.000    -.1333016   -.1333016
       1400  |  -.1497068   1.51e-14 -9.9e+12   0.000    -.1497068   -.1497068
       1401  |  -.1028523   1.51e-14 -6.8e+12   0.000    -.1028523   -.1028523
       1402  |  -.1084863   1.51e-14 -7.2e+12   0.000    -.1084863   -.1084863
       1403  |  -.1558424   1.51e-14 -1.0e+13   0.000    -.1558424   -.1558424
       1404  |  -.1255652   .0035306   -35.56   0.000    -.1325159   -.1186144
       1405  |  -.1199539   1.51e-14 -7.9e+12   0.000    -.1199539   -.1199539
       1406  |  -.0910512   1.51e-14 -6.0e+12   0.000    -.0910512   -.0910512
       1407  |  -.1164935   1.51e-14 -7.7e+12   0.000    -.1164935   -.1164935
       1408  |  -.0886427   1.51e-14 -5.9e+12   0.000    -.0886427   -.0886427
       1409  |  -.1002934   1.51e-14 -6.6e+12   0.000    -.1002934   -.1002934
       1410  |   -.131394   1.51e-14 -8.7e+12   0.000     -.131394    -.131394
       1411  |  -.1296476   1.51e-14 -8.6e+12   0.000    -.1296476   -.1296476
       1412  |  -.1518883   1.51e-14 -1.0e+13   0.000    -.1518883   -.1518883
       1413  |   -.074949   1.51e-14 -5.0e+12   0.000     -.074949    -.074949
       1414  |  -.1620671   1.51e-14 -1.1e+13   0.000    -.1620671   -.1620671
       1415  |  -.0337195   1.51e-14 -2.2e+12   0.000    -.0337195   -.0337195
       1416  |  -.1669009   1.51e-14 -1.1e+13   0.000    -.1669009   -.1669009
       1417  |   .0028061   1.51e-14  1.9e+11   0.000     .0028061    .0028061
       1418  |  -.0241121   1.51e-14 -1.6e+12   0.000    -.0241121   -.0241121
       1419  |  -.0845693   1.51e-14 -5.6e+12   0.000    -.0845693   -.0845693
       1420  |  -.0652483   1.51e-14 -4.3e+12   0.000    -.0652483   -.0652483
       1421  |   .0182593   1.51e-14  1.2e+12   0.000     .0182593    .0182593
       1422  |  -.0708486   1.51e-14 -4.7e+12   0.000    -.0708486   -.0708486
       1423  |  -.1405031   1.51e-14 -9.3e+12   0.000    -.1405031   -.1405031
       1424  |   -.160497   1.51e-14 -1.1e+13   0.000     -.160497    -.160497
       1425  |  -.1468529   1.51e-14 -9.7e+12   0.000    -.1468529   -.1468529
       1426  |  -.1066617   1.51e-14 -7.0e+12   0.000    -.1066617   -.1066617
       1427  |  -.1218207   1.51e-14 -8.0e+12   0.000    -.1218207   -.1218207
       1428  |  -.1404399   .0035306   -39.78   0.000    -.1473906   -.1334891
       1429  |  -.1424401   1.51e-14 -9.4e+12   0.000    -.1424401   -.1424401
       1430  |  -.1340203   1.51e-14 -8.9e+12   0.000    -.1340203   -.1340203
       1431  |  -.1715035   1.51e-14 -1.1e+13   0.000    -.1715035   -.1715035
       1432  |  -.1504565   1.51e-14 -9.9e+12   0.000    -.1504565   -.1504565
       1433  |   .1699453   1.51e-14  1.1e+13   0.000     .1699453    .1699453
       1434  |  -.1647766   1.51e-14 -1.1e+13   0.000    -.1647766   -.1647766
       1435  |  -.1297232   1.51e-14 -8.6e+12   0.000    -.1297232   -.1297232
       1436  |   -.024966   1.51e-14 -1.6e+12   0.000     -.024966    -.024966
       1437  |  -.0840443   1.51e-14 -5.6e+12   0.000    -.0840443   -.0840443
       1438  |  -.1601429   1.51e-14 -1.1e+13   0.000    -.1601429   -.1601429
       1439  |  -.0799521   .0035306   -22.65   0.000    -.0869029   -.0730014
       1440  |  -.1667671   1.51e-14 -1.1e+13   0.000    -.1667671   -.1667671
       1441  |  -.1227157   1.51e-14 -8.1e+12   0.000    -.1227157   -.1227157
       1442  |  -.1338638   1.51e-14 -8.8e+12   0.000    -.1338638   -.1338638
       1443  |  -.0596525   1.51e-14 -3.9e+12   0.000    -.0596525   -.0596525
       1444  |  -.1389677   .0035306   -39.36   0.000    -.1459184   -.1320169
       1445  |  -.1526931   1.51e-14 -1.0e+13   0.000    -.1526931   -.1526931
       1446  |  -.1514636   1.51e-14 -1.0e+13   0.000    -.1514636   -.1514636
       1447  |  -.1723005   1.51e-14 -1.1e+13   0.000    -.1723005   -.1723005
       1448  |  -.1369181   1.51e-14 -9.0e+12   0.000    -.1369181   -.1369181
       1449  |  -.1523396   1.51e-14 -1.0e+13   0.000    -.1523396   -.1523396
       1450  |  -.1496302   1.51e-14 -9.9e+12   0.000    -.1496302   -.1496302
       1451  |  -.1823625   1.51e-14 -1.2e+13   0.000    -.1823625   -.1823625
       1452  |  -.0837778   1.51e-14 -5.5e+12   0.000    -.0837778   -.0837778
       1453  |  -.1817768   1.51e-14 -1.2e+13   0.000    -.1817768   -.1817768
       1454  |  -.1505855   1.51e-14 -9.9e+12   0.000    -.1505855   -.1505855
       1455  |   -.151802   1.51e-14 -1.0e+13   0.000     -.151802    -.151802
       1456  |  -.1345985   1.51e-14 -8.9e+12   0.000    -.1345985   -.1345985
       1457  |  -.1148561   1.51e-14 -7.6e+12   0.000    -.1148561   -.1148561
       1458  |  -.1200423   .0035306   -34.00   0.000    -.1269931   -.1130916
       1459  |  -.1279173   .0035306   -36.23   0.000     -.134868   -.1209665
       1460  |   -.165347   1.51e-14 -1.1e+13   0.000     -.165347    -.165347
       1461  |  -.1240323   1.51e-14 -8.2e+12   0.000    -.1240323   -.1240323
       1462  |  -.1572064   1.51e-14 -1.0e+13   0.000    -.1572064   -.1572064
       1463  |  -.1253145   1.51e-14 -8.3e+12   0.000    -.1253145   -.1253145
       1464  |   -.166117   1.51e-14 -1.1e+13   0.000     -.166117    -.166117
       1465  |   -.074521   1.51e-14 -4.9e+12   0.000     -.074521    -.074521
       1466  |   .0338585   1.51e-14  2.2e+12   0.000     .0338585    .0338585
       1467  |  -.0755661   1.51e-14 -5.0e+12   0.000    -.0755661   -.0755661
       1468  |  -.1720954   1.51e-14 -1.1e+13   0.000    -.1720954   -.1720954
       1469  |  -.1534051   1.51e-14 -1.0e+13   0.000    -.1534051   -.1534051
       1470  |   -.182305   1.51e-14 -1.2e+13   0.000     -.182305    -.182305
       1471  |  -.1630519   1.51e-14 -1.1e+13   0.000    -.1630519   -.1630519
       1472  |  -.1486942   1.51e-14 -9.8e+12   0.000    -.1486942   -.1486942
       1473  |   -.143613   1.51e-14 -9.5e+12   0.000     -.143613    -.143613
       1474  |  -.1583335   1.51e-14 -1.0e+13   0.000    -.1583335   -.1583335
       1475  |  -.1572057   1.51e-14 -1.0e+13   0.000    -.1572057   -.1572057
       1476  |  -.1825955   1.51e-14 -1.2e+13   0.000    -.1825955   -.1825955
       1477  |  -.1599337   1.51e-14 -1.1e+13   0.000    -.1599337   -.1599337
       1478  |   -.147313   1.51e-14 -9.7e+12   0.000     -.147313    -.147313
       1479  |   -.108035   1.51e-14 -7.1e+12   0.000     -.108035    -.108035
       1480  |  -.1643057   1.51e-14 -1.1e+13   0.000    -.1643057   -.1643057
       1481  |   -.141025   1.51e-14 -9.3e+12   0.000     -.141025    -.141025
       1482  |  -.1627078   1.51e-14 -1.1e+13   0.000    -.1627078   -.1627078
       1483  |  -.1615006   1.51e-14 -1.1e+13   0.000    -.1615006   -.1615006
       1484  |  -.1733251   1.51e-14 -1.1e+13   0.000    -.1733251   -.1733251
       1485  |  -.0994893   1.51e-14 -6.6e+12   0.000    -.0994893   -.0994893
       1486  |  -.1472175   1.51e-14 -9.7e+12   0.000    -.1472175   -.1472175
       1487  |   -.130024   1.51e-14 -8.6e+12   0.000     -.130024    -.130024
       1488  |  -.1080351   1.51e-14 -7.1e+12   0.000    -.1080351   -.1080351
       1489  |  -.1440958   1.51e-14 -9.5e+12   0.000    -.1440958   -.1440958
       1490  |  -.1539421   1.51e-14 -1.0e+13   0.000    -.1539421   -.1539421
       1491  |  -.1442114   1.51e-14 -9.5e+12   0.000    -.1442114   -.1442114
       1492  |  -.1553861   1.51e-14 -1.0e+13   0.000    -.1553861   -.1553861
       1493  |  -.1444135   1.51e-14 -9.5e+12   0.000    -.1444135   -.1444135
       1494  |  -.1223042   1.51e-14 -8.1e+12   0.000    -.1223042   -.1223042
       1495  |  -.1543522   1.51e-14 -1.0e+13   0.000    -.1543522   -.1543522
       1496  |   -.174148   1.51e-14 -1.2e+13   0.000     -.174148    -.174148
       1497  |  -.0558685   1.51e-14 -3.7e+12   0.000    -.0558685   -.0558685
       1498  |  -.1772068   1.51e-14 -1.2e+13   0.000    -.1772068   -.1772068
       1499  |   .0364834   1.51e-14  2.4e+12   0.000     .0364834    .0364834
       1500  |  -.1740612   1.51e-14 -1.1e+13   0.000    -.1740612   -.1740612
       1501  |  -.1659101   1.51e-14 -1.1e+13   0.000    -.1659101   -.1659101
       1502  |  -.1531213   1.51e-14 -1.0e+13   0.000    -.1531213   -.1531213
       1503  |  -.1659831   1.51e-14 -1.1e+13   0.000    -.1659831   -.1659831
       1504  |  -.1007919   1.51e-14 -6.7e+12   0.000    -.1007919   -.1007919
       1505  |  -.1655459   1.51e-14 -1.1e+13   0.000    -.1655459   -.1655459
       1506  |  -.0539731   1.51e-14 -3.6e+12   0.000    -.0539731   -.0539731
       1507  |    -.15343   1.51e-14 -1.0e+13   0.000      -.15343     -.15343
       1508  |  -.1466396   1.51e-14 -9.7e+12   0.000    -.1466396   -.1466396
       1509  |  -.1571179   1.51e-14 -1.0e+13   0.000    -.1571179   -.1571179
       1510  |  -.0969446   1.51e-14 -6.4e+12   0.000    -.0969446   -.0969446
       1511  |  -.1051321   1.51e-14 -6.9e+12   0.000    -.1051321   -.1051321
       1512  |   -.060854   1.51e-14 -4.0e+12   0.000     -.060854    -.060854
       1513  |  -.1301181   1.51e-14 -8.6e+12   0.000    -.1301181   -.1301181
       1514  |  -.1746547   1.51e-14 -1.2e+13   0.000    -.1746547   -.1746547
       1515  |  -.1583329   1.51e-14 -1.0e+13   0.000    -.1583329   -.1583329
       1516  |  -.1419224   1.51e-14 -9.4e+12   0.000    -.1419224   -.1419224
       1517  |  -.1593415   1.51e-14 -1.1e+13   0.000    -.1593415   -.1593415
       1518  |  -.1320653   1.51e-14 -8.7e+12   0.000    -.1320653   -.1320653
       1519  |  -.0633585   1.51e-14 -4.2e+12   0.000    -.0633585   -.0633585
       1520  |  -.1403482   1.51e-14 -9.3e+12   0.000    -.1403482   -.1403482
       1521  |  -.1657841   1.51e-14 -1.1e+13   0.000    -.1657841   -.1657841
       1522  |   -.160616   1.51e-14 -1.1e+13   0.000     -.160616    -.160616
       1523  |  -.1624798   1.51e-14 -1.1e+13   0.000    -.1624798   -.1624798
       1524  |  -.1593973   1.51e-14 -1.1e+13   0.000    -.1593973   -.1593973
       1525  |  -.1493144   1.51e-14 -9.9e+12   0.000    -.1493144   -.1493144
       1526  |  -.1693633   1.51e-14 -1.1e+13   0.000    -.1693633   -.1693633
       1527  |  -.1519285   1.51e-14 -1.0e+13   0.000    -.1519285   -.1519285
       1528  |  -.1222785   1.51e-14 -8.1e+12   0.000    -.1222785   -.1222785
       1529  |  -.1383352   1.51e-14 -9.1e+12   0.000    -.1383352   -.1383352
       1530  |  -.1509465   1.51e-14 -1.0e+13   0.000    -.1509465   -.1509465
       1531  |  -.1669124   1.51e-14 -1.1e+13   0.000    -.1669124   -.1669124
       1532  |  -.1562038   1.51e-14 -1.0e+13   0.000    -.1562038   -.1562038
       1533  |  -.1491801   1.51e-14 -9.9e+12   0.000    -.1491801   -.1491801
       1534  |  -.1365351   1.51e-14 -9.0e+12   0.000    -.1365351   -.1365351
       1535  |  -.1467243   1.51e-14 -9.7e+12   0.000    -.1467243   -.1467243
       1536  |  -.1540378   1.51e-14 -1.0e+13   0.000    -.1540378   -.1540378
       1537  |  -.1283893   1.51e-14 -8.5e+12   0.000    -.1283893   -.1283893
       1538  |  -.1786408   1.51e-14 -1.2e+13   0.000    -.1786408   -.1786408
       1539  |  -.1445145   1.51e-14 -9.5e+12   0.000    -.1445145   -.1445145
       1540  |  -.1208227   1.51e-14 -8.0e+12   0.000    -.1208227   -.1208227
       1541  |  -.1825229   1.51e-14 -1.2e+13   0.000    -.1825229   -.1825229
       1542  |  -.1280416   1.51e-14 -8.5e+12   0.000    -.1280416   -.1280416
       1543  |   .0599267   1.51e-14  4.0e+12   0.000     .0599267    .0599267
       1544  |  -.1593081   1.51e-14 -1.1e+13   0.000    -.1593081   -.1593081
       1545  |  -.1727521   1.51e-14 -1.1e+13   0.000    -.1727521   -.1727521
       1546  |   .0087018   1.51e-14  5.7e+11   0.000     .0087018    .0087018
       1547  |  -.0714612   1.51e-14 -4.7e+12   0.000    -.0714612   -.0714612
       1548  |  -.1796045   1.51e-14 -1.2e+13   0.000    -.1796045   -.1796045
       1549  |  -.1550732   1.51e-14 -1.0e+13   0.000    -.1550732   -.1550732
       1550  |  -.0526183   1.51e-14 -3.5e+12   0.000    -.0526183   -.0526183
       1551  |  -.1314569   1.51e-14 -8.7e+12   0.000    -.1314569   -.1314569
       1552  |  -.1649029   1.51e-14 -1.1e+13   0.000    -.1649029   -.1649029
       1553  |  -.1778925   1.51e-14 -1.2e+13   0.000    -.1778925   -.1778925
       1554  |   .1050094   1.51e-14  6.9e+12   0.000     .1050094    .1050094
       1555  |   -.173543   1.51e-14 -1.1e+13   0.000     -.173543    -.173543
       1556  |  -.1502674   1.51e-14 -9.9e+12   0.000    -.1502674   -.1502674
       1557  |   .0930334   1.51e-14  6.1e+12   0.000     .0930334    .0930334
       1558  |  -.1200438   1.51e-14 -7.9e+12   0.000    -.1200438   -.1200438
       1559  |  -.1552009   1.51e-14 -1.0e+13   0.000    -.1552009   -.1552009
       1560  |  -.1202771   1.51e-14 -7.9e+12   0.000    -.1202771   -.1202771
       1561  |  -.1571442   1.51e-14 -1.0e+13   0.000    -.1571442   -.1571442
       1562  |  -.0736524   1.51e-14 -4.9e+12   0.000    -.0736524   -.0736524
       1563  |  -.1779737   1.51e-14 -1.2e+13   0.000    -.1779737   -.1779737
       1564  |  -.1807741   1.51e-14 -1.2e+13   0.000    -.1807741   -.1807741
       1565  |  -.1684998   1.51e-14 -1.1e+13   0.000    -.1684998   -.1684998
       1566  |  -.1716302   1.51e-14 -1.1e+13   0.000    -.1716302   -.1716302
       1567  |  -.0937552   1.51e-14 -6.2e+12   0.000    -.0937552   -.0937552
       1568  |  -.1481497   1.51e-14 -9.8e+12   0.000    -.1481497   -.1481497
       1569  |  -.0629656   1.51e-14 -4.2e+12   0.000    -.0629656   -.0629656
       1570  |  -.0496021   1.51e-14 -3.3e+12   0.000    -.0496021   -.0496021
       1571  |   -.068397   1.51e-14 -4.5e+12   0.000     -.068397    -.068397
       1572  |  -.1453367   1.51e-14 -9.6e+12   0.000    -.1453367   -.1453367
       1573  |   .0071933   1.51e-14  4.8e+11   0.000     .0071933    .0071933
       1574  |  -.1387321   1.51e-14 -9.2e+12   0.000    -.1387321   -.1387321
       1575  |  -.1420839   .0035306   -40.24   0.000    -.1490347   -.1351332
       1576  |  -.1138138   .0035306   -32.24   0.000    -.1207646   -.1068631
       1577  |   .1220511   .0035306    34.57   0.000     .1151003    .1290018
       1578  |  -.0149048   1.51e-14 -9.8e+11   0.000    -.0149048   -.0149048
       1579  |  -.0926878   1.51e-14 -6.1e+12   0.000    -.0926878   -.0926878
       1580  |  -.0644676   1.51e-14 -4.3e+12   0.000    -.0644676   -.0644676
       1581  |   -.053643   1.51e-14 -3.5e+12   0.000     -.053643    -.053643
       1582  |  -.0352353   1.51e-14 -2.3e+12   0.000    -.0352353   -.0352353
       1583  |  -.0404437   1.51e-14 -2.7e+12   0.000    -.0404437   -.0404437
       1584  |   .0061964   1.51e-14  4.1e+11   0.000     .0061964    .0061964
       1585  |  -.0759088   1.51e-14 -5.0e+12   0.000    -.0759088   -.0759088
       1586  |  -.0912678   1.51e-14 -6.0e+12   0.000    -.0912678   -.0912678
       1587  |  -.1080898   1.51e-14 -7.1e+12   0.000    -.1080898   -.1080898
       1588  |  -.0799461   1.51e-14 -5.3e+12   0.000    -.0799461   -.0799461
       1589  |  -.0661635   1.51e-14 -4.4e+12   0.000    -.0661635   -.0661635
       1590  |  -.0187579   1.51e-14 -1.2e+12   0.000    -.0187579   -.0187579
       1591  |  -.0256306   1.51e-14 -1.7e+12   0.000    -.0256306   -.0256306
       1592  |  -.0625531   1.51e-14 -4.1e+12   0.000    -.0625531   -.0625531
       1593  |  -.0252786   1.51e-14 -1.7e+12   0.000    -.0252786   -.0252786
       1594  |  -.0807891   1.51e-14 -5.3e+12   0.000    -.0807891   -.0807891
       1595  |  -.0535979   1.51e-14 -3.5e+12   0.000    -.0535979   -.0535979
       1596  |   .1128115   1.51e-14  7.5e+12   0.000     .1128115    .1128115
       1597  |   .0650121   1.51e-14  4.3e+12   0.000     .0650121    .0650121
       1598  |  -.0744173   1.51e-14 -4.9e+12   0.000    -.0744173   -.0744173
       1599  |   .1648852   1.51e-14  1.1e+13   0.000     .1648852    .1648852
       1600  |   -.014596   1.51e-14 -9.6e+11   0.000     -.014596    -.014596
       1601  |  -.1646769   1.51e-14 -1.1e+13   0.000    -.1646769   -.1646769
       1602  |  -.0327107   1.51e-14 -2.2e+12   0.000    -.0327107   -.0327107
       1603  |  -.1278241   1.51e-14 -8.4e+12   0.000    -.1278241   -.1278241
       1604  |  -.1524034   1.51e-14 -1.0e+13   0.000    -.1524034   -.1524034
       1605  |  -.0678546   1.51e-14 -4.5e+12   0.000    -.0678546   -.0678546
       1606  |   .0259162   1.51e-14  1.7e+12   0.000     .0259162    .0259162
       1607  |   .0045875   1.51e-14  3.0e+11   0.000     .0045875    .0045875
       1608  |  -.0599786   1.51e-14 -4.0e+12   0.000    -.0599786   -.0599786
       1609  |  -.1256457   1.51e-14 -8.3e+12   0.000    -.1256457   -.1256457
       1610  |   .2120684   1.51e-14  1.4e+13   0.000     .2120684    .2120684
       1611  |   .1251223   1.51e-14  8.3e+12   0.000     .1251223    .1251223
       1612  |  -.1691375   1.51e-14 -1.1e+13   0.000    -.1691375   -.1691375
       1613  |  -.1582252   1.51e-14 -1.0e+13   0.000    -.1582252   -.1582252
       1614  |  -.1802435   1.51e-14 -1.2e+13   0.000    -.1802435   -.1802435
       1615  |  -.1686964   1.51e-14 -1.1e+13   0.000    -.1686964   -.1686964
       1616  |  -.1612063   1.51e-14 -1.1e+13   0.000    -.1612063   -.1612063
       1617  |  -.1545223   1.51e-14 -1.0e+13   0.000    -.1545223   -.1545223
       1618  |  -.1532995   1.51e-14 -1.0e+13   0.000    -.1532995   -.1532995
       1619  |  -.1648952   1.51e-14 -1.1e+13   0.000    -.1648952   -.1648952
       1620  |  -.1455529   1.51e-14 -9.6e+12   0.000    -.1455529   -.1455529
       1621  |  -.0458266   1.51e-14 -3.0e+12   0.000    -.0458266   -.0458266
       1622  |  -.1267538   1.51e-14 -8.4e+12   0.000    -.1267538   -.1267538
       1623  |  -.1621393   1.51e-14 -1.1e+13   0.000    -.1621393   -.1621393
       1624  |  -.1463939   1.51e-14 -9.7e+12   0.000    -.1463939   -.1463939
       1625  |  -.1589911   1.51e-14 -1.1e+13   0.000    -.1589911   -.1589911
       1626  |  -.1335717   1.51e-14 -8.8e+12   0.000    -.1335717   -.1335717
       1627  |  -.1551417   1.51e-14 -1.0e+13   0.000    -.1551417   -.1551417
       1628  |  -.1475018   1.51e-14 -9.7e+12   0.000    -.1475018   -.1475018
       1629  |  -.1569223   1.51e-14 -1.0e+13   0.000    -.1569223   -.1569223
       1630  |  -.1011596   1.51e-14 -6.7e+12   0.000    -.1011596   -.1011596
       1631  |  -.0535072   1.51e-14 -3.5e+12   0.000    -.0535072   -.0535072
       1632  |  -.1455787   1.51e-14 -9.6e+12   0.000    -.1455787   -.1455787
       1633  |  -.1341095   1.51e-14 -8.9e+12   0.000    -.1341095   -.1341095
       1634  |  -.1634867   1.51e-14 -1.1e+13   0.000    -.1634867   -.1634867
       1635  |  -.1429248   1.51e-14 -9.4e+12   0.000    -.1429248   -.1429248
       1636  |  -.1529541   1.51e-14 -1.0e+13   0.000    -.1529541   -.1529541
       1637  |  -.1494871   1.51e-14 -9.9e+12   0.000    -.1494871   -.1494871
       1638  |  -.1286149   1.51e-14 -8.5e+12   0.000    -.1286149   -.1286149
       1639  |  -.1500151   1.51e-14 -9.9e+12   0.000    -.1500151   -.1500151
       1640  |  -.1775932   1.51e-14 -1.2e+13   0.000    -.1775932   -.1775932
       1641  |   .0107876   1.51e-14  7.1e+11   0.000     .0107876    .0107876
       1642  |   .0475245   .0035306    13.46   0.000     .0405737    .0544752
       1643  |   .1133959   1.51e-14  7.5e+12   0.000     .1133959    .1133959
       1644  |   .1894423   1.51e-14  1.3e+13   0.000     .1894423    .1894423
       1645  |  -.0155841   1.51e-14 -1.0e+12   0.000    -.0155841   -.0155841
       1646  |   .0309739   1.51e-14  2.0e+12   0.000     .0309739    .0309739
       1647  |   .2465194   1.51e-14  1.6e+13   0.000     .2465194    .2465194
       1648  |   .1326297   1.51e-14  8.8e+12   0.000     .1326297    .1326297
       1649  |   .0198487   .0035306     5.62   0.000     .0128979    .0267994
       1650  |  -.0968192   1.51e-14 -6.4e+12   0.000    -.0968192   -.0968192
       1651  |  -.1533194   1.51e-14 -1.0e+13   0.000    -.1533194   -.1533194
       1652  |  -.1087246   1.51e-14 -7.2e+12   0.000    -.1087246   -.1087246
       1653  |  -.1730213   1.51e-14 -1.1e+13   0.000    -.1730213   -.1730213
       1654  |   -.139562   1.51e-14 -9.2e+12   0.000     -.139562    -.139562
       1655  |  -.1211727   1.51e-14 -8.0e+12   0.000    -.1211727   -.1211727
       1656  |   -.148001   1.51e-14 -9.8e+12   0.000     -.148001    -.148001
       1657  |  -.0416102   1.51e-14 -2.7e+12   0.000    -.0416102   -.0416102
       1658  |  -.1686996   1.51e-14 -1.1e+13   0.000    -.1686996   -.1686996
       1659  |   -.160978   1.51e-14 -1.1e+13   0.000     -.160978    -.160978
       1660  |  -.1777949   1.51e-14 -1.2e+13   0.000    -.1777949   -.1777949
       1661  |  -.1237875   1.51e-14 -8.2e+12   0.000    -.1237875   -.1237875
       1662  |  -.1594285   1.51e-14 -1.1e+13   0.000    -.1594285   -.1594285
       1663  |  -.1664664   1.51e-14 -1.1e+13   0.000    -.1664664   -.1664664
       1664  |  -.1654905   1.51e-14 -1.1e+13   0.000    -.1654905   -.1654905
       1665  |  -.0959064   1.51e-14 -6.3e+12   0.000    -.0959064   -.0959064
       1666  |  -.1579905   1.51e-14 -1.0e+13   0.000    -.1579905   -.1579905
       1667  |  -.1743814   1.51e-14 -1.2e+13   0.000    -.1743814   -.1743814
       1668  |  -.1540191   1.51e-14 -1.0e+13   0.000    -.1540191   -.1540191
       1669  |  -.1180786   1.51e-14 -7.8e+12   0.000    -.1180786   -.1180786
       1670  |  -.1389014   1.51e-14 -9.2e+12   0.000    -.1389014   -.1389014
       1671  |  -.1694431   .0035306   -47.99   0.000    -.1763938   -.1624923
       1672  |  -.1696429   1.51e-14 -1.1e+13   0.000    -.1696429   -.1696429
       1673  |  -.1580134   1.51e-14 -1.0e+13   0.000    -.1580134   -.1580134
       1674  |  -.1084734   1.51e-14 -7.2e+12   0.000    -.1084734   -.1084734
       1675  |  -.1594251   1.51e-14 -1.1e+13   0.000    -.1594251   -.1594251
       1676  |   -.140041   1.51e-14 -9.3e+12   0.000     -.140041    -.140041
       1677  |  -.0961996   1.51e-14 -6.4e+12   0.000    -.0961996   -.0961996
       1678  |  -.1408064   1.51e-14 -9.3e+12   0.000    -.1408064   -.1408064
       1679  |  -.1586638   1.51e-14 -1.0e+13   0.000    -.1586638   -.1586638
       1680  |  -.1588558   1.51e-14 -1.0e+13   0.000    -.1588558   -.1588558
       1681  |  -.1381512   .0035306   -39.13   0.000     -.145102   -.1312005
       1682  |  -.1708935   1.51e-14 -1.1e+13   0.000    -.1708935   -.1708935
       1683  |  -.0834955   1.51e-14 -5.5e+12   0.000    -.0834955   -.0834955
       1684  |  -.1643305   1.51e-14 -1.1e+13   0.000    -.1643305   -.1643305
       1685  |  -.1098048   .0035306   -31.10   0.000    -.1167556   -.1028541
       1686  |   -.147388   1.51e-14 -9.7e+12   0.000     -.147388    -.147388
       1687  |   -.036351   .0035306   -10.30   0.000    -.0433017   -.0294002
       1688  |  -.1817594   1.51e-14 -1.2e+13   0.000    -.1817594   -.1817594
       1689  |  -.1437096   1.51e-14 -9.5e+12   0.000    -.1437096   -.1437096
       1690  |  -.1598639   .0035306   -45.28   0.000    -.1668147   -.1529131
       1691  |  -.0302533   1.51e-14 -2.0e+12   0.000    -.0302533   -.0302533
       1692  |  -.1428803   1.51e-14 -9.4e+12   0.000    -.1428803   -.1428803
       1693  |  -.1217997   1.51e-14 -8.0e+12   0.000    -.1217997   -.1217997
       1694  |  -.1272678   1.51e-14 -8.4e+12   0.000    -.1272678   -.1272678
       1695  |  -.1515312   1.51e-14 -1.0e+13   0.000    -.1515312   -.1515312
       1696  |  -.1144175   1.51e-14 -7.6e+12   0.000    -.1144175   -.1144175
       1697  |  -.1334534   1.51e-14 -8.8e+12   0.000    -.1334534   -.1334534
       1698  |  -.1024824   1.51e-14 -6.8e+12   0.000    -.1024824   -.1024824
       1699  |  -.1651515   1.51e-14 -1.1e+13   0.000    -.1651515   -.1651515
       1700  |  -.1577535   1.51e-14 -1.0e+13   0.000    -.1577535   -.1577535
       1701  |  -.1693455   1.51e-14 -1.1e+13   0.000    -.1693455   -.1693455
       1702  |  -.0849544   1.51e-14 -5.6e+12   0.000    -.0849544   -.0849544
       1703  |  -.1493183   1.51e-14 -9.9e+12   0.000    -.1493183   -.1493183
       1704  |  -.1645439   1.51e-14 -1.1e+13   0.000    -.1645439   -.1645439
       1705  |  -.0618659   1.51e-14 -4.1e+12   0.000    -.0618659   -.0618659
       1706  |  -.1568831   1.51e-14 -1.0e+13   0.000    -.1568831   -.1568831
       1707  |   -.169314   1.51e-14 -1.1e+13   0.000     -.169314    -.169314
       1708  |  -.1500783   1.51e-14 -9.9e+12   0.000    -.1500783   -.1500783
       1709  |  -.1074889   1.51e-14 -7.1e+12   0.000    -.1074889   -.1074889
       1710  |  -.1468213   1.51e-14 -9.7e+12   0.000    -.1468213   -.1468213
       1711  |  -.1545506   1.51e-14 -1.0e+13   0.000    -.1545506   -.1545506
       1712  |  -.0560785   1.51e-14 -3.7e+12   0.000    -.0560785   -.0560785
       1713  |  -.1411066   1.51e-14 -9.3e+12   0.000    -.1411066   -.1411066
       1714  |  -.1271897   1.51e-14 -8.4e+12   0.000    -.1271897   -.1271897
       1715  |  -.1584076   1.51e-14 -1.0e+13   0.000    -.1584076   -.1584076
       1716  |   -.117988   1.51e-14 -7.8e+12   0.000     -.117988    -.117988
       1717  |    -.13183   1.51e-14 -8.7e+12   0.000      -.13183     -.13183
       1718  |  -.1620047   1.51e-14 -1.1e+13   0.000    -.1620047   -.1620047
       1719  |  -.0890318   1.51e-14 -5.9e+12   0.000    -.0890318   -.0890318
       1720  |  -.1462817   1.51e-14 -9.7e+12   0.000    -.1462817   -.1462817
       1721  |  -.1531878   1.51e-14 -1.0e+13   0.000    -.1531878   -.1531878
       1722  |  -.1482789   1.51e-14 -9.8e+12   0.000    -.1482789   -.1482789
       1723  |  -.1565019   1.51e-14 -1.0e+13   0.000    -.1565019   -.1565019
       1724  |  -.0934035   1.51e-14 -6.2e+12   0.000    -.0934035   -.0934035
       1725  |  -.0290713   1.51e-14 -1.9e+12   0.000    -.0290713   -.0290713
       1726  |  -.1533503   1.51e-14 -1.0e+13   0.000    -.1533503   -.1533503
       1727  |  -.1298151   .0035306   -36.77   0.000    -.1367659   -.1228644
       1728  |  -.1414329   .0035306   -40.06   0.000    -.1483836   -.1344821
       1729  |    .043809   .0035306    12.41   0.000     .0368583    .0507598
       1730  |  -.1327587   1.51e-14 -8.8e+12   0.000    -.1327587   -.1327587
       1731  |  -.1039179   1.51e-14 -6.9e+12   0.000    -.1039179   -.1039179
       1732  |  -.1158479   .0035306   -32.81   0.000    -.1227986   -.1088971
       1733  |  -.1768557   1.51e-14 -1.2e+13   0.000    -.1768557   -.1768557
       1734  |   -.084456   .0035306   -23.92   0.000    -.0914067   -.0775052
       1735  |  -.0857013   .0035306   -24.27   0.000    -.0926521   -.0787506
       1736  |  -.1284823   .0035306   -36.39   0.000     -.135433   -.1215315
       1737  |  -.1165407   .0035306   -33.01   0.000    -.1234915     -.10959
       1738  |  -.1765223   1.51e-14 -1.2e+13   0.000    -.1765223   -.1765223
       1739  |  -.0774928   .0035306   -21.95   0.000    -.0844435    -.070542
       1740  |  -.0617857   .0035306   -17.50   0.000    -.0687364   -.0548349
       1741  |  -.0235302   .0035306    -6.66   0.000     -.030481   -.0165795
       1742  |  -.1007363   .0035306   -28.53   0.000    -.1076871   -.0937856
       1743  |  -.1639769   1.51e-14 -1.1e+13   0.000    -.1639769   -.1639769
       1744  |  -.1449583   1.51e-14 -9.6e+12   0.000    -.1449583   -.1449583
       1745  |  -.1322183   1.51e-14 -8.7e+12   0.000    -.1322183   -.1322183
       1746  |   -.142788   1.51e-14 -9.4e+12   0.000     -.142788    -.142788
       1747  |  -.1294952   1.51e-14 -8.6e+12   0.000    -.1294952   -.1294952
       1748  |  -.0891825   1.51e-14 -5.9e+12   0.000    -.0891825   -.0891825
       1749  |  -.1633621   1.51e-14 -1.1e+13   0.000    -.1633621   -.1633621
       1750  |  -.1231718   1.51e-14 -8.1e+12   0.000    -.1231718   -.1231718
       1751  |  -.1588465   1.51e-14 -1.0e+13   0.000    -.1588465   -.1588465
       1752  |  -.1231323   .0035306   -34.88   0.000     -.130083   -.1161815
       1753  |  -.1484575   .0035306   -42.05   0.000    -.1554083   -.1415068
       1754  |  -.1508196   .0035306   -42.72   0.000    -.1577704   -.1438689
       1755  |   -.160674   .0035306   -45.51   0.000    -.1676248   -.1537233
       1756  |  -.1295943   .0035306   -36.71   0.000    -.1365451   -.1226436
       1757  |  -.1152838   .0035306   -32.65   0.000    -.1222345    -.108333
       1758  |  -.1600431   1.51e-14 -1.1e+13   0.000    -.1600431   -.1600431
       1759  |  -.1488204   1.51e-14 -9.8e+12   0.000    -.1488204   -.1488204
       1760  |   -.148288   1.51e-14 -9.8e+12   0.000     -.148288    -.148288
       1761  |  -.1507951   1.51e-14 -1.0e+13   0.000    -.1507951   -.1507951
       1762  |  -.1333645   .0035306   -37.77   0.000    -.1403152   -.1264137
       1763  |  -.1127261   .0035306   -31.93   0.000    -.1196768   -.1057753
       1764  |  -.1781552   1.51e-14 -1.2e+13   0.000    -.1781552   -.1781552
       1765  |  -.1617743   1.51e-14 -1.1e+13   0.000    -.1617743   -.1617743
       1766  |  -.1450667   .0035306   -41.09   0.000    -.1520174   -.1381159
       1767  |  -.0909602   1.51e-14 -6.0e+12   0.000    -.0909602   -.0909602
       1768  |  -.1263085   1.51e-14 -8.3e+12   0.000    -.1263085   -.1263085
       1769  |  -.1322192   1.51e-14 -8.7e+12   0.000    -.1322192   -.1322192
       1770  |  -.0955189   1.51e-14 -6.3e+12   0.000    -.0955189   -.0955189
       1771  |  -.1473231   1.51e-14 -9.7e+12   0.000    -.1473231   -.1473231
       1772  |  -.1517543   1.51e-14 -1.0e+13   0.000    -.1517543   -.1517543
       1773  |  -.1563636   1.51e-14 -1.0e+13   0.000    -.1563636   -.1563636
       1774  |  -.1691696   1.51e-14 -1.1e+13   0.000    -.1691696   -.1691696
       1775  |  -.0925149   1.51e-14 -6.1e+12   0.000    -.0925149   -.0925149
       1776  |  -.1275652   1.51e-14 -8.4e+12   0.000    -.1275652   -.1275652
       1777  |  -.1661355   1.51e-14 -1.1e+13   0.000    -.1661355   -.1661355
       1778  |  -.1190468   1.51e-14 -7.9e+12   0.000    -.1190468   -.1190468
       1779  |  -.1536637   1.51e-14 -1.0e+13   0.000    -.1536637   -.1536637
       1780  |  -.1058576   1.51e-14 -7.0e+12   0.000    -.1058576   -.1058576
       1781  |  -.1195564   1.51e-14 -7.9e+12   0.000    -.1195564   -.1195564
       1782  |  -.1369922   1.51e-14 -9.0e+12   0.000    -.1369922   -.1369922
       1783  |  -.0792739   1.51e-14 -5.2e+12   0.000    -.0792739   -.0792739
       1784  |  -.1202795   1.51e-14 -7.9e+12   0.000    -.1202795   -.1202795
       1785  |  -.1254069   .0035306   -35.52   0.000    -.1323577   -.1184562
       1786  |   -.060093   1.51e-14 -4.0e+12   0.000     -.060093    -.060093
       1787  |  -.1464431   1.51e-14 -9.7e+12   0.000    -.1464431   -.1464431
       1788  |  -.1100299   1.51e-14 -7.3e+12   0.000    -.1100299   -.1100299
       1789  |  -.1015526   1.51e-14 -6.7e+12   0.000    -.1015526   -.1015526
       1790  |  -.0500076   1.51e-14 -3.3e+12   0.000    -.0500076   -.0500076
       1791  |  -.1251621   1.51e-14 -8.3e+12   0.000    -.1251621   -.1251621
       1792  |  -.1437131   1.51e-14 -9.5e+12   0.000    -.1437131   -.1437131
       1793  |  -.1236362   1.51e-14 -8.2e+12   0.000    -.1236362   -.1236362
       1794  |  -.0961477   1.51e-14 -6.4e+12   0.000    -.0961477   -.0961477
       1795  |  -.0818801   1.51e-14 -5.4e+12   0.000    -.0818801   -.0818801
       1796  |  -.0728591   1.51e-14 -4.8e+12   0.000    -.0728591   -.0728591
       1797  |  -.0813727   1.51e-14 -5.4e+12   0.000    -.0813727   -.0813727
       1798  |   .1052214   .0035306    29.80   0.000     .0982706    .1121721
       1799  |  -.1479533   1.51e-14 -9.8e+12   0.000    -.1479533   -.1479533
       1800  |  -.1299229   1.51e-14 -8.6e+12   0.000    -.1299229   -.1299229
       1801  |  -.1811106   1.51e-14 -1.2e+13   0.000    -.1811106   -.1811106
       1802  |  -.1446016   1.51e-14 -9.6e+12   0.000    -.1446016   -.1446016
       1803  |  -.1744693   1.51e-14 -1.2e+13   0.000    -.1744693   -.1744693
       1804  |  -.0548405   1.51e-14 -3.6e+12   0.000    -.0548405   -.0548405
       1805  |  -.1573527   1.51e-14 -1.0e+13   0.000    -.1573527   -.1573527
       1806  |   .0255377   1.51e-14  1.7e+12   0.000     .0255377    .0255377
       1807  |  -.1764894   1.51e-14 -1.2e+13   0.000    -.1764894   -.1764894
       1808  |  -.1665668   1.51e-14 -1.1e+13   0.000    -.1665668   -.1665668
       1809  |  -.0115175   1.51e-14 -7.6e+11   0.000    -.0115175   -.0115175
       1810  |   -.049184   1.51e-14 -3.2e+12   0.000     -.049184    -.049184
       1811  |  -.1778456   1.51e-14 -1.2e+13   0.000    -.1778456   -.1778456
       1812  |  -.1333435   1.51e-14 -8.8e+12   0.000    -.1333435   -.1333435
       1813  |  -.1647596   1.51e-14 -1.1e+13   0.000    -.1647596   -.1647596
       1814  |  -.1003726   1.51e-14 -6.6e+12   0.000    -.1003726   -.1003726
       1815  |   .0198038   1.51e-14  1.3e+12   0.000     .0198038    .0198038
       1816  |  -.0929019   1.51e-14 -6.1e+12   0.000    -.0929019   -.0929019
             |
        year |
       2001  |    .000735   .0034282     0.21   0.830     -.006014    .0074841
             |
       _cons |   .1823517   .0017141   106.38   0.000     .1789772    .1857262
------------------------------------------------------------------------------

. local twfe_beta = _b[D]

. local twfe_se   = _se[D]

. di "TWFE beta = " %8.4f `twfe_beta'
TWFE beta =  -0.0042

. di "TWFE se   = " %8.4f `twfe_se'
TWFE se   =   0.0071

. di "  (should match Col 1 OLS: " %8.4f `b_ols1' ")"
  (should match Col 1 OLS: )

. 
. di _n "============================================================"

============================================================

. di "  STEP 6: SAVE CLEAN PANEL .dta (G, T, D)"
  STEP 6: SAVE CLEAN PANEL .dta (G, T, D)

. di "============================================================"
============================================================

. 
. keep comm_id year D prop_emp_f placecode0

. 
. label variable comm_id     "G: Community numeric ID"

. label variable year        "T: Year (1996/2001)"

. label variable D           "D: Electrification (binary)"

. label variable prop_emp_f  "Y: Proportion female employed"

. 
. 
. egen aux = group(year)

. replace year = aux
(3,632 real changes made)

. drop aux 

. 
. rename comm_id G

. rename year T

. rename prop_emp_f Y

. rename placecode0 cluster

. 
. 
. 
. save "$outdir/panel_GTD.dta", replace
file /Users/anzony.quisperojas/Documents/GitHub/twfe_survey/replications/2010-2012/Dinkelman (2011)/panel_GTD.dta saved

. di "  -> panel_GTD.dta saved with " _N " observations"
  -> panel_GTD.dta saved with 3632 observations

. di "  G = comm_id, T = year, D = D"
  G = comm_id, T = year, D = D

. 
end of do-file

. do "/var/folders/gb/56xms55d53n734tnp7xq55bh0000gq/T//SD06260.000000"

. do "$twfe_root/classify_did.ado"

. *! classify_did v0.1 (2026-06-23)
. *! Classify a (G, T, D) panel into: CLA, SAD, SSFSD, SFSD, HAD, SSD, OTHER
. *!
. *! Syntax:  classify_did Y G T D
. *!   Y  = outcome (used for display only; not required for classification)
. *!   G  = group identifier
. *!   T  = time identifier (need not be consecutive; normalized internally)
. *!   D  = treatment variable (numeric)
. *!
. *! Returns (via r()):
. *!   r(design)    - "CLA" | "SAD" | "SSFSD" | "SFSD" | "HAD" | "SSD" | "OTHER"
. *!   r(estimator) - "did_multiplegt_dyn" | "did_had" | "did_multiplegt_stat"
. *!
. *! Notes:
. *!   - Prints Clement's sketch_did_design messages verbatim.
. *!   - Always-treated groups (d_baseline > 0) are excluded from sd_Fg computation.
. *!   - HAD condition (revised): sd_first_change > 0 AND each group has exactly
. *!     one unique D value before t* (constant pre-treatment, any level).
. *!   - Dataset is preserved: no variables are added to the caller's data.
. 
. program define classify_did, rclass
  1.     version 13
  2.     syntax varlist(min=4 max=4 numeric)
  3. 
.     tokenize `varlist'
  4.     local Y  "`1'"
  5.     local G  "`2'"
  6.     local T  "`3'"
  7.     local D  "`4'"
  8. 
.     di _n as text "===== classify_did ====="
  9.     di    as text "  Outcome: `Y'"
 10.     di    as text "  Group  : `G'"
 11.     di    as text "  Time   : `T'"
 12.     di    as text "  Treat  : `D'"
 13. 
.     preserve
 14. 
.     * --- Keep only needed variables; drop missing IDs ---
.     keep `Y' `G' `T' `D'
 15.     drop if missing(`G') | missing(`T')
 16. 
.     * --- Normalize G and T to consecutive integer indices ---
.     egen __G = group(`G')
 17.     egen __T = group(`T')
 18.     gen  __D  = `D'
 19.     drop `G' `T' `D'
 20.     * (keep `Y' in the working dataset for potential future use; not used in classification)
. 
.     * --- Balance the panel (Clement step 1) ---
.     fillin __G __T
 21.     capture drop _fillin
 22. 
.     * --- Scalar bounds ---
.     qui sum __T
 23.     scalar __Tplus1 = r(max) + 1
 24.     scalar __Tmin   = r(min)
 25. 
.     * --- Drop groups whose treatment is always missing ---
.     gen __tdnm = __T * (__D != .) + __Tplus1 * (__D == .)
 26.     bysort __G: egen __firstt_dnm = min(__tdnm)
 27.     drop if __firstt_dnm == __Tplus1
 28.     drop __tdnm __firstt_dnm
 29. 
.     * --- Baseline treatment: D at first observed period per group ---
.     gen  __dbase_tmp = __D if __T == __Tmin
 30.     bysort __G: egen __d_baseline = min(__dbase_tmp)
 31.     drop __dbase_tmp
 32. 
.     * --- Always-treated flag (d_baseline > 0) [Option B] ---
.     gen __always_treated = (__d_baseline > 0)
 33. 
.     * --- Fg: first T where D changes from baseline (Tplus1 if never) ---
.     gen  __tc = __T if __D != . & __D != __d_baseline
 34.     replace __tc = __Tplus1 if missing(__tc)
 35.     bysort __G: egen __Fg = min(__tc)
 36.     drop __tc
 37. 
.     * --- d_Fg and first_change ---
.     gen  __d_Fg_tmp = __D if __T == __Fg
 38.     bysort __G: egen __d_Fg = min(__d_Fg_tmp)
 39.     drop __d_Fg_tmp
 40.     gen __first_change = __d_Fg - __d_baseline
 41. 
.     * --- Drop groups where D missing just before Fg (Clement step) ---
.     gen  __dmiss = (__D == .) if __T == __Fg - 1
 42.     bysort __G: egen __dmiss_atFgm1 = min(__dmiss)
 43.     drop if __dmiss_atFgm1 == 1
 44.     drop __dmiss __dmiss_atFgm1
 45. 
.     * ---------------------------------------------------------------
.     * sd_Fg: SD of Fg among non-always-treated groups (Option B).
.     * Fallback: if ALL non-always-treated groups are never-switchers
.     * (Fg = Tplus1 for every one of them), the treatment variation lives
.     * entirely inside the always-treated groups (e.g. a continuous dose
.     * that varies within treated units over time, with pure-control units
.     * at D = 0 forever).  In that case we include all groups.
.     * ---------------------------------------------------------------
.     qui sum __Fg if __always_treated == 0
 46.     if r(N) == 0 {
 47.         di _n as result "All groups are always-treated (d_baseline > 0). Design: OTHER."
 48.         restore
 49.         return local design    "OTHER"
 50.         return local estimator "did_multiplegt_stat"
 51.         exit
 52.     }
 53.     scalar __sd_Fg    = cond(missing(r(sd)),   0, r(sd))
 54.     scalar __Fg_notAT = cond(missing(r(mean)), __Tplus1, r(mean))
 55. 
.     * Scalar flag: 1 = fell back to including AT groups in the analysis
.     scalar __incl_AT = 0
 56. 
.     if __sd_Fg == 0 & abs(__Fg_notAT - __Tplus1) < 1e-6 {
 57.         * All non-always-treated groups never switch — include AT groups.
.         di _n as text ///
>             "(Note: all non-always-treated groups are never-switchers. " ///
>             "Including always-treated groups in the classification.)"
 58.         scalar __incl_AT = 1
 59.         qui sum __Fg
 60.         scalar __sd_Fg = cond(missing(r(sd)), 0, r(sd))
 61.     }
 62. 
.     * ---------------------------------------------------------------
.     * Result locals (accumulated through nested ifs; single exit point)
.     * ---------------------------------------------------------------
.     local __design    ""
 63.     local __estimator ""
 64. 
.     * ==============================================================
.     * BRANCH A: sd_Fg == 0  (same timing or nobody switches)
.     * ==============================================================
.     if __sd_Fg == 0 {
 65. 
.         qui sum __Fg if __always_treated == 0, meanonly
 66.         scalar __Fg_val = r(mean)
 67.         local __Fg_disp = string(scalar(__Fg_val), "%g")
 68. 
.         * Clement's message
.         di _n as text ///
>             "Your design is not a Staggered First Switch Design: all groups " ///
>             "experience their first treatment change at period `__Fg_disp'. " ///
>             "You cannot use the did_multiplegt_dyn package to estimate the treatment's effect."
 69. 
.         * ----- A1: Nobody ever switches -----
.         if __Fg_val == __Tplus1 {
 70.             di _n as result "No group ever switches treatment. Design: OTHER."
 71.             local __design    "OTHER"
 72.             local __estimator "did_multiplegt_stat"
 73.         }
 74.         else {
 75.             * Some groups switch (all at the same date t* = __Fg_val)
. 
.             * sd_first_change among non-always-treated
.             qui sum __first_change if __always_treated == 0
 76.             scalar __sd_fc = cond(missing(r(sd)), 0, r(sd))
 77. 
.             * Clement's HAD / not-HAD messages
.             if __sd_fc > 0 {
 78.                 di _n as text ///
>                     "All groups experience their first treatment change at period " ///
>                     "`__Fg_disp', but the magnitude of that change varies across groups. " ///
>                     "Then, your design is an Heterogeneous Adoption Design. You may be able " ///
>                     "to use the did_had package to estimate the treatment's effect, " ///
>                     "see Chapter 7 of the DID textbook of de Chaisemartin and D'Haultfoeuille " ///
>                     "for further details."
 79.             }
 80.             else {
 81.                 di _n as text ///
>                     "All groups experience their first treatment change at period " ///
>                     "`__Fg_disp', and the magnitude of that change does not vary across groups. " ///
>                     "Then, your design is not an Heterogeneous Adoption Design, so you cannot " ///
>                     "use the did_had package to estimate the treatment's effect."
 82.             }
 83. 
.             * ----- A2: HAD check (REVISED condition) -----
.             * sd_first_change > 0  AND  each group has exactly 1 unique D value before t*
.             if __sd_fc > 0 {
 84.                 scalar __t_star = __Fg_val
 85. 
.                 * Count distinct D values per group in pre-treatment periods
.                 gen  __pre_D    = __D if __T < __t_star & __always_treated == 0
 86.                 bysort __G __pre_D: gen __pdrk = _n
 87.                 gen  __isfirst  = (__pdrk == 1 & !missing(__pre_D))
 88.                 bysort __G: egen __n_uniq_pre = total(__isfirst)
 89.                 drop __pre_D __pdrk __isfirst
 90. 
.                 qui sum __n_uniq_pre if __always_treated == 0
 91.                 * had_ok: every group has exactly 1 unique pre-treatment D value
.                 scalar __had_ok = (!missing(r(min)) & r(max) <= 1 & r(min) >= 1)
 92.                 drop __n_uniq_pre
 93. 
.                 if __had_ok {
 94.                     di _n as result ///
>                         "Your dataset corresponds to Design HAD " ///
>                         "(Heterogeneous Adoption Design)."
 95.                     di    as text  ///
>                         "  Common treatment date t* = `__Fg_disp'." ///
>                         "  Pre-treatment D is constant within each group (any level)."
 96.                     local __design    "HAD"
 97.                     local __estimator "did_had"
 98.                 }
 99.             }
100. 
.             * ----- A3: SSD check (only if not already classified) -----
.             if "`__design'" == "" {
101. 
.                 qui xtset __G __T
102.                 gen __fd_D   = __D - L.__D
103.                 gen __fd_abs = abs(__fd_D)
104.                 bysort __T: egen __min_sw = min(__fd_abs)
105.                 bysort __T: egen __max_sw = max(__fd_abs)
106.                 gen __sw_stay = (__max_sw > 0 & __min_sw == 0)
107.                 qui sum __sw_stay
108.                 scalar __ssd = r(max)
109.                 drop __fd_D __fd_abs __min_sw __max_sw __sw_stay
110. 
.                 if __ssd == 1 {
111.                     di _n as text ///
>                         "Your design is a Switchers and Stayers Design: there is at least " ///
>                         "one pair of consecutive time periods (t-1, t) between which there " ///
>                         "is at least one switcher, whose treatment changes, and one stayer, " ///
>                         "whose treatment does not change. Then, if you are ready to assume " ///
>                         "that lagged treatments do not affect the current outcome beyond a " ///
>                         "pre-determined lag, you can use the did_multiplegt_stat package to " ///
>                         "estimate the treatment's effect. See Section 8.4 of the DID textbook " ///
>                         "of de Chaisemartin and D'Haultfoeuille for further details."
112.                     di _n as result ///
>                         "Your dataset corresponds to Design SSD " ///
>                         "(Switchers and Stayers Design)."
113.                     local __design    "SSD"
114.                     local __estimator "did_multiplegt_stat"
115.                 }
116.                 else {
117.                     di _n as text ///
>                         "Your design is not a Switchers and Stayers Design: there is no pair " ///
>                         "of consecutive time periods (t-1, t) between which there is at least " ///
>                         "one switcher, whose treatment changes, and one stayer, whose treatment " ///
>                         "does not change. Then, you cannot use the did_multiplegt_stat package " ///
>                         "to estimate the treatment's effect."
118.                     di _n as result "Design: OTHER."
119.                     local __design    "OTHER"
120.                     local __estimator "did_multiplegt_stat"
121.                 }
122.             }
123.         }
124.     }
125. 
.     * ==============================================================
.     * BRANCH B: sd_Fg > 0  (staggered timing across groups)
.     * ==============================================================
.     else {
126. 
.         * Check binary: D takes only {d_min, d_max} values
.         qui sum __D
127.         scalar __d_max = r(max)
128.         scalar __d_min = r(min)
129.         gen __bin_chk = (__D == __d_max | __D == __d_min) if !missing(__D)
130.         qui sum __bin_chk
131.         scalar __binary = (r(mean) == 1)
132.         drop __bin_chk
133. 
.         * Check absorbing: D stays at d_Fg for all t > Fg
.         gen __abs_chk = (__D == __d_Fg) if __T > __Fg & !missing(__D)
134.         qui sum __abs_chk
135.         scalar __absorbing = cond(missing(r(min)), 1, r(min) == 1)
136.         drop __abs_chk
137. 
.         * Clement's staggered message
.         di _n as text ///
>             "Your design is a Staggered First Switch Design, where groups " ///
>             "experience their first treatment change at different points in time. " ///
>             "You can use the did_multiplegt_dyn package to estimate the treatment's effect, " ///
>             "see Section 8.3 of the DID textbook of de Chaisemartin and D'Haultfoeuille " ///
>             "for further details. If you are ready to assume that lagged treatments do not " ///
>             "affect the current outcome beyond a pre-determined lag, you can also use the " ///
>             "did_multiplegt_stat package, see Section 8.4 of the DID textbook."
138. 
.         * ----- B1: Binary AND absorbing -----
.         if __binary == 1 & __absorbing == 1 {
139. 
.             * sd of Fg among switchers only (Fg < Tplus1)
.             * Respect the __incl_AT fallback: include AT groups if flagged.
.             if __incl_AT {
140.                 qui sum __Fg if __Fg < __Tplus1
141.             }
142.             else {
143.                 qui sum __Fg if __Fg < __Tplus1 & __always_treated == 0
144.             }
145.             scalar __sd_Fg_sw = cond(missing(r(sd)), 0, r(sd))
146. 
.             if __sd_Fg_sw == 0 {
147.                 * All switchers adopt at the same date → CLA (stayers exist since sd_Fg > 0)
.                 di _n as text ///
>                     "Your design is a Classical DID Design, with an absorbing and binary " ///
>                     "treatment, and no variation in treatment timing. You can use a static " ///
>                     "TWFE regression and/or an event-study TWFE regression to estimate the " ///
>                     "treatment's effect, see Chapter 3 of the DID textbook of de Chaisemartin " ///
>                     "and D'Haultfoeuille for further details."
148.                 di _n as result ///
>                     "Your dataset corresponds to Design CLA (Classical DID)."
149.                 di    as text ///
>                     "  Note: CLA requires untreated/never-treated control groups. " ///
>                     "  Verify their presence before using did_multiplegt_dyn without controls."
150.                 local __design    "CLA"
151.                 local __estimator "did_multiplegt_dyn"
152.             }
153.             else {
154.                 * Switchers have different adoption dates → SAD
.                 di _n as text ///
>                     "Your design is a Staggered Adoption Design, with an absorbing and binary " ///
>                     "treatment, and variation in treatment timing. You can for instance use the " ///
>                     "csdid, did_multiplegt_dyn, or did2s package to estimate the treatment's " ///
>                     "effect, see Chapter 6 of the DID textbook of de Chaisemartin and " ///
>                     "D'Haultfoeuille for further details."
155.                 di _n as result ///
>                     "Your dataset corresponds to Design SAD (Staggered Adoption Design)."
156.                 local __design    "SAD"
157.                 local __estimator "did_multiplegt_dyn"
158.             }
159.         }
160. 
.         * ----- B2: Non-binary or non-absorbing (SFSD branch) -----
.         else {
161. 
.             * Within-baseline-treatment SD of Fg (SSFSD vs SFSD/continuous)
.             * Note: include all groups here (not just non-always-treated) so the
.             * "groups with same d_baseline share a switch date" pattern is detectable.
.             bysort __d_baseline: egen __sd_Fg_dbase = sd(__Fg)
162.             qui sum __sd_Fg_dbase
163.             scalar __sd_Fg_dbase_val = cond(missing(r(mean)), 0, r(mean))
164.             drop __sd_Fg_dbase
165. 
.             if __sd_Fg_dbase_val == 0 {
166.                 * Groups with same d_baseline all switch at same date → continuous option
.                 di _n as text ///
>                     "While your design is a Staggered First Switch Design, where groups " ///
>                     "experience their first treatment change at different points in time, " ///
>                     "groups with the same period-one treatment all experience their first " ///
>                     "treatment change at the same date, perhaps because the period-one " ///
>                     "treatment is a continuously distributed variable (groups all have " ///
>                     "different period-one treatments). Then, you can still use the " ///
>                     "did_multiplegt_dyn package to estimate the treatment's effect, but " ///
>                     "you need to specify the continuous option, see Section 8.3.5.1 of " ///
>                     "the DID textbook of de Chaisemartin and D'Haultfoeuille."
167.                 di _n as result ///
>                     "Your dataset corresponds to Design SFSD (Relaxed SFSD)."
168.                 local __design    "SFSD"
169.                 local __estimator "did_multiplegt_dyn"
170.             }
171.             else {
172.                 * Variation in Fg within baseline groups → Strict SFSD
.                 di _n as result ///
>                     "Your dataset corresponds to Design SSFSD (Strict Staggered First Switch Design)."
173.                 di    as text ///
>                     "  Use did_multiplegt_dyn. Switch timing varies " ///
>                     "  within groups that share the same baseline treatment."
174.                 local __design    "SSFSD"
175.                 local __estimator "did_multiplegt_dyn"
176.             }
177.         }
178.     }
179. 
.     * ---------------------------------------------------------------
.     * Single exit point: restore dataset and return results
.     * ---------------------------------------------------------------
.     restore
180. 
.     di _n as result "========================================="
181.     di    as result "  CLASSIFICATION : `__design'"
182.     di    as result "  ESTIMATOR      : `__estimator'"
183.     di    as result "========================================="
184. 
.     return local design    "`__design'"
185.     return local estimator "`__estimator'"
186. 
. end

. 
end of do-file

. global outdir   "$twfe_root/replications/2010-2012/Dinkelman (2011)"

. use "$outdir/panel_GTD.dta", clear

. reghdfe Y D, absorb( G T ) cluster(G)
(MWFE estimator converged in 2 iterations)

HDFE Linear regression                            Number of obs   =      3,632
Absorbing 2 HDFE groups                           F(   1,   1815) =       1.18
Statistics robust to heteroskedasticity           Prob > F        =     0.2775
                                                  R-squared       =     0.7893
                                                  Adj R-squared   =     0.5782
                                                  Within R-sq.    =     0.0006
Number of clusters (G)       =      1,816         Root MSE        =     0.0475

                                  (Std. err. adjusted for 1,816 clusters in G)
------------------------------------------------------------------------------
             |               Robust
           Y | Coefficient  std. err.      t    P>|t|     [95% conf. interval]
-------------+----------------------------------------------------------------
           D |  -.0041982   .0038644    -1.09   0.277    -.0117772    .0033809
       _cons |   .0687955   .0003884   177.15   0.000     .0680338    .0695571
------------------------------------------------------------------------------

Absorbed degrees of freedom:
-----------------------------------------------------+
 Absorbed FE | Categories  - Redundant  = Num. Coefs |
-------------+---------------------------------------|
           G |      1816        1816           0    *|
           T |         2           1           1     |
-----------------------------------------------------+
* = FE nested within cluster; treated as redundant for DoF computation

. 
end of do-file

. do "/var/folders/gb/56xms55d53n734tnp7xq55bh0000gq/T//SD06260.000000"

. reghdfe Y D, absorb( G T ) cluster(cluster)
(MWFE estimator converged in 2 iterations)

HDFE Linear regression                            Number of obs   =      3,632
Absorbing 2 HDFE groups                           F(   1,    273) =       0.71
Statistics robust to heteroskedasticity           Prob > F        =     0.4011
                                                  R-squared       =     0.7893
                                                  Adj R-squared   =     0.5782
                                                  Within R-sq.    =     0.0006
Number of clusters (cluster) =        274         Root MSE        =     0.0475

                              (Std. err. adjusted for 274 clusters in cluster)
------------------------------------------------------------------------------
             |               Robust
           Y | Coefficient  std. err.      t    P>|t|     [95% conf. interval]
-------------+----------------------------------------------------------------
           D |  -.0041982   .0049924    -0.84   0.401    -.0140267    .0056303
       _cons |   .0687955   .0005017   137.12   0.000     .0678078    .0697832
------------------------------------------------------------------------------

Absorbed degrees of freedom:
-----------------------------------------------------+
 Absorbed FE | Categories  - Redundant  = Num. Coefs |
-------------+---------------------------------------|
           G |      1816        1816           0    *|
           T |         2           1           1     |
-----------------------------------------------------+
* = FE nested within cluster; treated as redundant for DoF computation

. 
end of do-file

. do "/var/folders/gb/56xms55d53n734tnp7xq55bh0000gq/T//SD06260.000000"

. classify_did Y G T D

===== classify_did =====
  Outcome: Y
  Group  : G
  Time   : T
  Treat  : D
(0 observations deleted)
(0 observations deleted)
(1,816 missing values generated)
(3,267 missing values generated)
(3,267 real changes made)
(3,267 missing values generated)
(2,902 missing values generated)
(2,902 missing values generated)
(1,816 missing values generated)
(0 observations deleted)
(3,632 missing values generated)

Your design is a Staggered First Switch Design, where groups experience their first treatment change at different points in time. You can use the did_multiplegt_dyn pac
> kage to estimate the treatment's effect, see Section 8.3 of the DID textbook of de Chaisemartin and D'Haultfoeuille for further details. If you are ready to assume th
> at lagged treatments do not affect the current outcome beyond a pre-determined lag, you can also use the did_multiplegt_stat package, see Section 8.4 of the DID textb
> ook.

Your design is a Classical DID Design, with an absorbing and binary treatment, and no variation in treatment timing. You can use a static TWFE regression and/or an even
> t-study TWFE regression to estimate the treatment's effect, see Chapter 3 of the DID textbook of de Chaisemartin and D'Haultfoeuille for further details.

Your dataset corresponds to Design CLA (Classical DID).
  Note: CLA requires untreated/never-treated control groups.   Verify their presence before using did_multiplegt_dyn without controls.

=========================================
  CLASSIFICATION : CLA
  ESTIMATOR      : did_multiplegt_dyn
=========================================

. 
end of do-file

. do "/var/folders/gb/56xms55d53n734tnp7xq55bh0000gq/T//SD06260.000000"

. tab D if T == 1

         D: |
Electrifica |
       tion |
   (binary) |      Freq.     Percent        Cum.
------------+-----------------------------------
          0 |      1,816      100.00      100.00
------------+-----------------------------------
      Total |      1,816      100.00

. 
end of do-file

. do "/var/folders/gb/56xms55d53n734tnp7xq55bh0000gq/T//SD06260.000000"

. tab D if T == 2

         D: |
Electrifica |
       tion |
   (binary) |      Freq.     Percent        Cum.
------------+-----------------------------------
          0 |      1,451       79.90       79.90
          1 |        365       20.10      100.00
------------+-----------------------------------
      Total |      1,816      100.00

. 
end of do-file

. tab T

    T: Year |
(1996/2001) |      Freq.     Percent        Cum.
------------+-----------------------------------
          1 |      1,816       50.00       50.00
          2 |      1,816       50.00      100.00
------------+-----------------------------------
      Total |      3,632      100.00

. do "/var/folders/gb/56xms55d53n734tnp7xq55bh0000gq/T//SD06260.000000"

. global outdir  "$twfe_root/replications/2010-2012/Faye and Niehaus (2012)"

. use "$outdir/panel_GTD.dta", clear

. reghdfe Y D, absorb( G T ) cluster(G)
(MWFE estimator converged in 5 iterations)

HDFE Linear regression                            Number of obs   =     15,315
Absorbing 2 HDFE groups                           F(   1,    579) =       0.66
Statistics robust to heteroskedasticity           Prob > F        =     0.4167
                                                  R-squared       =     0.5105
                                                  Adj R-squared   =     0.4902
                                                  Within R-sq.    =     0.0000
Number of clusters (G)       =        580         Root MSE        =   166.0474

                                    (Std. err. adjusted for 580 clusters in G)
------------------------------------------------------------------------------
             |               Robust
           Y | Coefficient  std. err.      t    P>|t|     [95% conf. interval]
-------------+----------------------------------------------------------------
           D |   2.182684   2.685389     0.81   0.417    -3.091608    7.456976
       _cons |   56.99557   .2402209   237.26   0.000     56.52376    57.46739
------------------------------------------------------------------------------

Absorbed degrees of freedom:
-----------------------------------------------------+
 Absorbed FE | Categories  - Redundant  = Num. Coefs |
-------------+---------------------------------------|
           G |       580         580           0    *|
           T |        30           1          29     |
-----------------------------------------------------+
* = FE nested within cluster; treated as redundant for DoF computation

. classify_did Y G T D

===== classify_did =====
  Outcome: Y
  Group  : G
  Time   : T
  Treat  : D
(0 observations deleted)
(0 observations deleted)
(16,965 missing values generated)
(4,350 missing values generated)
(13,285 missing values generated)
(13,285 real changes made)
(16,995 missing values generated)
(5,250 missing values generated)
(9,600 missing values generated)
(16,820 missing values generated)
(5,550 observations deleted)
(145 missing values generated)
(6,300 missing values generated)

Your design is a Staggered First Switch Design, where groups experience their first treatment change at different points in time. You can use the did_multiplegt_dyn pac
> kage to estimate the treatment's effect, see Section 8.3 of the DID textbook of de Chaisemartin and D'Haultfoeuille for further details. If you are ready to assume th
> at lagged treatments do not affect the current outcome beyond a pre-determined lag, you can also use the did_multiplegt_stat package, see Section 8.4 of the DID textb
> ook.

Your dataset corresponds to Design SSFSD (Strict Staggered First Switch Design).
  Use did_multiplegt_dyn. Switch timing varies   within groups that share the same baseline treatment.

=========================================
  CLASSIFICATION : SSFSD
  ESTIMATOR      : did_multiplegt_dyn
=========================================

. 
end of do-file

. do "/var/folders/gb/56xms55d53n734tnp7xq55bh0000gq/T//SD06260.000000"

. did_multiplegt_dyn Y G T D, effects(4) placebo(3)


--------------------------------------------------------------------------------
             Estimation of treatment effects: Event-study effects
--------------------------------------------------------------------------------

             |  Estimate         SE      LB CI      UB CI          N  Switchers 
-------------+-----------------------------------------------------------------
    Effect_1 |    9.8312   8.069629  -5.984983   25.64738       7220        330 
    Effect_2 |   .351875   3.769422  -7.036056   7.739806       6715        320 
    Effect_3 |  4.300113   6.185769  -7.823773     16.424       6400        320 
    Effect_4 |  1.022714   4.453159  -7.705317   9.750745       6165        320 
--------------------------------------------------------------------------------
Test of joint nullity of the effects : p-value = .68457194


--------------------------------------------------------------------------------
               Average cumulative (total) effect per treatment unit
--------------------------------------------------------------------------------

             |  Estimate         SE      LB CI      UB CI          N     Switch  x Periods 
-------------+----------------------------------------------------------------------------
  Av_tot_eff |  14.66725   16.73868  -18.13997   47.47446       9235       1290            
--------------------------------------------------------------------------------
Average number of time periods over which a treatment's effect is accumulated = 3.8695652


--------------------------------------------------------------------------------
          Testing the parallel trends and no anticipation assumptions
--------------------------------------------------------------------------------

             |  Estimate         SE      LB CI      UB CI          N  Switchers 
-------------+-----------------------------------------------------------------
   Placebo_1 |  8.586134   5.021943  -1.256694   18.42896       6670        305 
   Placebo_2 |  7.876782   5.080278  -2.080379   17.83394       5725        275 
   Placebo_3 |  2.054188   5.664148  -9.047338   13.15571       4885        205 
--------------------------------------------------------------------------------
Test of joint nullity of the placebos : p-value = .22032963


The development of this package was funded by the European Union (ERC, REALLYCREDIBLE,GA N°101043899).

. 
end of do-file

. do "/var/folders/gb/56xms55d53n734tnp7xq55bh0000gq/T//SD06260.000000"

. /*==============================================================================
>   GENTZKOW, SHAPIRO & SINKINSON (2011) - "The Effect of Newspaper Entry
>   and Exit on Electoral Politics"
>   American Economic Review, 101(7), 2980-3018
> 
>   Pipeline:
>     STEP 1: Replicate Table 2 Cols 2-4
>     STEP 2: twowayfeweights decomposition (feTR)
>     STEP 3: Export LaTeX tables
> 
>   dCDH Web Appendix:
>     Tables 2-3. Regression 1 (feTR).
>     Panel: ~3114 counties x 46 election years (1824-2004).
>     Y = prestout (presidential turnout)
>     D = numdailies (number of daily newspapers)
> ==============================================================================*/
. 
. clear all

. set more off

. cap log close _all
