	(1)	(2)	(3)	(4)	(5)	(6)	(7)	(8)	(9)	(10)	(11)	(12)	(13)	(14)	(15)	(16)	(17)	(18)	(19)	(20)	(21)	(22)	(23)	(24)
VARIABLES	fig3_panelA	fig3_panelB	fig3_panelC	fig3_panelD	text_1930_farm_low	text_1930_farm_med	text_1930_farm_high	text_1930_val_low	text_1930_val_med	text_1930_val_high	text_1930_val_tot	fig3_rev	text_ratio_pdv_h	text_ratio_pdv_m	text_ratio_pdv_hm	t2_landvalue_a	text_tot_cost	t2_landvalue_b	text_1930_farm_low	text_1930_farm_med	text_1930_farm_high	text_1930_val_low	text_1930_val_med	text_1930_val_high
																								
m1_1_1910	0.3804232233	0.1393805685	0.0671712528	0.0000000000																				
	(0.0674281666)	(0.0347080402)	(0.0350145274)	(0.0278260527)																				
m1_1_1920	0.2909685821	-0.0220159798	-0.0263956795	0.0000000000																				
	(0.0674281666)	(0.0347080402)	(0.0350145274)	(0.0278260527)																				
m1_1_1925	0.3235959202	0.0277934435	0.0550008199	0.0000000000																				
	(0.0674281666)	(0.0347080402)	(0.0350145274)	(0.0278260527)																				
m1_1_1930	0.2967681959	0.0415418077	0.0509833877	0.0000000000																				
	(0.0674281666)	(0.0347080402)	(0.0350145274)	(0.0278260527)																				
m1_1_1940	0.1480164653	-0.1131755557	-0.1289485812	-0.1658410118								-0.155**				-0.166**								
	(0.0674281666)	(0.0347080402)	(0.0350145274)	(0.0278260527)								(0.040)				(0.030)								
m1_1_1945	0.2067228401	-0.0177045481	-0.0389662891	-0.0799647183								-0.100**				-0.080**								
	(0.0674281666)	(0.0347080402)	(0.0350145274)	(0.0278260527)								(0.030)				(0.027)								
m1_1_1950	0.1295731233	-0.0497972373	-0.0593468498	-0.1107597254								-0.117**												
	(0.0674281666)	(0.0347080402)	(0.0350145274)	(0.0278260527)								(0.035)												
m1_1_1954	0.0434808304	-0.1339614769	-0.1191460889	-0.1768887181								-0.257**												
	(0.0674281666)	(0.0347080402)	(0.0350145274)	(0.0278260527)								(0.047)												
m1_1_1959	-0.0021493818	-0.1788817304	-0.1528108717	-0.2088381981								-0.146**												
	(0.0674281666)	(0.0347080402)	(0.0350145274)	(0.0278260527)								(0.044)												
m1_1_1964	0.0025753674	-0.1586960300	-0.1330877509	-0.1915281136								-0.170**												
	(0.0674281666)	(0.0347080402)	(0.0350145274)	(0.0278260527)								(0.047)												
m1_1_1969	0.0806127965	-0.1189310241	-0.1004829403	-0.1494674467								-0.037												
	(0.0674281666)	(0.0347080402)	(0.0350145274)	(0.0278260527)								(0.050)												
o.m1_1_1974	-	-	-	-																				
																								
m1_1_1978	0.1455593380	-0.0642162370	-0.0564680782	-0.0951530415								-0.002												
	(0.0674281666)	(0.0347080402)	(0.0350145274)	(0.0278260527)								(0.056)												
m1_1_1982	0.0935459347	-0.1092148494	-0.1311331976	-0.1582654415								-0.098												
	(0.0674281666)	(0.0347080402)	(0.0350145274)	(0.0278260527)								(0.061)												
m1_1_1987	0.1703322586	-0.0520699714	-0.0795209566	-0.1050483226								0.010												
	(0.0674281666)	(0.0347080402)	(0.0350145274)	(0.0278260527)								(0.063)												
m1_1_1992	0.1968140235	-0.0379765864	-0.0608884060	-0.0820382945								-0.046												
	(0.0674281666)	(0.0347080402)	(0.0350145274)	(0.0278260527)								(0.068)												
o.m1_1_1997	-	-	-	-																				
																								
m1_2_1910	0.3903551659	0.2216653691	0.1110071712	0.0000000000																				
	(0.0947182032)	(0.0516113318)	(0.0506259033)	(0.0396718109)																				
m1_2_1920	0.2442057980	-0.0534185631	-0.0792357559	0.0000000000																				
	(0.0947182032)	(0.0516113318)	(0.0506259033)	(0.0396718109)																				
m1_2_1925	0.2978193672	0.0206083393	-0.0009789603	-0.0000000000																				
	(0.0947182032)	(0.0516113318)	(0.0506259033)	(0.0396718109)																				
m1_2_1930	0.2411680975	0.0025840597	-0.0172968512	-0.0000000000																				
	(0.0947182032)	(0.0516113318)	(0.0506259033)	(0.0396718109)																				
m1_2_1940	-0.0549459364	-0.2704173703	-0.3204602451	-0.2999469970								-0.267**				-0.300**								
	(0.0947182032)	(0.0516113318)	(0.0506259033)	(0.0396718109)								(0.055)				(0.038)								
m1_2_1945	-0.0011628526	-0.1799311241	-0.2410692268	-0.2226739745								-0.107**				-0.223**								
	(0.0947182032)	(0.0516113318)	(0.0506259033)	(0.0396718109)								(0.038)				(0.036)								
m1_2_1950	-0.0999006304	-0.2245492427	-0.2578866425	-0.2444482785								-0.150**												
	(0.0947182032)	(0.0516113318)	(0.0506259033)	(0.0396718109)								(0.047)												
m1_2_1954	-0.1679422197	-0.3168833625	-0.3344350068	-0.3340451402								-0.329**												
	(0.0947182032)	(0.0516113318)	(0.0506259033)	(0.0396718109)								(0.062)												
m1_2_1959	-0.2254729608	-0.3786080557	-0.3832860991	-0.3867898071								-0.231**												
	(0.0947182032)	(0.0516113318)	(0.0506259033)	(0.0396718109)								(0.059)												
m1_2_1964	-0.1715948365	-0.3189961449	-0.3266223797	-0.3331915650								-0.341**												
	(0.0947182032)	(0.0516113318)	(0.0506259033)	(0.0396718109)								(0.066)												
m1_2_1969	-0.0591216078	-0.2919876069	-0.2924802877	-0.3013920162								-0.200**												
	(0.0947182032)	(0.0516113318)	(0.0506259033)	(0.0396718109)								(0.068)												
o.m1_2_1974	-	-	-	-																				
																								
m1_2_1978	0.0015788519	-0.2735204765	-0.2796524593	-0.2863424967								-0.271**												
	(0.0947182032)	(0.0516113318)	(0.0506259033)	(0.0396718109)								(0.076)												
m1_2_1982	-0.0744222499	-0.3261898775	-0.3537642915	-0.3477124964								-0.342**												
	(0.0947182032)	(0.0516113318)	(0.0506259033)	(0.0396718109)								(0.079)												
m1_2_1987	-0.0220719051	-0.3050351783	-0.3124284130	-0.2951489630								-0.257**												
	(0.0947182032)	(0.0516113318)	(0.0506259033)	(0.0396718109)								(0.082)												
m1_2_1992	0.0877102511	-0.2172664046	-0.2352316351	-0.2153864247								-0.317**												
	(0.0947182032)	(0.0516113318)	(0.0506259033)	(0.0396718109)								(0.096)												
o.m1_2_1997	-	-	-	-																				
																								
control_farmland_a_1910		-0.4246279156	-0.4949491784	-0.0000000000																				
		(0.0947843439)	(0.1436597673)	(0.1143947102)																				
control_farmland_a_1920		0.1206840077	-0.0041359211	-0.0000000000																				
		(0.0947843439)	(0.1436597673)	(0.1143947102)																				
control_farmland_a_1925		0.0357219333	0.0294583831	-0.0000000000																				
		(0.0947843439)	(0.1436597673)	(0.1143947102)																				
control_farmland_a_1930		0.0498873733	-0.0209209959	-0.0000000000																				
		(0.0947843439)	(0.1436597673)	(0.1143947102)																				
control_farmland_a_1940		0.3681296377	-0.0137725912	0.1315803444								-0.067				0.132								
		(0.0947843439)	(0.1436597673)	(0.1143947102)								(0.194)				(0.130)								
control_farmland_a_1945		0.4204397387	0.1226576331	0.2190481855								0.275				0.219								
		(0.0947843439)	(0.1436597673)	(0.1143947102)								(0.147)				(0.128)								
control_farmland_a_1950		0.2442602948	0.2065685443	0.3045806199								0.204				0.299*								
		(0.0947843439)	(0.1436597673)	(0.1143947102)								(0.185)				(0.121)								
control_farmland_a_1954		0.1306619122	0.2870122142	0.3852214201								0.132				0.391**								
		(0.0947843439)	(0.1436597673)	(0.1143947102)								(0.218)				(0.129)								
control_farmland_a_1959		-0.0280305266	0.1298403551	0.2242363108								0.060				0.229								
		(0.0947843439)	(0.1436597673)	(0.1143947102)								(0.229)				(0.167)								
control_farmland_a_1964		-0.1218799828	0.1099539575	0.1458723209								0.092				0.147								
		(0.0947843439)	(0.1436597673)	(0.1143947102)								(0.214)				(0.150)								
control_farmland_a_1969		-0.2322486402	-0.0100640195	0.0507301482								0.142				0.045								
		(0.0947843439)	(0.1436597673)	(0.1143947102)								(0.238)				(0.147)								
o.control_farmland_a_1974		-	-	-								-				-								
																								
control_farmland_a_1978		-0.2830821593	-0.2884736487	-0.1753693051								0.366				-0.177								
		(0.0947843439)	(0.1436597673)	(0.1143947102)								(0.289)				(0.173)								
control_farmland_a_1982		-0.2301986311	-0.2865787049	-0.1705489882								0.307				-0.162								
		(0.0947843439)	(0.1436597673)	(0.1143947102)								(0.303)				(0.193)								
control_farmland_a_1987		-0.2173182361	-0.2610320469	-0.1692555854								0.247				-0.170								
		(0.0947843439)	(0.1436597673)	(0.1143947102)								(0.304)				(0.198)								
control_farmland_a_1992		-0.2162383441	-0.1567994985	-0.0653126112								-0.007				-0.071								
		(0.0947843439)	(0.1436597673)	(0.1143947102)								(0.348)				(0.194)								
o.control_farmland_a_1997		-	-	-								-				-								
																								
control_cropland_f_1910		1.3856471637	0.1584621763	-0.0000000000																				
		(0.1027148728)	(0.2192836165)	(0.1924811320)																				
control_cropland_f_1920		1.7953886543	0.3787964401	-0.0000000000																				
		(0.1027148728)	(0.2192836165)	(0.1924811320)																				
control_cropland_f_1925		1.7612357051	0.3383940439	-0.0000000000																				
		(0.1027148728)	(0.2192836165)	(0.1924811320)																				
control_cropland_f_1930		1.7043028781	1.7325227128	0.0000000000																				
		(0.1027148728)	(0.2192836165)	(0.1924811320)																				
control_cropland_f_1940		1.2554288589	0.6230042582	-1.00171e+00								-0.512				-1.002**								
		(0.1027148728)	(0.2192836165)	(0.1924811320)								(0.393)				(0.274)								
control_cropland_f_1945		1.5748913206	1.1928061434	-0.4221831493								0.908**				-0.422								
		(0.1027148728)	(0.2192836165)	(0.1924811320)								(0.303)				(0.231)								
control_cropland_f_1950		1.5703644051	2.0411393982	0.6965068311								1.556**				0.679**								
		(0.1027148728)	(0.2192836165)	(0.1924811320)								(0.277)				(0.221)								
control_cropland_f_1954		1.7007012355	2.2256608453	1.0415147641								1.330**				1.059**								
		(0.1027148728)	(0.2192836165)	(0.1924811320)								(0.364)				(0.241)								
control_cropland_f_1959		1.6358165877	2.1265925472	1.1120980453								1.692**				1.130**								
		(0.1027148728)	(0.2192836165)	(0.1924811320)								(0.367)				(0.284)								
control_cropland_f_1964		1.6541751173	2.2246372680	1.3166774782								1.574**				1.315**								
		(0.1027148728)	(0.2192836165)	(0.1924811320)								(0.354)				(0.286)								
control_cropland_f_1969		1.3557112601	1.7803007868	0.8821996371								1.990**				0.866**								
		(0.1027148728)	(0.2192836165)	(0.1924811320)								(0.464)				(0.235)								
o.control_cropland_f_1974		-	-	-								-				-								
																								
control_cropland_f_1978		0.9869591562	0.8336487038	0.0656165563								2.455**				0.064								
		(0.1027148728)	(0.2192836165)	(0.1924811320)								(0.505)				(0.281)								
control_cropland_f_1982		0.7671673041	0.7238318496	-0.0685635629								2.237**				-0.044								
		(0.1027148728)	(0.2192836165)	(0.1924811320)								(0.518)				(0.317)								
control_cropland_f_1987		0.2204950719	0.5694166636	-0.3444579075								2.726**				-0.342								
		(0.1027148728)	(0.2192836165)	(0.1924811320)								(0.543)				(0.349)								
control_cropland_f_1992		0.6281686077	0.7030803365	-0.2135845738								2.859**				-0.239								
		(0.1027148728)	(0.2192836165)	(0.1924811320)								(0.577)				(0.310)								
o.control_cropland_f_1997		-	-	-								-				-								
																								
control_population_a_1910		0.1068043453	0.4111092838	-0.0000000000																				
		(0.1665371410)	(0.8235171399)	(0.6582261786)																				
control_population_a_1920		-0.0282664501	-0.2409532085	-0.0000000000																				
		(0.1665371410)	(0.8235171399)	(0.6582261786)																				
control_population_a_1925		0.4452454822	1.9320202348	0.0000000000																				
		(0.1665371410)	(0.8235171399)	(0.6582261786)																				
control_population_a_1930		0.6428986529	3.2005403587	0.0000000000																				
		(0.1665371410)	(0.8235171399)	(0.6582261786)																				
control_population_a_1940		0.6874641532	3.0102468594	0.6430509743								-0.352				0.643								
		(0.1665371410)	(0.8235171399)	(0.6582261786)								(0.595)				(0.439)								
control_population_a_1945		0.8007241816	3.4329228645	0.9608839696								-0.628				0.961								
		(0.1665371410)	(0.8235171399)	(0.6582261786)								(0.517)				(0.510)								
control_population_a_1950		1.0412943520	4.0186074666	1.8323824537								-0.351				1.772**								
		(0.1665371410)	(0.8235171399)	(0.6582261786)								(0.519)				(0.519)								
control_population_a_1954		1.1241983348	4.4839554067	2.4580362517								1.372				2.518**								
		(0.1665371410)	(0.8235171399)	(0.6582261786)								(0.821)				(0.603)								
control_population_a_1959		1.1662089510	4.9702898566	3.3590536597								0.259				3.386**								
		(0.1665371410)	(0.8235171399)	(0.6582261786)								(0.774)				(0.864)								
control_population_a_1964		1.1954911219	4.9697094986	3.2001736257								0.630				3.247**								
		(0.1665371410)	(0.8235171399)	(0.6582261786)								(0.706)				(0.799)								
control_population_a_1969		0.8236533831	4.0017116609	2.3677281199								-0.270				2.295**								
		(0.1665371410)	(0.8235171399)	(0.6582261786)								(0.891)				(0.761)								
o.control_population_a_1974		-	-	-								-				-								
																								
control_population_a_1978		0.3044126318	2.6355493103	1.3092651021								-0.383				1.247*								
		(0.1665371410)	(0.8235171399)	(0.6582261786)								(0.994)				(0.594)								
control_population_a_1982		0.3454536674	2.9423480423	1.6048104613								-0.512				1.699*								
		(0.1665371410)	(0.8235171399)	(0.6582261786)								(1.014)				(0.772)								
control_population_a_1987		0.4623700816	2.2954856562	0.7779083915								-0.268				0.742								
		(0.1665371410)	(0.8235171399)	(0.6582261786)								(1.039)				(0.949)								
control_population_a_1992		0.4321166886	1.9670172018	0.4210092391								-0.156				0.425								
		(0.1665371410)	(0.8235171399)	(0.6582261786)								(1.216)				(0.731)								
o.control_population_a_1997		-	-	-								-				-								
																								
control_fraction_rural_1910		0.2007336245	0.1436141755	0.0000000000																				
		(0.0826760158)	(0.1283752947)	(0.0999329483)																				
control_fraction_rural_1920		0.4005474802	0.1548921976	-0.0000000000																				
		(0.0826760158)	(0.1283752947)	(0.0999329483)																				
control_fraction_rural_1925		0.2448967223	0.0902297982	0.0000000000																				
		(0.0826760158)	(0.1283752947)	(0.0999329483)																				
control_fraction_rural_1930		0.2268989482	0.0650813886	0.0000000000																				
		(0.0826760158)	(0.1283752947)	(0.0999329483)																				
control_fraction_rural_1940		0.3638231611	0.2235284591	0.1564672249								0.172				0.156								
		(0.0826760158)	(0.1283752947)	(0.0999329483)								(0.178)				(0.115)								
control_fraction_rural_1945		0.3394930124	0.1972463269	0.1398921656								0.075				0.140								
		(0.0826760158)	(0.1283752947)	(0.0999329483)								(0.128)				(0.116)								
control_fraction_rural_1950		0.1907074401	0.0635601591	0.0134896058								-0.168				0.007								
		(0.0826760158)	(0.1283752947)	(0.0999329483)								(0.143)				(0.103)								
control_fraction_rural_1954		0.2032857384	0.1786415426	0.1172938989								-0.015				0.124								
		(0.0826760158)	(0.1283752947)	(0.0999329483)								(0.212)				(0.121)								
control_fraction_rural_1959		0.0742210397	0.2202061460	0.1730419387								-0.055				0.179								
		(0.0826760158)	(0.1283752947)	(0.0999329483)								(0.194)				(0.151)								
control_fraction_rural_1964		0.0222687674	0.2780344694	0.2414686767								0.103				0.243								
		(0.0826760158)	(0.1283752947)	(0.0999329483)								(0.219)				(0.133)								
control_fraction_rural_1969		0.0214212436	0.3230963500	0.2871391609								-0.054				0.280*								
		(0.0826760158)	(0.1283752947)	(0.0999329483)								(0.242)				(0.118)								
o.control_fraction_rural_1974		-	-	-								-				-								
																								
control_fraction_rural_1978		0.0964145552	0.3763532279	0.3369676387								-0.086				0.334**								
		(0.0826760158)	(0.1283752947)	(0.0999329483)								(0.270)				(0.124)								
control_fraction_rural_1982		0.0759588624	0.2913856653	0.2508921252								-0.092				0.261								
		(0.0826760158)	(0.1283752947)	(0.0999329483)								(0.275)				(0.146)								
control_fraction_rural_1987		0.1660510356	0.4305300413	0.3750909827								-0.240				0.374*								
		(0.0826760158)	(0.1283752947)	(0.0999329483)								(0.275)				(0.165)								
control_fraction_rural_1992		0.0727862471	0.4196720170	0.3715994626								-0.066				0.365*								
		(0.0826760158)	(0.1283752947)	(0.0999329483)								(0.289)				(0.157)								
o.control_fraction_rural_1997		-	-	-								-				-								
																								
control_fraction_farm_1910		-1.00016e+00	-0.8916329293	-0.0000000000																				
		(0.1128173624)	(0.1121827202)	(0.0940565302)																				
control_fraction_farm_1920		-1.13157e+00	-0.7613466231	-0.0000000000																				
		(0.1128173624)	(0.1121827202)	(0.0940565302)																				
control_fraction_farm_1925		-0.8112576531	-0.6804321791	-0.0000000000																				
		(0.1128173624)	(0.1121827202)	(0.0940565302)																				
control_fraction_farm_1930		-0.8398802836	-0.7950759116	-0.0000000000																				
		(0.1128173624)	(0.1121827202)	(0.0940565302)																				
control_fraction_farm_1940		-1.16054e+00	-1.07246e+00	-0.2945955079								-0.340				-0.295*								
		(0.1128173624)	(0.1121827202)	(0.0940565302)								(0.188)				(0.134)								
control_fraction_farm_1945		-0.9354672810	-0.8762198469	-0.1713184507								-0.021				-0.171								
		(0.1128173624)	(0.1121827202)	(0.0940565302)								(0.124)				(0.122)								
control_fraction_farm_1950		-0.6504341438	-0.6861137803	-0.0568677331								0.168				-0.050								
		(0.1128173624)	(0.1121827202)	(0.0940565302)								(0.141)				(0.110)								
control_fraction_farm_1954		-0.5979254397	-0.6656245192	-0.0850227484								0.189				-0.092								
		(0.1128173624)	(0.1121827202)	(0.0940565302)								(0.198)				(0.137)								
control_fraction_farm_1959		-0.4507180672	-0.5105338747	-0.0446313239								0.344				-0.050								
		(0.1128173624)	(0.1121827202)	(0.0940565302)								(0.193)				(0.156)								
control_fraction_farm_1964		-0.2758177190	-0.3496381912	0.0240570756								0.282				0.022								
		(0.1128173624)	(0.1121827202)	(0.0940565302)								(0.188)				(0.142)								
control_fraction_farm_1969		-0.3717664993	-0.4047910773	-0.0451727069								0.121				-0.038								
		(0.1128173624)	(0.1121827202)	(0.0940565302)								(0.181)				(0.127)								
o.control_fraction_farm_1974		-	-	-								-				-								
																								
control_fraction_farm_1978		-0.5204969386	-0.5133985869	-0.2245940533								0.151				-0.221								
		(0.1128173624)	(0.1121827202)	(0.0940565302)								(0.245)				(0.143)								
control_fraction_farm_1982		-0.4734716592	-0.5129770874	-0.2553373150								0.177				-0.265								
		(0.1128173624)	(0.1121827202)	(0.0940565302)								(0.262)				(0.164)								
control_fraction_farm_1987		-0.5782734722	-0.6679430396	-0.3628897903								0.459				-0.362*								
		(0.1128173624)	(0.1121827202)	(0.0940565302)								(0.263)				(0.178)								
control_fraction_farm_1992		-0.5491131359	-0.5467368091	-0.2016528775								0.573*				-0.196								
		(0.1128173624)	(0.1121827202)	(0.0940565302)								(0.280)				(0.161)								
o.control_fraction_farm_1997		-	-	-								-				-								
																								
control_farms_a_1910		2.26295e+01	-1.65741e+01	0.0000000000																				
		(1.15848e+01)	(3.14621e+01)	(2.53155e+01)																				
control_farms_a_1920		8.16433e+01	8.6288576429	0.0000000000																				
		(1.15848e+01)	(3.14621e+01)	(2.53155e+01)																				
control_farms_a_1925		3.68167e+01	3.46201e+01	0.0000000000																				
		(1.15848e+01)	(3.14621e+01)	(2.53155e+01)																				
control_farms_a_1930		4.0972437305	5.69174e+01	0.0000000000																				
		(1.15848e+01)	(3.14621e+01)	(2.53155e+01)																				
control_farms_a_1940		8.8528869015	1.26871e+02	4.24823e+01								106.802**				42.482								
		(1.15848e+01)	(3.14621e+01)	(2.53155e+01)								(34.097)				(23.706)								
control_farms_a_1945		-2.36506e+01	9.11185e+01	1.51907e+01								0.779				15.191								
		(1.15848e+01)	(3.14621e+01)	(2.53155e+01)								(25.208)				(23.155)								
control_farms_a_1950		-5.08870e+01	3.89281e+01	-3.62590e+01								0.626				-34.876								
		(1.15848e+01)	(3.14621e+01)	(2.53155e+01)								(33.866)				(26.608)								
control_farms_a_1954		-5.44842e+01	2.52401e+01	-4.69235e+01								55.397				-48.306								
		(1.15848e+01)	(3.14621e+01)	(2.53155e+01)								(39.940)				(28.932)								
control_farms_a_1959		-3.98717e+01	4.98057e+01	-1.86648e+01								-18.275				-20.415								
		(1.15848e+01)	(3.14621e+01)	(2.53155e+01)								(36.640)				(32.502)								
control_farms_a_1964		-3.06925e+01	3.72643e+01	-2.26306e+01								-26.080				-21.902								
		(1.15848e+01)	(3.14621e+01)	(2.53155e+01)								(39.973)				(34.699)								
control_farms_a_1969		9.4321420947	3.42812e+01	-1.54255e+01								-120.175**				-14.405								
		(1.15848e+01)	(3.14621e+01)	(2.53155e+01)								(41.340)				(34.145)								
o.control_farms_a_1974		-	-	-								-				-								
																								
control_farms_a_1978		3.35688e+01	6.55527e+01	1.77366e+01								-132.534*				17.170								
		(1.15848e+01)	(3.14621e+01)	(2.53155e+01)								(56.327)				(36.299)								
control_farms_a_1982		5.62261e+01	4.82225e+01	-1.05959e+01								-151.080*				-12.396								
		(1.15848e+01)	(3.14621e+01)	(2.53155e+01)								(60.069)				(38.907)								
control_farms_a_1987		1.11780e+02	1.7216524454	-6.00870e+01								-155.291*				-60.799								
		(1.15848e+01)	(3.14621e+01)	(2.53155e+01)								(62.745)				(43.255)								
control_farms_a_1992		7.66696e+01	-2.43172e+00	-5.94549e+01								-139.512*				-56.376								
		(1.15848e+01)	(3.14621e+01)	(2.53155e+01)								(65.636)				(39.319)								
o.control_farms_a_1997		-	-	-								-				-								
																								
control_avsize_1910		-0.0000607244	0.0000037639	-0.0000000000																				
		(0.0000121323)	(0.0000439192)	(0.0000349787)																				
control_avsize_1920		-0.0000836209	-0.0000859971	-0.0000000000																				
		(0.0000121323)	(0.0000439192)	(0.0000349787)																				
control_avsize_1925		-0.0000934387	-0.0000595617	-0.0000000000																				
		(0.0000121323)	(0.0000439192)	(0.0000349787)																				
control_avsize_1930		-0.0000817034	-0.0000625203	0.0000000000																				
		(0.0000121323)	(0.0000439192)	(0.0000349787)																				
control_avsize_1940		-0.0000931454	0.0000093067	0.0000516646								-0.000				0.000								
		(0.0000121323)	(0.0000439192)	(0.0000349787)								(0.000)				(0.000)								
control_avsize_1945		-0.0000902891	-0.0000121202	0.0000337207								-0.000*				0.000								
		(0.0000121323)	(0.0000439192)	(0.0000349787)								(0.000)				(0.000)								
control_avsize_1950		-0.0000958090	0.0000286230	0.0000919163								-0.000				0.000*								
		(0.0000121323)	(0.0000439192)	(0.0000349787)								(0.000)				(0.000)								
control_avsize_1954		-0.0000922668	0.0000036451	0.0000596969								0.000				0.000								
		(0.0000121323)	(0.0000439192)	(0.0000349787)								(0.000)				(0.000)								
control_avsize_1959		-0.0000908839	0.0000487707	0.0000983695								0.000				0.000								
		(0.0000121323)	(0.0000439192)	(0.0000349787)								(0.000)				(0.000)								
control_avsize_1964		-0.0001190119	-0.0000299680	0.0000180903								0.000				0.000								
		(0.0000121323)	(0.0000439192)	(0.0000349787)								(0.000)				(0.000)								
control_avsize_1969		-0.0001048522	-0.0000565680	-0.0000180501								-0.000				-0.000								
		(0.0000121323)	(0.0000439192)	(0.0000349787)								(0.000)				(0.000)								
o.control_avsize_1974		-	-	-								-				-								
																								
control_avsize_1978		-0.0000814212	-0.0000556481	-0.0000117264								-0.000				-0.000								
		(0.0000121323)	(0.0000439192)	(0.0000349787)								(0.000)				(0.000)								
control_avsize_1982		-0.0000727000	-0.0001114780	-0.0000689172								-0.000				-0.000								
		(0.0000121323)	(0.0000439192)	(0.0000349787)								(0.000)				(0.000)								
control_avsize_1987		-0.0000887251	-0.0000462709	0.0000096948								-0.000				0.000								
		(0.0000121323)	(0.0000439192)	(0.0000349787)								(0.000)				(0.000)								
control_avsize_1992		-0.0000687792	-0.0000458848	0.0000061684								-0.000				0.000								
		(0.0000121323)	(0.0000439192)	(0.0000349787)								(0.000)				(0.000)								
o.control_avsize_1997		-	-	-								-				-								
																								
control_corn_a_c_1910		0.3967935126	0.2355199109	-0.0000000000																				
		(0.1482521880)	(0.2690789193)	(0.2212957570)																				
control_corn_a_c_1920		0.7605212132	-0.6458195888	-0.0000000000																				
		(0.1482521880)	(0.2690789193)	(0.2212957570)																				
control_corn_a_c_1925		0.4018882349	-0.2722365521	0.0000000000																				
		(0.1482521880)	(0.2690789193)	(0.2212957570)																				
control_corn_a_c_1930		0.0903005789	-0.4423487761	0.0000000000																				
		(0.1482521880)	(0.2690789193)	(0.2212957570)																				
control_corn_a_c_1940		-0.1298592747	-0.3811543546	-0.3056458565								-1.320**				-0.306								
		(0.1482521880)	(0.2690789193)	(0.2212957570)								(0.345)				(0.243)								
control_corn_a_c_1945		-0.1967351359	-0.1770228533	-0.0211931154								0.279				-0.021								
		(0.1482521880)	(0.2690789193)	(0.2212957570)								(0.272)				(0.220)								
control_corn_a_c_1950		-0.3215936541	-0.4282688015	-0.4581136465								-0.612				-0.437*								
		(0.1482521880)	(0.2690789193)	(0.2212957570)								(0.313)				(0.213)								
control_corn_a_c_1954		-0.0460764606	-0.0383464130	-0.0726027347								-0.493				-0.094								
		(0.1482521880)	(0.2690789193)	(0.2212957570)								(0.427)				(0.239)								
control_corn_a_c_1959		-0.1200172010	0.0655023297	-0.0454226983								-0.214				-0.069								
		(0.1482521880)	(0.2690789193)	(0.2212957570)								(0.410)				(0.287)								
control_corn_a_c_1964		-0.0568904384	0.1555425979	0.1080151223								-0.228				0.115								
		(0.1482521880)	(0.2690789193)	(0.2212957570)								(0.462)				(0.281)								
control_corn_a_c_1969		0.2087801517	0.0322229753	0.0022360135								0.041				0.019								
		(0.1482521880)	(0.2690789193)	(0.2212957570)								(0.523)				(0.268)								
o.control_corn_a_c_1974		-	-	-								-				-								
																								
control_corn_a_c_1978		0.4040756559	-0.5177458495	-0.7369386495								0.113				-0.741*								
		(0.1482521880)	(0.2690789193)	(0.2212957570)								(0.587)				(0.288)								
control_corn_a_c_1982		0.3759692371	-0.2768058310	-0.5669683213								0.134				-0.595								
		(0.1482521880)	(0.2690789193)	(0.2212957570)								(0.614)				(0.327)								
control_corn_a_c_1987		0.4765865875	-0.3604921007	-0.5530093547								0.055				-0.560								
		(0.1482521880)	(0.2690789193)	(0.2212957570)								(0.637)				(0.320)								
control_corn_a_c_1992		0.6894624061	-0.3081927012	-0.4644749613								0.368				-0.426								
		(0.1482521880)	(0.2690789193)	(0.2212957570)								(0.730)				(0.306)								
o.control_corn_a_c_1997		-	-	-								-				-								
																								
control_wheat_a_c_1910		0.5306822506	0.3754699743	-0.0000000000																				
		(0.1072691608)	(0.1953881188)	(0.1603138023)																				
control_wheat_a_c_1920		0.1106475093	-0.1417417749	-0.0000000000																				
		(0.1072691608)	(0.1953881188)	(0.1603138023)																				
control_wheat_a_c_1925		-0.0351136948	0.0118608189	0.0000000000																				
		(0.1072691608)	(0.1953881188)	(0.1603138023)																				
control_wheat_a_c_1930		0.0692052020	-0.0025542035	0.0000000000																				
		(0.1072691608)	(0.1953881188)	(0.1603138023)																				
control_wheat_a_c_1940		-0.0141820219	-0.4141944220	-0.6965787376								-0.533*				-0.697**								
		(0.1072691608)	(0.1953881188)	(0.1603138023)								(0.270)				(0.186)								
control_wheat_a_c_1945		-0.0322752265	-0.5090395277	-0.7201756090								-0.233				-0.720**								
		(0.1072691608)	(0.1953881188)	(0.1603138023)								(0.196)				(0.180)								
control_wheat_a_c_1950		0.0414419850	-0.4331955627	-0.7682040787								-0.243				-0.791**								
		(0.1072691608)	(0.1953881188)	(0.1603138023)								(0.234)				(0.175)								
control_wheat_a_c_1954		0.0783352467	-0.2219662631	-0.5600496351								-0.501				-0.537*								
		(0.1072691608)	(0.1953881188)	(0.1603138023)								(0.298)				(0.221)								
control_wheat_a_c_1959		-0.0042713479	-0.1539041751	-0.5279983194								-0.395				-0.509*								
		(0.1072691608)	(0.1953881188)	(0.1603138023)								(0.294)				(0.235)								
control_wheat_a_c_1964		-0.0552354825	-0.1680373726	-0.4504439544								-0.324				-0.446								
		(0.1072691608)	(0.1953881188)	(0.1603138023)								(0.292)				(0.231)								
control_wheat_a_c_1969		-0.0400314220	-0.0692797403	-0.3057395769								0.155				-0.329								
		(0.1072691608)	(0.1953881188)	(0.1603138023)								(0.365)				(0.210)								
o.control_wheat_a_c_1974		-	-	-								-				-								
																								
control_wheat_a_c_1978		-0.0849061653	-0.2446058624	-0.5687011063								0.540				-0.577*								
		(0.1072691608)	(0.1953881188)	(0.1603138023)								(0.413)				(0.232)								
control_wheat_a_c_1982		-0.0584925377	-0.4245458882	-0.7760098303								0.462				-0.742**								
		(0.1072691608)	(0.1953881188)	(0.1603138023)								(0.416)				(0.258)								
control_wheat_a_c_1987		0.0291895339	-0.2678438518	-0.5804939907								0.410				-0.583*								
		(0.1072691608)	(0.1953881188)	(0.1603138023)								(0.436)				(0.273)								
control_wheat_a_c_1992		-0.0238958617	-0.4921222779	-0.7621292285								0.883				-0.785**								
		(0.1072691608)	(0.1953881188)	(0.1603138023)								(0.489)				(0.261)								
o.control_wheat_a_c_1997		-	-	-								-				-								
																								
control_hay_a_c_1910		0.4879411271	-1.00332e+00	-0.0000000000																				
		(0.1417661664)	(0.2922283616)	(0.2339519541)																				
control_hay_a_c_1920		0.3107292662	-0.0982359874	-0.0000000000																				
		(0.1417661664)	(0.2922283616)	(0.2339519541)																				
control_hay_a_c_1925		-0.1697865774	-0.7920617775	0.0000000000																				
		(0.1417661664)	(0.2922283616)	(0.2339519541)																				
control_hay_a_c_1930		-0.3930899063	-0.8469796193	0.0000000000																				
		(0.1417661664)	(0.2922283616)	(0.2339519541)																				
control_hay_a_c_1940		-0.3897925084	-1.23660e+00	-0.5274656544								-0.076				-0.527								
		(0.1417661664)	(0.2922283616)	(0.2339519541)								(0.460)				(0.317)								
control_hay_a_c_1945		-0.5552034593	-0.8241568731	-0.0963505330								-0.098				-0.096								
		(0.1417661664)	(0.2922283616)	(0.2339519541)								(0.348)				(0.257)								
control_hay_a_c_1950		-0.5606621072	-0.7637621091	-0.0115385470								0.300				-0.010								
		(0.1417661664)	(0.2922283616)	(0.2339519541)								(0.317)				(0.267)								
control_hay_a_c_1954		-0.3938624438	-0.7302454516	0.1176121014								0.052				0.116								
		(0.1417661664)	(0.2922283616)	(0.2339519541)								(0.428)				(0.291)								
control_hay_a_c_1959		-0.3216513945	-0.7683936430	0.0128159862								0.313				0.015								
		(0.1417661664)	(0.2922283616)	(0.2339519541)								(0.415)				(0.342)								
control_hay_a_c_1964		-0.2127500765	-0.3959928731	0.3786251053								0.654				0.374								
		(0.1417661664)	(0.2922283616)	(0.2339519541)								(0.422)				(0.304)								
control_hay_a_c_1969		-0.2862656861	-0.5980778254	0.0775777388								0.924				0.080								
		(0.1417661664)	(0.2922283616)	(0.2339519541)								(0.503)				(0.290)								
o.control_hay_a_c_1974		-	-	-								-				-								
																								
control_hay_a_c_1978		-0.5783654463	-0.4478317806	0.0882096290								1.445**				0.094								
		(0.1417661664)	(0.2922283616)	(0.2339519541)								(0.540)				(0.337)								
control_hay_a_c_1982		-0.2807776270	-0.0456369232	0.3801270816								1.698**				0.378								
		(0.1417661664)	(0.2922283616)	(0.2339519541)								(0.607)				(0.429)								
control_hay_a_c_1987		-0.2608754833	-0.1960599108	0.2598097635								1.614*				0.264								
		(0.1417661664)	(0.2922283616)	(0.2339519541)								(0.629)				(0.416)								
control_hay_a_c_1992		-0.3693841140	0.0708824630	0.4586186354								1.558*				0.451								
		(0.1417661664)	(0.2922283616)	(0.2339519541)								(0.753)				(0.365)								
o.control_hay_a_c_1997		-	-	-								-				-								
																								
control_cotton_a_c_1910		0.7312584615	0.4905369260	-0.0000000000																				
		(0.1100765990)	(0.1854986763)	(0.1473920750)																				
control_cotton_a_c_1920		0.2159437277	-0.0591837120	-0.0000000000																				
		(0.1100765990)	(0.1854986763)	(0.1473920750)																				
control_cotton_a_c_1925		0.3822974853	-0.0862783871	-0.0000000000																				
		(0.1100765990)	(0.1854986763)	(0.1473920750)																				
control_cotton_a_c_1930		0.1650947030	-0.0225628223	-0.0000000000																				
		(0.1100765990)	(0.1854986763)	(0.1473920750)																				
control_cotton_a_c_1940		0.2697422987	-0.4250974052	-0.5953093358								-0.859**				-0.595**								
		(0.1100765990)	(0.1854986763)	(0.1473920750)								(0.222)				(0.180)								
control_cotton_a_c_1945		0.0620468102	-0.5507381974	-0.6597446293								-0.780**				-0.660**								
		(0.1100765990)	(0.1854986763)	(0.1473920750)								(0.177)				(0.158)								
control_cotton_a_c_1950		-0.0466237271	-0.7274227508	-0.8458393910								-0.494*				-0.862**								
		(0.1100765990)	(0.1854986763)	(0.1473920750)								(0.205)				(0.168)								
control_cotton_a_c_1954		-0.0516585333	-0.7205204145	-0.8315408886								-1.072**				-0.815**								
		(0.1100765990)	(0.1854986763)	(0.1473920750)								(0.287)				(0.179)								
control_cotton_a_c_1959		-0.1655487385	-0.7606872163	-0.8891018153								-1.266**				-0.872**								
		(0.1100765990)	(0.1854986763)	(0.1473920750)								(0.278)				(0.201)								
control_cotton_a_c_1964		-0.3858399653	-0.8823044655	-0.9295279825								-1.237**				-0.932**								
		(0.1100765990)	(0.1854986763)	(0.1473920750)								(0.305)				(0.198)								
control_cotton_a_c_1969		-0.4536046289	-0.9462680344	-1.00972e+00								-1.081**				-1.024**								
		(0.1100765990)	(0.1854986763)	(0.1473920750)								(0.311)				(0.179)								
o.control_cotton_a_c_1974		-	-	-								-				-								
																								
control_cotton_a_c_1978		-0.3096986589	-0.9546230037	-1.04941e+00								-1.087**				-1.050**								
		(0.1100765990)	(0.1854986763)	(0.1473920750)								(0.343)				(0.219)								
control_cotton_a_c_1982		-0.3176776970	-1.13444e+00	-1.22057e+00								-0.944**				-1.198**								
		(0.1100765990)	(0.1854986763)	(0.1473920750)								(0.364)				(0.236)								
control_cotton_a_c_1987		-0.2848188375	-1.19606e+00	-1.23516e+00								-0.952*				-1.232**								
		(0.1100765990)	(0.1854986763)	(0.1473920750)								(0.386)				(0.257)								
control_cotton_a_c_1992		-0.2247458239	-0.9925038547	-1.03869e+00								-0.821				-1.064**								
		(0.1100765990)	(0.1854986763)	(0.1473920750)								(0.422)				(0.255)								
o.control_cotton_a_c_1997		-	-	-								-				-								
																								
control_obr_a_c_1910		0.6153534404	0.7892229572	-0.0000000000																				
		(0.1766557911)	(0.2966787767)	(0.2385109276)																				
control_obr_a_c_1920		0.8525345818	0.7443616311	-0.0000000000																				
		(0.1766557911)	(0.2966787767)	(0.2385109276)																				
control_obr_a_c_1925		0.4066252418	0.5930439175	-0.0000000000																				
		(0.1766557911)	(0.2966787767)	(0.2385109276)																				
control_obr_a_c_1930		-0.0633028868	0.4356583740	0.0000000000																				
		(0.1766557911)	(0.2966787767)	(0.2385109276)																				
control_obr_a_c_1940		0.2445746930	0.4078554538	-0.2469563029								0.209				-0.247								
		(0.1766557911)	(0.2966787767)	(0.2385109276)								(0.339)				(0.265)								
control_obr_a_c_1945		0.0790952907	0.3024124039	-0.2120252134								-0.635**				-0.212								
		(0.1766557911)	(0.2966787767)	(0.2385109276)								(0.242)				(0.228)								
control_obr_a_c_1950		0.1590837454	0.5489998114	-0.0251212120								-0.264				-0.034								
		(0.1766557911)	(0.2966787767)	(0.2385109276)								(0.284)				(0.237)								
control_obr_a_c_1954		0.0472459976	0.7935115618	0.3078274903								-0.026				0.316								
		(0.1766557911)	(0.2966787767)	(0.2385109276)								(0.361)				(0.287)								
control_obr_a_c_1959		-0.1149074010	0.5783953955	0.1659621790								0.187				0.176								
		(0.1766557911)	(0.2966787767)	(0.2385109276)								(0.342)				(0.305)								
control_obr_a_c_1964		-0.0957021113	0.6843156019	0.4144430152								0.207				0.410								
		(0.1766557911)	(0.2966787767)	(0.2385109276)								(0.386)				(0.281)								
control_obr_a_c_1969		0.0286813095	0.6264630109	0.3887626995								-0.477				0.382								
		(0.1766557911)	(0.2966787767)	(0.2385109276)								(0.405)				(0.268)								
o.control_obr_a_c_1974		-	-	-								-				-								
																								
control_obr_a_c_1978		0.5089546061	0.9471705458	0.6538274379								-0.295				0.657*								
		(0.1766557911)	(0.2966787767)	(0.2385109276)								(0.497)				(0.301)								
control_obr_a_c_1982		0.5781680602	1.0877501071	0.7585803229								-0.233				0.770*								
		(0.1766557911)	(0.2966787767)	(0.2385109276)								(0.507)				(0.359)								
control_obr_a_c_1987		1.0081287237	1.1476572540	0.8079880984								-0.651				0.812*								
		(0.1766557911)	(0.2966787767)	(0.2385109276)								(0.526)				(0.392)								
control_obr_a_c_1992		1.1071344315	1.4203042063	1.0328957384								-0.811				1.015**								
		(0.1766557911)	(0.2966787767)	(0.2385109276)								(0.554)				(0.358)								
o.control_obr_a_c_1997		-	-	-								-				-								
																								
control_cows_a_1910		5.4519605524	2.7697040192	0.0000000000																				
		(0.7259540814)	(1.2303672945)	(0.9626275611)																				
control_cows_a_1920		5.2545815839	2.3622742138	-0.0000000000																				
		(0.7259540814)	(1.2303672945)	(0.9626275611)																				
control_cows_a_1925		5.1820323304	1.6509782731	0.0000000000																				
		(0.7259540814)	(1.2303672945)	(0.9626275611)																				
control_cows_a_1930		4.6802006016	2.1586291005	0.0000000000																				
		(0.7259540814)	(1.2303672945)	(0.9626275611)																				
control_cows_a_1940		3.8484294589	1.9365554389	-0.9036807898								0.581				-0.904								
		(0.7259540814)	(1.2303672945)	(0.9626275611)								(1.699)				(1.173)								
control_cows_a_1945		3.4831965663	2.3324014383	-0.1316403603								0.594				-0.132								
		(0.7259540814)	(1.2303672945)	(0.9626275611)								(1.364)				(1.059)								
control_cows_a_1950		2.5660566393	2.2800299338	-0.0071216961								2.152				-0.064								
		(0.7259540814)	(1.2303672945)	(0.9626275611)								(1.370)				(1.077)								
control_cows_a_1954		2.9449272436	1.7250919009	-0.4461553374								-0.868				-0.389								
		(0.7259540814)	(1.2303672945)	(0.9626275611)								(1.679)				(1.150)								
control_cows_a_1959		3.5629173725	2.3846048183	0.4409230722								-0.491				0.482								
		(0.7259540814)	(1.2303672945)	(0.9626275611)								(1.634)				(1.309)								
control_cows_a_1964		3.7235330032	3.0300336533	1.5939603533								-2.340				1.613								
		(0.7259540814)	(1.2303672945)	(0.9626275611)								(1.628)				(1.399)								
control_cows_a_1969		3.4896810699	2.2924619588	0.9666073176								0.619				0.906								
		(0.7259540814)	(1.2303672945)	(0.9626275611)								(1.831)				(1.385)								
o.control_cows_a_1974		-	-	-								-				-								
																								
control_cows_a_1978		3.1352698912	0.5318857741	-0.6311053508								-0.103				-0.663								
		(0.7259540814)	(1.2303672945)	(0.9626275611)								(2.127)				(1.646)								
control_cows_a_1982		2.5895475075	0.4084683923	-0.7430385135								-1.113				-0.659								
		(0.7259540814)	(1.2303672945)	(0.9626275611)								(2.395)				(1.782)								
control_cows_a_1987		1.1386870975	0.5399114545	-0.7024932038								-0.001				-0.716								
		(0.7259540814)	(1.2303672945)	(0.9626275611)								(2.458)				(1.822)								
control_cows_a_1992		2.4200428048	0.4132745509	-0.8620542580								0.760				-0.901								
		(0.7259540814)	(1.2303672945)	(0.9626275611)								(2.733)				(1.745)								
o.control_cows_a_1997		-	-	-								-				-								
																								
control_pigs_a_1910		0.2027863736	-2.37106e+00	-0.0000000000																				
		(0.3063249856)	(0.6744822529)	(0.5300669617)																				
control_pigs_a_1920		0.6233436194	-0.4341077800	-0.0000000000																				
		(0.3063249856)	(0.6744822529)	(0.5300669617)																				
control_pigs_a_1925		0.1866591421	-0.8848146233	-0.0000000000																				
		(0.3063249856)	(0.6744822529)	(0.5300669617)																				
control_pigs_a_1930		0.9051869045	-0.2451529768	0.0000000000																				
		(0.3063249856)	(0.6744822529)	(0.5300669617)																				
control_pigs_a_1940		0.9541995469	-0.1496747923	-0.1609918304								-0.593				-0.161								
		(0.3063249856)	(0.6744822529)	(0.5300669617)								(0.588)				(0.352)								
control_pigs_a_1945		1.1576042282	0.1131781574	0.0899838565								-0.989**				0.090								
		(0.3063249856)	(0.6744822529)	(0.5300669617)								(0.374)				(0.329)								
control_pigs_a_1950		1.5142745364	0.0818168287	0.1322367471								-0.039				0.123								
		(0.3063249856)	(0.6744822529)	(0.5300669617)								(0.381)				(0.350)								
control_pigs_a_1954		1.3615561901	-0.0573024053	0.1584031549								-0.284				0.168								
		(0.3063249856)	(0.6744822529)	(0.5300669617)								(0.445)				(0.376)								
control_pigs_a_1959		1.0287485688	0.2292192471	0.3649451045								-0.394				0.378								
		(0.3063249856)	(0.6744822529)	(0.5300669617)								(0.435)				(0.420)								
control_pigs_a_1964		0.5578293504	-0.5742506217	-0.4336676973								-0.460				-0.440								
		(0.3063249856)	(0.6744822529)	(0.5300669617)								(0.458)				(0.458)								
control_pigs_a_1969		0.3161151148	-0.7662532931	-0.5955700072								-0.634				-0.602								
		(0.3063249856)	(0.6744822529)	(0.5300669617)								(0.571)				(0.458)								
o.control_pigs_a_1974		-	-	-								-				-								
																								
control_pigs_a_1978		-0.0915002612	-0.5239536786	-0.3806416796								0.357				-0.375								
		(0.3063249856)	(0.6744822529)	(0.5300669617)								(0.731)				(0.496)								
control_pigs_a_1982		0.0319954678	0.2126301319	0.1443243761								0.718				0.156								
		(0.3063249856)	(0.6744822529)	(0.5300669617)								(0.772)				(0.539)								
control_pigs_a_1987		-0.0942256088	-0.6547479613	-0.7496130098								0.571				-0.743								
		(0.3063249856)	(0.6744822529)	(0.5300669617)								(0.849)				(0.539)								
control_pigs_a_1992		-0.1625833994	-1.12830e+00	-1.22323e+00								0.060				-1.247*								
		(0.3063249856)	(0.6744822529)	(0.5300669617)								(0.961)				(0.547)								
o.control_pigs_a_1997		-	-	-								-				-								
																								
control_chickens_a_1910		0.9151182050	0.1994924898	0.0000000000																				
		(0.1337070303)	(0.2844121131)	(0.2236577517)																				
control_chickens_a_1920		0.1819070285	-0.4070036664	0.0000000000																				
		(0.1337070303)	(0.2844121131)	(0.2236577517)																				
control_chickens_a_1925		0.5289191421	-0.0023726108	-0.0000000000																				
		(0.1337070303)	(0.2844121131)	(0.2236577517)																				
control_chickens_a_1930		0.7331237582	0.2340598928	-0.0000000000																				
		(0.1337070303)	(0.2844121131)	(0.2236577517)																				
control_chickens_a_1940		1.0174310604	0.5426550669	0.4633205550								0.184				0.463**								
		(0.1337070303)	(0.2844121131)	(0.2236577517)								(0.246)				(0.170)								
control_chickens_a_1945		0.9478480822	0.5043350029	0.3599182910								0.328				0.360*								
		(0.1337070303)	(0.2844121131)	(0.2236577517)								(0.196)				(0.166)								
control_chickens_a_1950		0.8771350435	0.8994457417	0.7324999575								0.384				0.710**								
		(0.1337070303)	(0.2844121131)	(0.2236577517)								(0.220)				(0.200)								
control_chickens_a_1954		0.7937745668	0.7498890608	0.5331981174								0.196				0.556**								
		(0.1337070303)	(0.2844121131)	(0.2236577517)								(0.265)				(0.210)								
control_chickens_a_1959		0.7303724849	0.5557795939	0.3510280271								0.516*				0.375								
		(0.1337070303)	(0.2844121131)	(0.2236577517)								(0.252)				(0.235)								
control_chickens_a_1964		0.5369415021	0.5461535015	0.2881315026								0.613*				0.283								
		(0.1337070303)	(0.2844121131)	(0.2236577517)								(0.282)				(0.245)								
control_chickens_a_1969		0.5310218733	0.6463943605	0.3939259537								0.942**				0.375								
		(0.1337070303)	(0.2844121131)	(0.2236577517)								(0.340)				(0.239)								
o.control_chickens_a_1974		-	-	-								-				-								
																								
control_chickens_a_1978		0.4768291803	0.7048045262	0.4306058648								0.333				0.432								
		(0.1337070303)	(0.2844121131)	(0.2236577517)								(0.405)				(0.247)								
control_chickens_a_1982		0.3123451970	0.8088337017	0.5649977676								0.353				0.596*								
		(0.1337070303)	(0.2844121131)	(0.2236577517)								(0.435)				(0.273)								
control_chickens_a_1987		0.0271697204	1.3141800272	1.0562459606								0.724				1.062**								
		(0.1337070303)	(0.2844121131)	(0.2236577517)								(0.478)				(0.290)								
control_chickens_a_1992		0.2239911568	1.2849052569	1.0882519913								0.818				1.050**								
		(0.1337070303)	(0.2844121131)	(0.2236577517)								(0.540)				(0.275)								
o.control_chickens_a_1997		-	-	-								-				-								
																								
lcontrol_farmland_a_1_1910			0.2177177199	0.0000000000																				
			(0.1454184099)	(0.1206444891)																				
lcontrol_farmland_a_1_1920			0.1530426236	-0.0000000000																				
			(0.1454184099)	(0.1206444891)																				
lcontrol_farmland_a_1_1925			-0.2382720931	0.0000000000																				
			(0.1454184099)	(0.1206444891)																				
lcontrol_farmland_a_1_1930			-0.0722273064	0.0000000000																				
			(0.1454184099)	(0.1206444891)																				
lcontrol_farmland_a_1_1940			0.4202055739	0.4736014272								0.189				0.474**								
			(0.1454184099)	(0.1206444891)								(0.260)				(0.173)								
lcontrol_farmland_a_1_1945			0.3196788977	0.4026830388								-0.036				0.403**								
			(0.1454184099)	(0.1206444891)								(0.151)				(0.146)								
lcontrol_farmland_a_1_1950			0.2607457287	0.3916215615								0.229				0.400**								
			(0.1454184099)	(0.1206444891)								(0.186)				(0.139)								
lcontrol_farmland_a_1_1954			0.0265191526	0.2387887005								0.489*				0.230								
			(0.1454184099)	(0.1206444891)								(0.244)				(0.164)								
lcontrol_farmland_a_1_1959			0.1325409033	0.3563148279								0.090				0.350								
			(0.1454184099)	(0.1206444891)								(0.244)				(0.200)								
lcontrol_farmland_a_1_1964			-0.0546298000	0.2174620654								0.260				0.215								
			(0.1454184099)	(0.1206444891)								(0.241)				(0.193)								
lcontrol_farmland_a_1_1969			-0.0359197446	0.1529353099								-0.016				0.162								
			(0.1454184099)	(0.1206444891)								(0.296)				(0.160)								
o.lcontrol_farmland_a_1_1974			-	-								-				-								
																								
lcontrol_farmland_a_1_1978			-0.0670745059	0.0669624849								-0.112				0.071								
			(0.1454184099)	(0.1206444891)								(0.337)				(0.183)								
lcontrol_farmland_a_1_1982			-0.1587294605	-0.0171975844								-0.193				-0.030								
			(0.1454184099)	(0.1206444891)								(0.332)				(0.206)								
lcontrol_farmland_a_1_1987			-0.3062145633	-0.1458013782								0.138				-0.144								
			(0.1454184099)	(0.1206444891)								(0.334)				(0.223)								
lcontrol_farmland_a_1_1992			-0.2077555469	-0.1145922348								-0.024				-0.108								
			(0.1454184099)	(0.1206444891)								(0.397)				(0.212)								
o.lcontrol_farmland_a_1_1997			-	-								-				-								
																								
lcontrol_farmland_a_2_1910			-0.2057099007	-0.0000000000																				
			(0.1238251825)	(0.1050499918)																				
lcontrol_farmland_a_2_1920			-0.4258068741	-0.0000000000																				
			(0.1238251825)	(0.1050499918)																				
lcontrol_farmland_a_2_1925			-0.1376743297	-0.0000000000																				
			(0.1238251825)	(0.1050499918)																				
lcontrol_farmland_a_2_1930			-0.0612244680	-0.0000000000																				
			(0.1238251825)	(0.1050499918)																				
lcontrol_farmland_a_2_1940			-0.1677779356	-0.2060672055								-0.004				-0.206								
			(0.1238251825)	(0.1050499918)								(0.192)				(0.140)								
lcontrol_farmland_a_2_1945			-0.1289407373	-0.1752216378								-0.293*				-0.175								
			(0.1238251825)	(0.1050499918)								(0.126)				(0.114)								
lcontrol_farmland_a_2_1950			-0.2177860714	-0.2961747369								-0.423**				-0.300**								
			(0.1238251825)	(0.1050499918)								(0.143)				(0.105)								
lcontrol_farmland_a_2_1954			-0.1455285308	-0.2793700310								-0.572**				-0.276*								
			(0.1238251825)	(0.1050499918)								(0.185)				(0.125)								
lcontrol_farmland_a_2_1959			-0.1760152464	-0.3399196049								-0.416*				-0.336*								
			(0.1238251825)	(0.1050499918)								(0.180)				(0.147)								
lcontrol_farmland_a_2_1964			-0.1955105023	-0.3752894854								-0.382				-0.376*								
			(0.1238251825)	(0.1050499918)								(0.195)				(0.150)								
lcontrol_farmland_a_2_1969			-0.1719271485	-0.3190929915								-0.327				-0.322*								
			(0.1238251825)	(0.1050499918)								(0.235)				(0.140)								
o.lcontrol_farmland_a_2_1974			-	-								-				-								
																								
lcontrol_farmland_a_2_1978			-0.0371929154	-0.2260327432								-0.577*				-0.225								
			(0.1238251825)	(0.1050499918)								(0.285)				(0.157)								
lcontrol_farmland_a_2_1982			0.1180651198	-0.1208183354								-0.477				-0.116								
			(0.1238251825)	(0.1050499918)								(0.299)				(0.182)								
lcontrol_farmland_a_2_1987			0.2330672079	0.0001942347								-0.540				0.001								
			(0.1238251825)	(0.1050499918)								(0.287)				(0.201)								
lcontrol_farmland_a_2_1992			0.0702787457	-0.0902385940								-0.287				-0.097								
			(0.1238251825)	(0.1050499918)								(0.310)				(0.199)								
o.lcontrol_farmland_a_2_1997			-	-								-				-								
																								
lcontrol_farmland_a_3_1910			-0.0636098549	0.0000000000																				
			(0.0767090672)	(0.0625848330)																				
lcontrol_farmland_a_3_1920			0.2049315523	0.0000000000																				
			(0.0767090672)	(0.0625848330)																				
lcontrol_farmland_a_3_1925			0.1347738873	0.0000000000																				
			(0.0767090672)	(0.0625848330)																				
lcontrol_farmland_a_3_1930			0.1577680125	0.0000000000																				
			(0.0767090672)	(0.0625848330)																				
lcontrol_farmland_a_3_1940			0.2467323190	0.1574262428								0.001				0.157**								
			(0.0767090672)	(0.0625848330)								(0.117)				(0.056)								
lcontrol_farmland_a_3_1945			0.1873301746	0.0933137063								-0.104				0.093								
			(0.0767090672)	(0.0625848330)								(0.087)				(0.054)								
lcontrol_farmland_a_3_1950			-0.0438574271	-0.1105930897								-0.080				-0.106								
			(0.0767090672)	(0.0625848330)								(0.089)				(0.055)								
lcontrol_farmland_a_3_1954			-0.0985863454	-0.1331608196								-0.090				-0.138*								
			(0.0767090672)	(0.0625848330)								(0.097)				(0.065)								
lcontrol_farmland_a_3_1959			-0.1699357398	-0.1802804400								-0.161				-0.185*								
			(0.0767090672)	(0.0625848330)								(0.100)				(0.074)								
lcontrol_farmland_a_3_1964			-0.0604762829	-0.0722067270								-0.087				-0.072								
			(0.0767090672)	(0.0625848330)								(0.094)				(0.068)								
lcontrol_farmland_a_3_1969			-0.0773387018	-0.0839336390								-0.188				-0.080								
			(0.0767090672)	(0.0625848330)								(0.144)				(0.067)								
o.lcontrol_farmland_a_3_1974			-	-								-				-								
																								
lcontrol_farmland_a_3_1978			0.0254023485	0.0655569665								-0.275				0.066								
			(0.0767090672)	(0.0625848330)								(0.178)				(0.090)								
lcontrol_farmland_a_3_1982			0.1160525975	0.1700351629								-0.264				0.164								
			(0.0767090672)	(0.0625848330)								(0.140)				(0.094)								
lcontrol_farmland_a_3_1987			0.1432192610	0.1793268762								-0.374**				0.179								
			(0.0767090672)	(0.0625848330)								(0.136)				(0.098)								
lcontrol_farmland_a_3_1992			0.0091094738	0.0173555183								-0.357*				0.024								
			(0.0767090672)	(0.0625848330)								(0.150)				(0.144)								
o.lcontrol_farmland_a_3_1997			-	-								-				-								
																								
lcontrol_cropland_f_1_1910			1.5827952048	0.0000000000																				
			(0.2091520231)	(0.1999016695)																				
lcontrol_cropland_f_1_1920			1.6293537004	0.0000000000																				
			(0.2091520231)	(0.1999016695)																				
lcontrol_cropland_f_1_1925			1.6465966431	0.0000000000																				
			(0.2091520231)	(0.1999016695)																				
lcontrol_cropland_f_1_1930			-0.0251271088	-0.0000000000																				
			(0.2091520231)	(0.1999016695)																				
lcontrol_cropland_f_1_1940			0.6116327008	0.5717655092								0.227				0.572*								
			(0.2091520231)	(0.1999016695)								(0.373)				(0.271)								
lcontrol_cropland_f_1_1945			0.2422946611	0.3550609713								-0.631*				0.355								
			(0.2091520231)	(0.1999016695)								(0.279)				(0.223)								
lcontrol_cropland_f_1_1950			-0.6014655139	-0.5423088821								-1.216**				-0.553*								
			(0.2091520231)	(0.1999016695)								(0.311)				(0.242)								
lcontrol_cropland_f_1_1954			-0.5733230085	-0.6725205358								-0.716				-0.662*								
			(0.2091520231)	(0.1999016695)								(0.421)				(0.259)								
lcontrol_cropland_f_1_1959			-0.4833307560	-0.5050449238								-1.073*				-0.498								
			(0.2091520231)	(0.1999016695)								(0.416)				(0.312)								
lcontrol_cropland_f_1_1964			-0.6304414880	-0.5952245867								-1.066**				-0.591								
			(0.2091520231)	(0.1999016695)								(0.412)				(0.308)								
lcontrol_cropland_f_1_1969			-0.3836971684	-0.2363524987								-1.286**				-0.248								
			(0.2091520231)	(0.1999016695)								(0.476)				(0.259)								
o.lcontrol_cropland_f_1_1974			-	-								-				-								
																								
lcontrol_cropland_f_1_1978			0.1485440615	0.5373954268								-1.416**				0.531								
			(0.2091520231)	(0.1999016695)								(0.507)				(0.302)								
lcontrol_cropland_f_1_1982			-0.0098546019	0.5023822007								-1.155*				0.518								
			(0.2091520231)	(0.1999016695)								(0.527)				(0.337)								
lcontrol_cropland_f_1_1987			-0.3551814308	0.1627105912								-1.866**				0.159								
			(0.2091520231)	(0.1999016695)								(0.549)				(0.357)								
lcontrol_cropland_f_1_1992			-0.0755465983	0.3637123516								-1.865**				0.358								
			(0.2091520231)	(0.1999016695)								(0.596)				(0.338)								
o.lcontrol_cropland_f_1_1997			-	-								-				-								
																								
lcontrol_population_a_2_1910			-1.46821e+00	-0.0000000000																				
			(1.6527480967)	(1.2975701623)																				
lcontrol_population_a_2_1920			1.5406820082	0.0000000000																				
			(1.6527480967)	(1.2975701623)																				
lcontrol_population_a_2_1925			-2.08589e+00	-0.0000000000																				
			(1.6527480967)	(1.2975701623)																				
lcontrol_population_a_2_1930			-3.61125e+00	-0.0000000000																				
			(1.6527480967)	(1.2975701623)																				
lcontrol_population_a_2_1940			-3.52721e+00	-0.8642653955								-0.327				-0.864								
			(1.6527480967)	(1.2975701623)								(1.183)				(0.854)								
lcontrol_population_a_2_1945			-4.45847e+00	-1.65600e+00								0.949				-1.656								
			(1.6527480967)	(1.2975701623)								(1.113)				(1.097)								
lcontrol_population_a_2_1950			-5.06784e+00	-2.48207e+00								-0.915				-2.368*								
			(1.6527480967)	(1.2975701623)								(1.089)				(1.036)								
lcontrol_population_a_2_1954			-5.43822e+00	-2.98848e+00								-3.298				-3.103**								
			(1.6527480967)	(1.2975701623)								(1.787)				(1.167)								
lcontrol_population_a_2_1959			-6.76579e+00	-4.73901e+00								-2.842				-4.792**								
			(1.6527480967)	(1.2975701623)								(1.613)				(1.437)								
lcontrol_population_a_2_1964			-6.09987e+00	-3.87404e+00								-2.043				-3.957**								
			(1.6527480967)	(1.2975701623)								(1.513)				(1.348)								
lcontrol_population_a_2_1969			-5.09811e+00	-3.01532e+00								-2.045				-2.879*								
			(1.6527480967)	(1.2975701623)								(1.690)				(1.257)								
o.lcontrol_population_a_2_1974			-	-								-				-								
																								
lcontrol_population_a_2_1978			-4.84842e+00	-3.11000e+00								-2.738				-2.998*								
			(1.6527480967)	(1.2975701623)								(2.080)				(1.231)								
lcontrol_population_a_2_1982			-4.80598e+00	-3.17861e+00								-1.900				-3.355*								
			(1.6527480967)	(1.2975701623)								(2.098)				(1.446)								
lcontrol_population_a_2_1987			-2.95428e+00	-1.28098e+00								-2.359				-1.216								
			(1.6527480967)	(1.2975701623)								(2.209)				(1.929)								
lcontrol_population_a_2_1992			-2.93891e+00	-1.23180e+00								-2.708				-1.232								
			(1.6527480967)	(1.2975701623)								(2.343)				(1.486)								
o.lcontrol_population_a_2_1997			-	-								-				-								
																								
lcontrol_population_a_3_1910			1.6236902292	0.0000000000																				
			(1.2651350559)	(0.9861996637)																				
lcontrol_population_a_3_1920			-1.44411e+00	0.0000000000																				
			(1.2651350559)	(0.9861996637)																				
lcontrol_population_a_3_1925			0.3571353952	0.0000000000																				
			(1.2651350559)	(0.9861996637)																				
lcontrol_population_a_3_1930			0.4259668504	0.0000000000																				
			(1.2651350559)	(0.9861996637)																				
lcontrol_population_a_3_1940			0.7223585183	0.4743286818								1.043				0.474								
			(1.2651350559)	(0.9861996637)								(0.825)				(0.675)								
lcontrol_population_a_3_1945			1.3627632588	1.0837822706								-0.354				1.084								
			(1.2651350559)	(0.9861996637)								(0.823)				(0.778)								
lcontrol_population_a_3_1950			1.4110302871	1.0010594471								2.009*				0.938								
			(1.2651350559)	(0.9861996637)								(0.818)				(0.772)								
lcontrol_population_a_3_1954			1.2476264609	0.8122286188								2.446				0.876								
			(1.2651350559)	(0.9861996637)								(1.270)				(0.806)								
lcontrol_population_a_3_1959			2.1908705201	1.7698001507								3.341**				1.807								
			(1.2651350559)	(0.9861996637)								(1.100)				(1.009)								
lcontrol_population_a_3_1964			1.3292175159	0.8611763647								1.931				0.895								
			(1.2651350559)	(0.9861996637)								(1.045)				(0.836)								
lcontrol_population_a_3_1969			1.1091557083	0.6464631085								2.856*				0.575								
			(1.2651350559)	(0.9861996637)								(1.174)				(0.846)								
o.lcontrol_population_a_3_1974			-	-								-				-								
																								
lcontrol_population_a_3_1978			2.2842706429	1.8712014782								3.636*				1.822								
			(1.2651350559)	(0.9861996637)								(1.476)				(0.986)								
lcontrol_population_a_3_1982			1.8062210232	1.5865566289								2.666				1.682								
			(1.2651350559)	(0.9861996637)								(1.641)				(0.960)								
lcontrol_population_a_3_1987			0.5831016360	0.5477642067								3.079				0.522								
			(1.2651350559)	(0.9861996637)								(1.828)				(1.365)								
lcontrol_population_a_3_1992			1.0257738805	0.9495972352								3.270				0.928								
			(1.2651350559)	(0.9861996637)								(1.752)				(1.045)								
o.lcontrol_population_a_3_1997			-	-								-				-								
																								
lcontrol_fraction_rural_2_1910			0.3511985322	0.0000000000																				
			(0.1743125114)	(0.1361230785)																				
lcontrol_fraction_rural_2_1920			0.2041710237	0.0000000000																				
			(0.1743125114)	(0.1361230785)																				
lcontrol_fraction_rural_2_1925			0.2080066162	0.0000000000																				
			(0.1743125114)	(0.1361230785)																				
lcontrol_fraction_rural_2_1930			0.2478831870	0.0000000000																				
			(0.1743125114)	(0.1361230785)																				
lcontrol_fraction_rural_2_1940			0.1824004796	-0.1071178969								-0.230				-0.107								
			(0.1743125114)	(0.1361230785)								(0.222)				(0.144)								
lcontrol_fraction_rural_2_1945			0.0270418819	-0.2330282791								-0.157				-0.233								
			(0.1743125114)	(0.1361230785)								(0.163)				(0.126)								
lcontrol_fraction_rural_2_1950			0.2402364734	-0.0305321609								-0.065				-0.025								
			(0.1743125114)	(0.1361230785)								(0.188)				(0.162)								
lcontrol_fraction_rural_2_1954			0.0660529580	-0.1912258061								-0.216				-0.197								
			(0.1743125114)	(0.1361230785)								(0.311)				(0.188)								
lcontrol_fraction_rural_2_1959			-0.1333279579	-0.3698412151								-0.240				-0.375								
			(0.1743125114)	(0.1361230785)								(0.279)				(0.207)								
lcontrol_fraction_rural_2_1964			-0.1770923630	-0.3659118119								-0.467				-0.367*								
			(0.1743125114)	(0.1361230785)								(0.292)				(0.181)								
lcontrol_fraction_rural_2_1969			-0.2316786394	-0.4010131291								-0.208				-0.395*								
			(0.1743125114)	(0.1361230785)								(0.318)				(0.163)								
o.lcontrol_fraction_rural_2_1974			-	-								-				-								
																								
lcontrol_fraction_rural_2_1978			-0.2451829418	-0.3962676573								-0.292				-0.394*								
			(0.1743125114)	(0.1361230785)								(0.327)				(0.178)								
lcontrol_fraction_rural_2_1982			-0.0779534993	-0.2086784593								-0.158				-0.217								
			(0.1743125114)	(0.1361230785)								(0.349)				(0.205)								
lcontrol_fraction_rural_2_1987			-0.0831047498	-0.2185405621								-0.121				-0.218								
			(0.1743125114)	(0.1361230785)								(0.351)				(0.220)								
lcontrol_fraction_rural_2_1992			-0.1840950607	-0.3226754790								-0.458				-0.317								
			(0.1743125114)	(0.1361230785)								(0.390)				(0.218)								
o.lcontrol_fraction_rural_2_1997			-	-								-				-								
																								
lcontrol_fraction_rural_3_1910			-0.3358916832	-0.0000000000																				
			(0.1496404679)	(0.1166088327)																				
lcontrol_fraction_rural_3_1920			-0.1667752669	-0.0000000000																				
			(0.1496404679)	(0.1166088327)																				
lcontrol_fraction_rural_3_1925			-0.0784865520	-0.0000000000																				
			(0.1496404679)	(0.1166088327)																				
lcontrol_fraction_rural_3_1930			-0.0647411953	-0.0000000000																				
			(0.1496404679)	(0.1166088327)																				
lcontrol_fraction_rural_3_1940			-0.0551999238	0.0734327806								0.156				0.073								
			(0.1496404679)	(0.1166088327)								(0.178)				(0.140)								
lcontrol_fraction_rural_3_1945			0.1337848350	0.2436562422								0.041				0.244*								
			(0.1496404679)	(0.1166088327)								(0.118)				(0.115)								
lcontrol_fraction_rural_3_1950			-0.1136722110	0.0360918082								0.081				0.037								
			(0.1496404679)	(0.1166088327)								(0.155)				(0.148)								
lcontrol_fraction_rural_3_1954			-0.0178537416	0.1545002650								0.024				0.154								
			(0.1496404679)	(0.1166088327)								(0.238)				(0.165)								
lcontrol_fraction_rural_3_1959			-0.0339062032	0.1439945093								-0.064				0.143								
			(0.1496404679)	(0.1166088327)								(0.223)				(0.176)								
lcontrol_fraction_rural_3_1964			-0.1055005214	0.0301564305								0.052				0.031								
			(0.1496404679)	(0.1166088327)								(0.201)				(0.145)								
lcontrol_fraction_rural_3_1969			-0.1273195462	-0.0071584288								-0.032				-0.007								
			(0.1496404679)	(0.1166088327)								(0.216)				(0.130)								
o.lcontrol_fraction_rural_3_1974			-	-								-				-								
																								
lcontrol_fraction_rural_3_1978			-0.0982348928	0.0399101469								0.181				0.039								
			(0.1496404679)	(0.1166088327)								(0.226)				(0.153)								
lcontrol_fraction_rural_3_1982			-0.1456158816	-0.0268228313								0.037				-0.028								
			(0.1496404679)	(0.1166088327)								(0.270)				(0.178)								
lcontrol_fraction_rural_3_1987			-0.1882011997	-0.0624272394								0.004				-0.063								
			(0.1496404679)	(0.1166088327)								(0.268)				(0.201)								
lcontrol_fraction_rural_3_1992			-0.2772045808	-0.1786466349								0.008				-0.176								
			(0.1496404679)	(0.1166088327)								(0.296)				(0.182)								
o.lcontrol_fraction_rural_3_1997			-	-								-				-								
																								
lcontrol_farms_a_1_1910			-3.34953e+01	0.0000000000																				
			(3.17501e+01)	(2.52945e+01)																				
lcontrol_farms_a_1_1920			4.85964e+01	0.0000000000																				
			(3.17501e+01)	(2.52945e+01)																				
lcontrol_farms_a_1_1925			1.54471e+01	-0.0000000000																				
			(3.17501e+01)	(2.52945e+01)																				
lcontrol_farms_a_1_1930			-3.22728e+01	-0.0000000000																				
			(3.17501e+01)	(2.52945e+01)																				
lcontrol_farms_a_1_1940			-9.84965e+01	-6.60753e+01								-111.813**				-66.075**								
			(3.17501e+01)	(2.52945e+01)								(32.558)				(22.282)								
lcontrol_farms_a_1_1945			-8.69816e+01	-5.54962e+01								6.628				-55.496*								
			(3.17501e+01)	(2.52945e+01)								(25.486)				(23.409)								
lcontrol_farms_a_1_1950			-6.29415e+01	-3.52340e+01								-50.909				-34.526								
			(3.17501e+01)	(2.52945e+01)								(31.749)				(27.668)								
lcontrol_farms_a_1_1954			-5.72318e+01	-3.84278e+01								-116.403**				-39.135								
			(3.17501e+01)	(2.52945e+01)								(40.873)				(30.720)								
lcontrol_farms_a_1_1959			-6.61962e+01	-4.92217e+01								-36.987				-49.497								
			(3.17501e+01)	(2.52945e+01)								(37.391)				(34.303)								
lcontrol_farms_a_1_1964			-4.08883e+01	-2.75037e+01								-21.330				-28.109								
			(3.17501e+01)	(2.52945e+01)								(40.135)				(35.141)								
lcontrol_farms_a_1_1969			-3.01745e+01	-1.26605e+01								72.032				-11.780								
			(3.17501e+01)	(2.52945e+01)								(45.597)				(33.541)								
o.lcontrol_farms_a_1_1974			-	-								-				-								
																								
lcontrol_farms_a_1_1978			-1.83521e+01	-0.6244534755								71.368				0.172								
			(3.17501e+01)	(2.52945e+01)								(62.032)				(38.620)								
lcontrol_farms_a_1_1982			1.33009e+01	2.78931e+01								114.689				26.778								
			(3.17501e+01)	(2.52945e+01)								(60.837)				(40.058)								
lcontrol_farms_a_1_1987			9.95564e+01	1.08274e+02								90.301				108.751*								
			(3.17501e+01)	(2.52945e+01)								(63.795)				(46.737)								
lcontrol_farms_a_1_1992			5.92576e+01	7.29709e+01								88.405				72.813								
			(3.17501e+01)	(2.52945e+01)								(64.510)				(39.052)								
o.lcontrol_farms_a_1_1997			-	-								-				-								
																								
lcontrol_farms_a_2_1910			-2.02978e+01	0.0000000000																				
			(1.91853e+01)	(1.61108e+01)																				
lcontrol_farms_a_2_1920			-4.97616e+00	-0.0000000000																				
			(1.91853e+01)	(1.61108e+01)																				
lcontrol_farms_a_2_1925			-1.88666e+01	-0.0000000000																				
			(1.91853e+01)	(1.61108e+01)																				
lcontrol_farms_a_2_1930			-1.50205e+01	-0.0000000000																				
			(1.91853e+01)	(1.61108e+01)																				
lcontrol_farms_a_2_1940			-3.50677e+00	2.81748e+01								13.301				28.175								
			(1.91853e+01)	(1.61108e+01)								(21.095)				(14.879)								
lcontrol_farms_a_2_1945			-2.63280e+01	3.4272876653								-11.159				3.427								
			(1.91853e+01)	(1.61108e+01)								(14.418)				(13.015)								
lcontrol_farms_a_2_1950			-4.80495e+01	-8.32830e+00								-21.346				-10.243								
			(1.91853e+01)	(1.61108e+01)								(20.668)				(18.509)								
lcontrol_farms_a_2_1954			-3.26669e+01	1.70627e+01								37.882				18.978								
			(1.91853e+01)	(1.61108e+01)								(27.626)				(16.050)								
lcontrol_farms_a_2_1959			-3.46055e+01	1.70012e+01								0.465				18.652								
			(1.91853e+01)	(1.61108e+01)								(27.007)				(23.115)								
lcontrol_farms_a_2_1964			-2.05853e+01	2.71859e+01								13.512				27.395								
			(1.91853e+01)	(1.61108e+01)								(28.247)				(22.093)								
lcontrol_farms_a_2_1969			-1.90198e+00	3.70898e+01								18.633				35.230								
			(1.91853e+01)	(1.61108e+01)								(28.336)				(19.881)								
o.lcontrol_farms_a_2_1974			-	-								-				-								
																								
lcontrol_farms_a_2_1978			4.3951155670	4.83846e+01								44.747				47.816**								
			(1.91853e+01)	(1.61108e+01)								(36.513)				(18.491)								
lcontrol_farms_a_2_1982			1.18358e+01	5.93776e+01								36.691				62.112**								
			(1.91853e+01)	(1.61108e+01)								(34.243)				(21.042)								
lcontrol_farms_a_2_1987			2.13051e+01	7.27578e+01								55.725				72.695**								
			(1.91853e+01)	(1.61108e+01)								(34.062)				(20.345)								
lcontrol_farms_a_2_1992			1.71146e+01	5.58484e+01								23.706				53.745*								
			(1.91853e+01)	(1.61108e+01)								(40.531)				(22.391)								
o.lcontrol_farms_a_2_1997			-	-								-				-								
																								
lcontrol_farms_a_3_1910			4.43135e+01	-0.0000000000																				
			(2.02939e+01)	(1.60231e+01)																				
lcontrol_farms_a_3_1920			-8.56201e+00	-0.0000000000																				
			(2.02939e+01)	(1.60231e+01)																				
lcontrol_farms_a_3_1925			-1.90528e+01	0.0000000000																				
			(2.02939e+01)	(1.60231e+01)																				
lcontrol_farms_a_3_1930			-8.92265e+00	-0.0000000000																				
			(2.02939e+01)	(1.60231e+01)																				
lcontrol_farms_a_3_1940			-3.38563e+01	-3.50520e+01								-15.751				-35.052*								
			(2.02939e+01)	(1.60231e+01)								(23.590)				(14.512)								
lcontrol_farms_a_3_1945			-4.47007e+00	-2.05406e+00								18.350				-2.054								
			(2.02939e+01)	(1.60231e+01)								(18.865)				(14.106)								
lcontrol_farms_a_3_1950			3.01499e+01	3.52846e+01								17.748				38.119*								
			(2.02939e+01)	(1.60231e+01)								(19.514)				(17.266)								
lcontrol_farms_a_3_1954			1.69407e+01	2.14234e+01								-42.826				18.589								
			(2.02939e+01)	(1.60231e+01)								(26.956)				(16.199)								
lcontrol_farms_a_3_1959			1.30973e+01	1.72812e+01								3.561				15.055								
			(2.02939e+01)	(1.60231e+01)								(25.437)				(19.902)								
lcontrol_farms_a_3_1964			4.0569434643	1.26766e+01								-7.876				12.025								
			(2.02939e+01)	(1.60231e+01)								(26.875)				(19.760)								
lcontrol_farms_a_3_1969			8.8246257188	1.19416e+01								-17.696				14.819								
			(2.02939e+01)	(1.60231e+01)								(30.795)				(19.926)								
o.lcontrol_farms_a_3_1974			-	-								-				-								
																								
lcontrol_farms_a_3_1978			-2.67661e+01	-3.03236e+01								-10.719				-29.102								
			(2.02939e+01)	(1.60231e+01)								(36.180)				(19.271)								
lcontrol_farms_a_3_1982			-1.97038e+01	-2.37107e+01								-2.034				-27.826								
			(2.02939e+01)	(1.60231e+01)								(35.935)				(21.050)								
lcontrol_farms_a_3_1987			-1.30361e+01	-1.42158e+01								-0.247				-13.828								
			(2.02939e+01)	(1.60231e+01)								(38.183)				(22.306)								
lcontrol_farms_a_3_1992			1.6689932029	0.3423425975								24.689				2.848								
			(2.02939e+01)	(1.60231e+01)								(42.263)				(24.680)								
o.lcontrol_farms_a_3_1997			-	-								-				-								
																								
lcontrol_avsize_1_1910			-0.0001233055	-0.0000000000																				
			(0.0000487127)	(0.0000390805)																				
lcontrol_avsize_1_1920			0.0000271047	0.0000000000																				
			(0.0000487127)	(0.0000390805)																				
lcontrol_avsize_1_1925			-0.0000325859	0.0000000000																				
			(0.0000487127)	(0.0000390805)																				
lcontrol_avsize_1_1930			-0.0000200626	-0.0000000000																				
			(0.0000487127)	(0.0000390805)																				
lcontrol_avsize_1_1940			-0.0001433888	-0.0001037241								0.000				-0.000								
			(0.0000487127)	(0.0000390805)								(0.000)				(0.000)								
lcontrol_avsize_1_1945			-0.0001119961	-0.0000848818								0.000				-0.000								
			(0.0000487127)	(0.0000390805)								(0.000)				(0.000)								
lcontrol_avsize_1_1950			-0.0001496150	-0.0001509305								-0.000				-0.000**								
			(0.0000487127)	(0.0000390805)								(0.000)				(0.000)								
lcontrol_avsize_1_1954			-0.0001206127	-0.0001151072								-0.000*				-0.000*								
			(0.0000487127)	(0.0000390805)								(0.000)				(0.000)								
lcontrol_avsize_1_1959			-0.0001727981	-0.0001729264								-0.000				-0.000*								
			(0.0000487127)	(0.0000390805)								(0.000)				(0.000)								
lcontrol_avsize_1_1964			-0.0001121261	-0.0001185960								-0.000				-0.000*								
			(0.0000487127)	(0.0000390805)								(0.000)				(0.000)								
lcontrol_avsize_1_1969			-0.0000645001	-0.0000647784								-0.000				-0.000								
			(0.0000487127)	(0.0000390805)								(0.000)				(0.000)								
o.lcontrol_avsize_1_1974			-	-								-				-								
																								
lcontrol_avsize_1_1978			-0.0000464188	-0.0000693322								0.000				-0.000								
			(0.0000487127)	(0.0000390805)								(0.000)				(0.000)								
lcontrol_avsize_1_1982			0.0000383171	0.0000098713								0.000				0.000								
			(0.0000487127)	(0.0000390805)								(0.000)				(0.000)								
lcontrol_avsize_1_1987			-0.0000434184	-0.0000852919								0.000				-0.000								
			(0.0000487127)	(0.0000390805)								(0.000)				(0.000)								
lcontrol_avsize_1_1992			-0.0000313775	-0.0000630820								0.000				-0.000								
			(0.0000487127)	(0.0000390805)								(0.000)				(0.000)								
o.lcontrol_avsize_1_1997			-	-								-				-								
																								
lcontrol_avsize_2_1910			0.0000819777	0.0000000000																				
			(0.0000143033)	(0.0000114608)																				
lcontrol_avsize_2_1920			-0.0000175190	-0.0000000000																				
			(0.0000143033)	(0.0000114608)																				
lcontrol_avsize_2_1925			0.0000075394	0.0000000000																				
			(0.0000143033)	(0.0000114608)																				
lcontrol_avsize_2_1930			0.0000017595	-0.0000000000																				
			(0.0000143033)	(0.0000114608)																				
lcontrol_avsize_2_1940			0.0000381210	0.0000324051								0.000**				0.000**								
			(0.0000143033)	(0.0000114608)								(0.000)				(0.000)								
lcontrol_avsize_2_1945			0.0000284895	0.0000242139								0.000				0.000*								
			(0.0000143033)	(0.0000114608)								(0.000)				(0.000)								
lcontrol_avsize_2_1950			0.0000037569	-0.0000075901								0.000				-0.000								
			(0.0000143033)	(0.0000114608)								(0.000)				(0.000)								
lcontrol_avsize_2_1954			0.0000078630	-0.0000092266								0.000				-0.000								
			(0.0000143033)	(0.0000114608)								(0.000)				(0.000)								
lcontrol_avsize_2_1959			0.0000110112	-0.0000069926								-0.000				-0.000								
			(0.0000143033)	(0.0000114608)								(0.000)				(0.000)								
lcontrol_avsize_2_1964			0.0000103773	-0.0000048153								0.000				-0.000								
			(0.0000143033)	(0.0000114608)								(0.000)				(0.000)								
lcontrol_avsize_2_1969			0.0000161404	0.0000004527								0.000				0.000								
			(0.0000143033)	(0.0000114608)								(0.000)				(0.000)								
o.lcontrol_avsize_2_1974			-	-								-				-								
																								
lcontrol_avsize_2_1978			0.0000348926	0.0000144813								-0.000				0.000								
			(0.0000143033)	(0.0000114608)								(0.000)				(0.000)								
lcontrol_avsize_2_1982			0.0000271552	0.0000123149								-0.000				0.000								
			(0.0000143033)	(0.0000114608)								(0.000)				(0.000)								
lcontrol_avsize_2_1987			0.0000273656	0.0000161692								-0.000				0.000								
			(0.0000143033)	(0.0000114608)								(0.000)				(0.000)								
lcontrol_avsize_2_1992			0.0000265607	0.0000185812								-0.000				0.000								
			(0.0000143033)	(0.0000114608)								(0.000)				(0.000)								
o.lcontrol_avsize_2_1997			-	-								-				-								
																								
lcontrol_avsize_3_1910			-0.0000915439	-0.0000000000																				
			(0.0000160598)	(0.0000127936)																				
lcontrol_avsize_3_1920			-0.0000247613	-0.0000000000																				
			(0.0000160598)	(0.0000127936)																				
lcontrol_avsize_3_1925			-0.0000047456	-0.0000000000																				
			(0.0000160598)	(0.0000127936)																				
lcontrol_avsize_3_1930			0.0000001348	0.0000000000																				
			(0.0000160598)	(0.0000127936)																				
lcontrol_avsize_3_1940			-0.0000193570	-0.0000126876								-0.000				-0.000								
			(0.0000160598)	(0.0000127936)								(0.000)				(0.000)								
lcontrol_avsize_3_1945			-0.0000154846	-0.0000111032								0.000				-0.000								
			(0.0000160598)	(0.0000127936)								(0.000)				(0.000)								
lcontrol_avsize_3_1950			0.0000189251	0.0000260449								0.000**				0.000								
			(0.0000160598)	(0.0000127936)								(0.000)				(0.000)								
lcontrol_avsize_3_1954			0.0000260855	0.0000410042								0.000**				0.000**								
			(0.0000160598)	(0.0000127936)								(0.000)				(0.000)								
lcontrol_avsize_3_1959			0.0000302957	0.0000466991								0.000**				0.000**								
			(0.0000160598)	(0.0000127936)								(0.000)				(0.000)								
lcontrol_avsize_3_1964			0.0000251218	0.0000348899								0.000*				0.000**								
			(0.0000160598)	(0.0000127936)								(0.000)				(0.000)								
lcontrol_avsize_3_1969			0.0000064266	0.0000177006								0.000				0.000								
			(0.0000160598)	(0.0000127936)								(0.000)				(0.000)								
o.lcontrol_avsize_3_1974			-	-								-				-								
																								
lcontrol_avsize_3_1978			-0.0000333575	-0.0000205520								0.000**				-0.000								
			(0.0000160598)	(0.0000127936)								(0.000)				(0.000)								
lcontrol_avsize_3_1982			-0.0000531223	-0.0000481915								0.000**				-0.000*								
			(0.0000160598)	(0.0000127936)								(0.000)				(0.000)								
lcontrol_avsize_3_1987			-0.0000545212	-0.0000502857								0.000**				-0.000*								
			(0.0000160598)	(0.0000127936)								(0.000)				(0.000)								
lcontrol_avsize_3_1992			-0.0000366033	-0.0000363998								0.000				-0.000								
			(0.0000160598)	(0.0000127936)								(0.000)				(0.000)								
o.lcontrol_avsize_3_1997			-	-								-				-								
																								
lcontrol_corn_a_c_1_1910			-0.2139611282	-0.0000000000																				
			(0.2754954856)	(0.2329235843)																				
lcontrol_corn_a_c_1_1920			1.0612551329	0.0000000000																				
			(0.2754954856)	(0.2329235843)																				
lcontrol_corn_a_c_1_1925			0.4326172515	-0.0000000000																				
			(0.2754954856)	(0.2329235843)																				
lcontrol_corn_a_c_1_1930			0.5638038230	-0.0000000000																				
			(0.2754954856)	(0.2329235843)																				
lcontrol_corn_a_c_1_1940			0.1605810749	-0.0341576106								0.708				-0.034								
			(0.2754954856)	(0.2329235843)								(0.404)				(0.301)								
lcontrol_corn_a_c_1_1945			-0.2024602815	-0.4668743687								-1.137**				-0.467								
			(0.2754954856)	(0.2329235843)								(0.287)				(0.249)								
lcontrol_corn_a_c_1_1950			0.0405674462	0.0183486642								-0.481				0.001								
			(0.2754954856)	(0.2329235843)								(0.329)				(0.242)								
lcontrol_corn_a_c_1_1954			-0.0583427591	-0.1027675800								-0.233				-0.085								
			(0.2754954856)	(0.2329235843)								(0.455)				(0.282)								
lcontrol_corn_a_c_1_1959			-0.1904342388	-0.1343973749								-0.453				-0.116								
			(0.2754954856)	(0.2329235843)								(0.436)				(0.327)								
lcontrol_corn_a_c_1_1964			-0.2051291074	-0.1978501549								-0.122				-0.201								
			(0.2754954856)	(0.2329235843)								(0.485)				(0.325)								
lcontrol_corn_a_c_1_1969			0.2408445980	0.2407705589								-0.272				0.225								
			(0.2754954856)	(0.2329235843)								(0.506)				(0.291)								
o.lcontrol_corn_a_c_1_1974			-	-								-				-								
																								
lcontrol_corn_a_c_1_1978			0.9581713508	1.1910188255								-0.335				1.192**								
			(0.2754954856)	(0.2329235843)								(0.589)				(0.315)								
lcontrol_corn_a_c_1_1982			0.5748401814	0.8721117349								-0.102				0.896*								
			(0.2754954856)	(0.2329235843)								(0.607)				(0.401)								
lcontrol_corn_a_c_1_1987			0.7843971443	0.9388849411								-0.273				0.943*								
			(0.2754954856)	(0.2329235843)								(0.646)				(0.404)								
lcontrol_corn_a_c_1_1992			0.9210827156	1.0530191881								-0.158				1.024**								
			(0.2754954856)	(0.2329235843)								(0.731)				(0.360)								
o.lcontrol_corn_a_c_1_1997			-	-								-				-								
																								
lcontrol_wheat_a_c_1_1910			0.1176312223	0.0000000000																				
			(0.2130725518)	(0.1782996953)																				
lcontrol_wheat_a_c_1_1920			0.3155880895	0.0000000000																				
			(0.2130725518)	(0.1782996953)																				
lcontrol_wheat_a_c_1_1925			0.1204693274	-0.0000000000																				
			(0.2130725518)	(0.1782996953)																				
lcontrol_wheat_a_c_1_1930			0.1893921379	-0.0000000000																				
			(0.2130725518)	(0.1782996953)																				
lcontrol_wheat_a_c_1_1940			0.6610531027	0.7181096287								-0.147				0.718**								
			(0.2130725518)	(0.1782996953)								(0.308)				(0.211)								
lcontrol_wheat_a_c_1_1945			0.6946102857	0.6928023468								-0.054				0.693**								
			(0.2130725518)	(0.1782996953)								(0.209)				(0.190)								
lcontrol_wheat_a_c_1_1950			0.6209233990	0.7799411832								-0.505*				0.800**								
			(0.2130725518)	(0.1782996953)								(0.234)				(0.194)								
lcontrol_wheat_a_c_1_1954			0.4615169386	0.5500366809								-0.063				0.530*								
			(0.2130725518)	(0.1782996953)								(0.320)				(0.243)								
lcontrol_wheat_a_c_1_1959			0.2388639217	0.3756930128								-0.363				0.361								
			(0.2130725518)	(0.1782996953)								(0.312)				(0.253)								
lcontrol_wheat_a_c_1_1964			0.2244897153	0.3030331659								-0.326				0.296								
			(0.2130725518)	(0.1782996953)								(0.314)				(0.241)								
lcontrol_wheat_a_c_1_1969			0.1385202062	0.1799346098								-0.783				0.202								
			(0.2130725518)	(0.1782996953)								(0.405)				(0.218)								
o.lcontrol_wheat_a_c_1_1974			-	-								-				-								
																								
lcontrol_wheat_a_c_1_1978			0.3602585364	0.5181885337								-1.308**				0.530*								
			(0.2130725518)	(0.1782996953)								(0.468)				(0.251)								
lcontrol_wheat_a_c_1_1982			0.5641362531	0.7764605437								-1.100*				0.746**								
			(0.2130725518)	(0.1782996953)								(0.457)				(0.274)								
lcontrol_wheat_a_c_1_1987			0.4899883464	0.6431831902								-1.247*				0.648*								
			(0.2130725518)	(0.1782996953)								(0.495)				(0.279)								
lcontrol_wheat_a_c_1_1992			0.7046057135	0.8647891410								-1.523**				0.879**								
			(0.2130725518)	(0.1782996953)								(0.557)				(0.277)								
o.lcontrol_wheat_a_c_1_1997			-	-								-				-								
																								
lcontrol_hay_a_c_1_1910			1.3422345773	0.0000000000																				
			(0.2929179284)	(0.2339024794)																				
lcontrol_hay_a_c_1_1920			0.1740632371	0.0000000000																				
			(0.2929179284)	(0.2339024794)																				
lcontrol_hay_a_c_1_1925			0.5869333863	-0.0000000000																				
			(0.2929179284)	(0.2339024794)																				
lcontrol_hay_a_c_1_1930			0.5000005336	-0.0000000000																				
			(0.2929179284)	(0.2339024794)																				
lcontrol_hay_a_c_1_1940			0.8700793403	0.3950894208								0.032				0.395								
			(0.2929179284)	(0.2339024794)								(0.462)				(0.313)								
lcontrol_hay_a_c_1_1945			0.2239967285	-0.2482824276								-0.516				-0.248								
			(0.2929179284)	(0.2339024794)								(0.367)				(0.241)								
lcontrol_hay_a_c_1_1950			0.1817253876	-0.3162959324								-0.722*				-0.343								
			(0.2929179284)	(0.2339024794)								(0.297)				(0.255)								
lcontrol_hay_a_c_1_1954			0.3674231016	-0.2883905823								-0.293				-0.262								
			(0.2929179284)	(0.2339024794)								(0.436)				(0.276)								
lcontrol_hay_a_c_1_1959			0.4549698594	-0.1780918224								-0.614				-0.153								
			(0.2929179284)	(0.2339024794)								(0.406)				(0.326)								
lcontrol_hay_a_c_1_1964			0.2152162915	-0.3759907054								-0.794				-0.377								
			(0.2929179284)	(0.2339024794)								(0.435)				(0.292)								
lcontrol_hay_a_c_1_1969			0.3634720235	-0.1613472193								-0.825				-0.186								
			(0.2929179284)	(0.2339024794)								(0.504)				(0.282)								
o.lcontrol_hay_a_c_1_1974			-	-								-				-								
																								
lcontrol_hay_a_c_1_1978			-0.1219036994	-0.5321356943								-1.814**				-0.536								
			(0.2929179284)	(0.2339024794)								(0.534)				(0.327)								
lcontrol_hay_a_c_1_1982			-0.2476150109	-0.5203839927								-2.270**				-0.483								
			(0.2929179284)	(0.2339024794)								(0.574)				(0.366)								
lcontrol_hay_a_c_1_1987			0.0244568499	-0.2532785760								-2.114**				-0.251								
			(0.2929179284)	(0.2339024794)								(0.623)				(0.352)								
lcontrol_hay_a_c_1_1992			-0.4469326965	-0.6386942864								-2.041**				-0.675								
			(0.2929179284)	(0.2339024794)								(0.752)				(0.347)								
o.lcontrol_hay_a_c_1_1997			-	-								-				-								
																								
lcontrol_cotton_a_c_1_1910			0.1147275910	0.0000000000																				
			(0.1953348485)	(0.1580447346)																				
lcontrol_cotton_a_c_1_1920			-0.0134392079	0.0000000000																				
			(0.1953348485)	(0.1580447346)																				
lcontrol_cotton_a_c_1_1925			0.3178834906	0.0000000000																				
			(0.1953348485)	(0.1580447346)																				
lcontrol_cotton_a_c_1_1930			0.1446557142	0.0000000000																				
			(0.1953348485)	(0.1580447346)																				
lcontrol_cotton_a_c_1_1940			0.6434249955	0.6269722832								0.263				0.627**								
			(0.1953348485)	(0.1580447346)								(0.234)				(0.190)								
lcontrol_cotton_a_c_1_1945			0.5004145303	0.4443577412								-0.165				0.444*								
			(0.1953348485)	(0.1580447346)								(0.181)				(0.181)								
lcontrol_cotton_a_c_1_1950			0.6928054077	0.6629663354								0.002				0.670**								
			(0.1953348485)	(0.1580447346)								(0.216)				(0.176)								
lcontrol_cotton_a_c_1_1954			0.6955155654	0.5720188675								0.415				0.565**								
			(0.1953348485)	(0.1580447346)								(0.309)				(0.194)								
lcontrol_cotton_a_c_1_1959			0.6136770551	0.5050377415								0.498				0.499*								
			(0.1953348485)	(0.1580447346)								(0.275)				(0.222)								
lcontrol_cotton_a_c_1_1964			0.5241112137	0.3572839895								0.283				0.357								
			(0.1953348485)	(0.1580447346)								(0.343)				(0.206)								
lcontrol_cotton_a_c_1_1969			0.6031582030	0.4816940855								-0.139				0.489*								
			(0.1953348485)	(0.1580447346)								(0.350)				(0.190)								
o.lcontrol_cotton_a_c_1_1974			-	-								-				-								
																								
lcontrol_cotton_a_c_1_1978			0.7172565852	0.7088823369								-0.445				0.711**								
			(0.1953348485)	(0.1580447346)								(0.376)				(0.229)								
lcontrol_cotton_a_c_1_1982			0.9050714418	0.9428973073								-0.647				0.933**								
			(0.1953348485)	(0.1580447346)								(0.405)				(0.275)								
lcontrol_cotton_a_c_1_1987			1.0835939283	1.1045475756								-0.719				1.105**								
			(0.1953348485)	(0.1580447346)								(0.431)				(0.279)								
lcontrol_cotton_a_c_1_1992			0.8554942583	0.9113279664								-0.959*				0.919**								
			(0.1953348485)	(0.1580447346)								(0.486)				(0.273)								
o.lcontrol_cotton_a_c_1_1997			-	-								-				-								
																								
lcontrol_obr_a_c_1_1910			-0.1424306344	-0.0000000000																				
			(0.3234040117)	(0.2602267520)																				
lcontrol_obr_a_c_1_1920			-0.2595107759	0.0000000000																				
			(0.3234040117)	(0.2602267520)																				
lcontrol_obr_a_c_1_1925			-0.2331602112	0.0000000000																				
			(0.3234040117)	(0.2602267520)																				
lcontrol_obr_a_c_1_1930			-0.4958810520	-0.0000000000																				
			(0.3234040117)	(0.2602267520)																				
lcontrol_obr_a_c_1_1940			-0.1971499463	0.4760565939								-0.125				0.476								
			(0.3234040117)	(0.2602267520)								(0.371)				(0.279)								
lcontrol_obr_a_c_1_1945			-0.4087784112	0.1816567074								0.175				0.182								
			(0.3234040117)	(0.2602267520)								(0.291)				(0.262)								
lcontrol_obr_a_c_1_1950			-0.4775209302	0.1652161747								-0.446				0.155								
			(0.3234040117)	(0.2602267520)								(0.316)				(0.263)								
lcontrol_obr_a_c_1_1954			-0.7928577329	-0.2803368499								-0.605				-0.271								
			(0.3234040117)	(0.2602267520)								(0.425)				(0.337)								
lcontrol_obr_a_c_1_1959			-0.6996217017	-0.2300255298								-0.599				-0.218								
			(0.3234040117)	(0.2602267520)								(0.400)				(0.353)								
lcontrol_obr_a_c_1_1964			-0.7620451594	-0.4035503960								-0.434				-0.408								
			(0.3234040117)	(0.2602267520)								(0.436)				(0.314)								
lcontrol_obr_a_c_1_1969			-0.5376571863	-0.2181053126								0.179				-0.226								
			(0.3234040117)	(0.2602267520)								(0.481)				(0.279)								
o.lcontrol_obr_a_c_1_1974			-	-								-				-								
																								
lcontrol_obr_a_c_1_1978			-0.4868533863	-0.1123844724								-0.334				-0.109								
			(0.3234040117)	(0.2602267520)								(0.602)				(0.317)								
lcontrol_obr_a_c_1_1982			-0.7088900297	-0.2807340930								-0.103				-0.268								
			(0.3234040117)	(0.2602267520)								(0.644)				(0.380)								
lcontrol_obr_a_c_1_1987			-0.2457144619	0.1928885795								0.137				0.198								
			(0.3234040117)	(0.2602267520)								(0.678)				(0.382)								
lcontrol_obr_a_c_1_1992			-0.4712169468	-0.0046932586								0.659				-0.026								
			(0.3234040117)	(0.2602267520)								(0.762)				(0.342)								
o.lcontrol_obr_a_c_1_1997			-	-								-				-								
																								
lcontrol_cows_a_1_1910			4.6174133270	-0.0000000000																				
			(1.1980795344)	(0.9494700218)																				
lcontrol_cows_a_1_1920			2.4349052369	0.0000000000																				
			(1.1980795344)	(0.9494700218)																				
lcontrol_cows_a_1_1925			2.6824143416	-0.0000000000																				
			(1.1980795344)	(0.9494700218)																				
lcontrol_cows_a_1_1930			3.4294707235	-0.0000000000																				
			(1.1980795344)	(0.9494700218)																				
lcontrol_cows_a_1_1940			1.3868145591	-1.81003e+00								-0.578				-1.810								
			(1.1980795344)	(0.9494700218)								(2.319)				(1.313)								
lcontrol_cows_a_1_1945			0.2618409853	-2.85573e+00								0.034				-2.856*								
			(1.1980795344)	(0.9494700218)								(1.734)				(1.279)								
lcontrol_cows_a_1_1950			0.3225032119	-2.42956e+00								-0.310				-2.443								
			(1.1980795344)	(0.9494700218)								(1.656)				(1.386)								
lcontrol_cows_a_1_1954			1.5498375451	-1.55959e+00								-0.533				-1.546								
			(1.1980795344)	(0.9494700218)								(2.015)				(1.330)								
lcontrol_cows_a_1_1959			0.9257236069	-1.85604e+00								0.872				-1.858								
			(1.1980795344)	(0.9494700218)								(1.943)				(1.404)								
lcontrol_cows_a_1_1964			0.5107940867	-1.98374e+00								2.493				-1.961								
			(1.1980795344)	(0.9494700218)								(1.753)				(1.656)								
lcontrol_cows_a_1_1969			0.7607702103	-1.54317e+00								2.346				-1.564								
			(1.1980795344)	(0.9494700218)								(1.657)				(1.634)								
o.lcontrol_cows_a_1_1974			-	-								-				-								
																								
lcontrol_cows_a_1_1978			2.8123305664	1.1071414577								-0.082				1.079								
			(1.1980795344)	(0.9494700218)								(1.935)				(2.149)								
lcontrol_cows_a_1_1982			2.5722013710	1.2716103645								1.225				1.295								
			(1.1980795344)	(0.9494700218)								(2.274)				(2.131)								
lcontrol_cows_a_1_1987			1.8765875344	0.3301020928								-0.344				0.311								
			(1.1980795344)	(0.9494700218)								(2.297)				(1.944)								
lcontrol_cows_a_1_1992			2.2733281785	0.9452742891								1.157				0.969								
			(1.1980795344)	(0.9494700218)								(2.553)				(2.180)								
o.lcontrol_cows_a_1_1997			-	-								-				-								
																								
lcontrol_cows_a_2_1910			-0.9350685268	0.0000000000																				
			(1.1127433634)	(0.8857629065)																				
lcontrol_cows_a_2_1920			-1.22687e+00	0.0000000000																				
			(1.1127433634)	(0.8857629065)																				
lcontrol_cows_a_2_1925			0.2103870569	0.0000000000																				
			(1.1127433634)	(0.8857629065)																				
lcontrol_cows_a_2_1930			-0.4429065630	0.0000000000																				
			(1.1127433634)	(0.8857629065)																				
lcontrol_cows_a_2_1940			-0.1865066029	0.7920345150								0.763				0.792								
			(1.1127433634)	(0.8857629065)								(1.098)				(0.864)								
lcontrol_cows_a_2_1945			-0.1136867924	0.7739286739								1.112				0.774								
			(1.1127433634)	(0.8857629065)								(0.914)				(0.811)								
lcontrol_cows_a_2_1950			0.5613007460	1.2092561844								2.064*				1.288								
			(1.1127433634)	(0.8857629065)								(0.901)				(0.788)								
lcontrol_cows_a_2_1954			-0.2451216764	0.7240450141								3.847**				0.646								
			(1.1127433634)	(0.8857629065)								(1.425)				(0.948)								
lcontrol_cows_a_2_1959			0.4675518290	1.4505255788								3.951**				1.384								
			(1.1127433634)	(0.8857629065)								(1.346)				(1.127)								
lcontrol_cows_a_2_1964			0.7973678100	1.5442208939								3.155*				1.533								
			(1.1127433634)	(0.8857629065)								(1.346)				(1.228)								
lcontrol_cows_a_2_1969			0.8688970630	1.5919303265								3.926*				1.669								
			(1.1127433634)	(0.8857629065)								(1.631)				(1.428)								
o.lcontrol_cows_a_2_1974			-	-								-				-								
																								
lcontrol_cows_a_2_1978			1.1515950504	1.8929742976								6.682**				1.919								
			(1.1127433634)	(0.8857629065)								(2.321)				(1.518)								
lcontrol_cows_a_2_1982			1.3969148401	2.2139277180								7.713**				2.101								
			(1.1127433634)	(0.8857629065)								(2.725)				(1.554)								
lcontrol_cows_a_2_1987			-0.4032121076	0.6081299219								6.971**				0.613								
			(1.1127433634)	(0.8857629065)								(2.537)				(1.627)								
lcontrol_cows_a_2_1992			0.4690078145	1.1535968242								7.034*				1.236								
			(1.1127433634)	(0.8857629065)								(2.762)				(1.597)								
o.lcontrol_cows_a_2_1997			-	-								-				-								
																								
lcontrol_cows_a_3_1910			-0.4824907791	-0.0000000000																				
			(0.9437694070)	(0.7694635578)																				
lcontrol_cows_a_3_1920			2.7926431113	-0.0000000000																				
			(0.9437694070)	(0.7694635578)																				
lcontrol_cows_a_3_1925			1.6704531157	-0.0000000000																				
			(0.9437694070)	(0.7694635578)																				
lcontrol_cows_a_3_1930			1.2681351563	-0.0000000000																				
			(0.9437694070)	(0.7694635578)																				
lcontrol_cows_a_3_1940			0.9899236495	-0.4312973415								-0.582				-0.431								
			(0.9437694070)	(0.7694635578)								(1.125)				(0.742)								
lcontrol_cows_a_3_1945			1.2508651445	0.0712285674								-0.088				0.071								
			(0.9437694070)	(0.7694635578)								(0.836)				(0.711)								
lcontrol_cows_a_3_1950			0.4669616972	-0.1522054562								-0.608				-0.231								
			(0.9437694070)	(0.7694635578)								(0.949)				(0.711)								
lcontrol_cows_a_3_1954			1.4144918834	0.8057135156								1.326				0.885								
			(0.9437694070)	(0.7694635578)								(1.334)				(0.839)								
lcontrol_cows_a_3_1959			1.4478809562	1.1854741773								0.230				1.262								
			(0.9437694070)	(0.7694635578)								(1.176)				(0.947)								
lcontrol_cows_a_3_1964			0.3357822487	0.1570099765								0.612				0.153								
			(0.9437694070)	(0.7694635578)								(1.311)				(0.912)								
lcontrol_cows_a_3_1969			0.6440067746	0.5143666459								-1.164				0.442								
			(0.9437694070)	(0.7694635578)								(1.587)				(0.898)								
o.lcontrol_cows_a_3_1974			-	-								-				-								
																								
lcontrol_cows_a_3_1978			-0.0137606945	0.0701505927								-0.015				0.060								
			(0.9437694070)	(0.7694635578)								(1.730)				(1.096)								
lcontrol_cows_a_3_1982			-1.24269e+00	-1.51549e+00								-0.360				-1.405								
			(0.9437694070)	(0.7694635578)								(1.871)				(1.211)								
lcontrol_cows_a_3_1987			-1.74558e+00	-2.32548e+00								0.099				-2.318								
			(0.9437694070)	(0.7694635578)								(1.792)				(1.248)								
lcontrol_cows_a_3_1992			-0.4720188558	-1.10145e+00								-0.619				-1.210								
			(0.9437694070)	(0.7694635578)								(2.084)				(1.232)								
o.lcontrol_cows_a_3_1997			-	-								-				-								
																								
lcontrol_pigs_a_1_1910			1.7900897778	0.0000000000																				
			(0.8861581985)	(0.6912932447)																				
lcontrol_pigs_a_1_1920			0.4217488197	0.0000000000																				
			(0.8861581985)	(0.6912932447)																				
lcontrol_pigs_a_1_1925			1.2157820211	0.0000000000																				
			(0.8861581985)	(0.6912932447)																				
lcontrol_pigs_a_1_1930			-0.0211394545	-0.0000000000																				
			(0.8861581985)	(0.6912932447)																				
lcontrol_pigs_a_1_1940			-1.30163e+00	-1.21056e+00								-0.414				-1.211*								
			(0.8861581985)	(0.6912932447)								(0.743)				(0.540)								
lcontrol_pigs_a_1_1945			-0.4525086359	-0.3280846333								-0.480				-0.328								
			(0.8861581985)	(0.6912932447)								(0.520)				(0.493)								
lcontrol_pigs_a_1_1950			0.0844394151	-0.1127068977								0.093				-0.167								
			(0.8861581985)	(0.6912932447)								(0.518)				(0.547)								
lcontrol_pigs_a_1_1954			-0.2979013959	-0.6988628594								0.083				-0.645								
			(0.8861581985)	(0.6912932447)								(0.623)				(0.562)								
lcontrol_pigs_a_1_1959			-0.8292123661	-1.21603e+00								-0.245				-1.180*								
			(0.8861581985)	(0.6912932447)								(0.619)				(0.584)								
lcontrol_pigs_a_1_1964			-0.0903655524	-0.4924326301								-0.735				-0.471								
			(0.8861581985)	(0.6912932447)								(0.591)				(0.611)								
lcontrol_pigs_a_1_1969			-0.2509919382	-0.5233539059								0.003				-0.581								
			(0.8861581985)	(0.6912932447)								(0.698)				(0.598)								
o.lcontrol_pigs_a_1_1974			-	-								-				-								
																								
lcontrol_pigs_a_1_1978			-0.4555388397	-0.7261376148								-0.563				-0.759								
			(0.8861581985)	(0.6912932447)								(0.831)				(0.725)								
lcontrol_pigs_a_1_1982			-0.8771214762	-0.9945924547								-0.729				-0.915								
			(0.8861581985)	(0.6912932447)								(0.879)				(0.762)								
lcontrol_pigs_a_1_1987			-0.9285853960	-1.01826e+00								-0.456				-1.033								
			(0.8861581985)	(0.6912932447)								(0.976)				(0.713)								
lcontrol_pigs_a_1_1992			-0.6738309214	-0.6987389410								-0.415				-0.730								
			(0.8861581985)	(0.6912932447)								(1.117)				(0.732)								
o.lcontrol_pigs_a_1_1997			-	-								-				-								
																								
lcontrol_pigs_a_2_1910			-0.1869693725	-0.0000000000																				
			(1.1202721220)	(0.8795600088)																				
lcontrol_pigs_a_2_1920			2.5532491918	0.0000000000																				
			(1.1202721220)	(0.8795600088)																				
lcontrol_pigs_a_2_1925			0.2159763913	0.0000000000																				
			(1.1202721220)	(0.8795600088)																				
lcontrol_pigs_a_2_1930			1.5051804840	-0.0000000000																				
			(1.1202721220)	(0.8795600088)																				
lcontrol_pigs_a_2_1940			2.8700335558	1.0756939177								-0.007				1.076								
			(1.1202721220)	(0.8795600088)								(1.006)				(0.670)								
lcontrol_pigs_a_2_1945			2.9814752407	1.3857693305								2.687**				1.386*								
			(1.1202721220)	(0.8795600088)								(0.646)				(0.612)								
lcontrol_pigs_a_2_1950			2.5797991134	1.5046705422								0.114				1.640*								
			(1.1202721220)	(0.8795600088)								(0.654)				(0.653)								
lcontrol_pigs_a_2_1954			2.4831307668	1.6964131652								-0.170				1.561*								
			(1.1202721220)	(0.8795600088)								(0.821)				(0.734)								
lcontrol_pigs_a_2_1959			1.8714039979	1.2967105541								-0.048				1.174								
			(1.1202721220)	(0.8795600088)								(0.808)				(0.790)								
lcontrol_pigs_a_2_1964			1.1464623246	0.9064306045								0.845				0.902								
			(1.1202721220)	(0.8795600088)								(0.817)				(0.806)								
lcontrol_pigs_a_2_1969			0.9392000683	0.6160969501								1.396				0.744								
			(1.1202721220)	(0.8795600088)								(0.970)				(0.779)								
o.lcontrol_pigs_a_2_1974			-	-								-				-								
																								
lcontrol_pigs_a_2_1978			0.4289794500	0.2350419124								1.036				0.264								
			(1.1202721220)	(0.8795600088)								(1.162)				(0.928)								
lcontrol_pigs_a_2_1982			0.0444095064	-0.3038389201								-0.546				-0.495								
			(1.1202721220)	(0.8795600088)								(1.236)				(1.003)								
lcontrol_pigs_a_2_1987			1.0010242242	0.4134699139								-0.369				0.409								
			(1.1202721220)	(0.8795600088)								(1.357)				(0.974)								
lcontrol_pigs_a_2_1992			1.5619274576	0.8641374262								-0.177				1.031								
			(1.1202721220)	(0.8795600088)								(1.525)				(0.976)								
o.lcontrol_pigs_a_2_1997			-	-								-				-								
																								
lcontrol_pigs_a_3_1910			2.8366378802	0.0000000000																				
			(0.5705522479)	(0.4579561313)																				
lcontrol_pigs_a_3_1920			-0.9556989407	0.0000000000																				
			(0.5705522479)	(0.4579561313)																				
lcontrol_pigs_a_3_1925			0.3137191734	0.0000000000																				
			(0.5705522479)	(0.4579561313)																				
lcontrol_pigs_a_3_1930			0.0189994832	-0.0000000000																				
			(0.5705522479)	(0.4579561313)																				
lcontrol_pigs_a_3_1940			0.6064669230	0.8043452701								1.368*				0.804*								
			(0.5705522479)	(0.4579561313)								(0.576)				(0.363)								
lcontrol_pigs_a_3_1945			-0.5057420139	-0.3279774741								-0.440				-0.328								
			(0.5705522479)	(0.4579561313)								(0.357)				(0.331)								
lcontrol_pigs_a_3_1950			-0.5439413270	-0.4886180056								0.184				-0.444								
			(0.5705522479)	(0.4579561313)								(0.447)				(0.350)								
lcontrol_pigs_a_3_1954			-0.2220783960	-0.3474039993								0.633				-0.392								
			(0.5705522479)	(0.4579561313)								(0.525)				(0.405)								
lcontrol_pigs_a_3_1959			-0.2038842401	-0.3150832872								0.832				-0.344								
			(0.5705522479)	(0.4579561313)								(0.532)				(0.456)								
lcontrol_pigs_a_3_1964			0.4126558940	0.2713999823								0.184				0.252								
			(0.5705522479)	(0.4579561313)								(0.508)				(0.449)								
lcontrol_pigs_a_3_1969			0.7495239915	0.5156740747								-0.405				0.564								
			(0.5705522479)	(0.4579561313)								(0.566)				(0.430)								
o.lcontrol_pigs_a_3_1974			-	-								-				-								
																								
lcontrol_pigs_a_3_1978			0.5416437588	0.2556803173								-1.842**				0.285								
			(0.5705522479)	(0.4579561313)								(0.653)				(0.490)								
lcontrol_pigs_a_3_1982			0.7458628397	0.7250844516								-1.431*				0.659								
			(0.5705522479)	(0.4579561313)								(0.703)				(0.533)								
lcontrol_pigs_a_3_1987			1.3850332815	1.5323493667								-1.532*				1.547**								
			(0.5705522479)	(0.4579561313)								(0.767)				(0.526)								
lcontrol_pigs_a_3_1992			0.9381975873	1.0922751637								-1.524				1.115*								
			(0.5705522479)	(0.4579561313)								(0.847)				(0.493)								
o.lcontrol_pigs_a_3_1997			-	-								-				-								
																								
lcontrol_chickens_a_1_1910			-0.2451522083	-0.0000000000																				
			(0.2969850322)	(0.2315536279)																				
lcontrol_chickens_a_1_1920			-0.2136003399	-0.0000000000																				
			(0.2969850322)	(0.2315536279)																				
lcontrol_chickens_a_1_1925			0.0337400100	0.0000000000																				
			(0.2969850322)	(0.2315536279)																				
lcontrol_chickens_a_1_1930			-0.0112049101	0.0000000000																				
			(0.2969850322)	(0.2315536279)																				
lcontrol_chickens_a_1_1940			0.2242892551	0.1955739866								0.315				0.196								
			(0.2969850322)	(0.2315536279)								(0.237)				(0.163)								
lcontrol_chickens_a_1_1945			0.2410767007	0.2222908967								-0.117				0.222								
			(0.2969850322)	(0.2315536279)								(0.204)				(0.164)								
lcontrol_chickens_a_1_1950			-0.0957069716	-0.1171600373								-0.305				-0.100								
			(0.2969850322)	(0.2315536279)								(0.222)				(0.189)								
lcontrol_chickens_a_1_1954			-0.0424430202	-0.0335837450								-0.110				-0.051								
			(0.2969850322)	(0.2315536279)								(0.267)				(0.225)								
lcontrol_chickens_a_1_1959			0.0886907877	0.0877174991								-0.270				0.071								
			(0.2969850322)	(0.2315536279)								(0.243)				(0.257)								
lcontrol_chickens_a_1_1964			0.0897756166	0.0810952749								-0.657*				0.082								
			(0.2969850322)	(0.2315536279)								(0.295)				(0.259)								
lcontrol_chickens_a_1_1969			0.0034529541	0.0192784601								-1.411**				0.036								
			(0.2969850322)	(0.2315536279)								(0.350)				(0.264)								
o.lcontrol_chickens_a_1_1974			-	-								-				-								
																								
lcontrol_chickens_a_1_1978			-0.2661678838	-0.2025751445								-1.258**				-0.200								
			(0.2969850322)	(0.2315536279)								(0.420)				(0.265)								
lcontrol_chickens_a_1_1982			-0.4060303587	-0.3516041497								-1.642**				-0.376								
			(0.2969850322)	(0.2315536279)								(0.464)				(0.290)								
lcontrol_chickens_a_1_1987			-0.9773582407	-0.8888254985								-1.782**				-0.890**								
			(0.2969850322)	(0.2315536279)								(0.504)				(0.312)								
lcontrol_chickens_a_1_1992			-0.7216715231	-0.6637891347								-2.063**				-0.640*								
			(0.2969850322)	(0.2315536279)								(0.539)				(0.301)								
o.lcontrol_chickens_a_1_1997			-	-								-				-								
																								
lcontrol_chickens_a_2_1910			1.1871556812	0.0000000000																				
			(0.3129933766)	(0.2463455026)																				
lcontrol_chickens_a_2_1920			1.0559515212	-0.0000000000																				
			(0.3129933766)	(0.2463455026)																				
lcontrol_chickens_a_2_1925			0.6578633974	0.0000000000																				
			(0.3129933766)	(0.2463455026)																				
lcontrol_chickens_a_2_1930			0.5774391072	0.0000000000																				
			(0.3129933766)	(0.2463455026)																				
lcontrol_chickens_a_2_1940			0.2638951193	-0.2598587276								-0.200				-0.260								
			(0.3129933766)	(0.2463455026)								(0.277)				(0.181)								
lcontrol_chickens_a_2_1945			0.2362733719	-0.2295704725								-0.212				-0.230								
			(0.3129933766)	(0.2463455026)								(0.193)				(0.168)								
lcontrol_chickens_a_2_1950			0.0951038715	-0.3725782135								0.094				-0.381*								
			(0.3129933766)	(0.2463455026)								(0.197)				(0.194)								
lcontrol_chickens_a_2_1954			0.1554702155	-0.3102407804								0.307				-0.302								
			(0.3129933766)	(0.2463455026)								(0.305)				(0.232)								
lcontrol_chickens_a_2_1959			0.1913939314	-0.1816445802								-0.066				-0.178								
			(0.3129933766)	(0.2463455026)								(0.262)				(0.274)								
lcontrol_chickens_a_2_1964			-0.0439158222	-0.3191639547								0.077				-0.313								
			(0.3129933766)	(0.2463455026)								(0.293)				(0.289)								
lcontrol_chickens_a_2_1969			-0.1178547979	-0.3899310531								0.381				-0.400								
			(0.3129933766)	(0.2463455026)								(0.393)				(0.348)								
o.lcontrol_chickens_a_2_1974			-	-								-				-								
																								
lcontrol_chickens_a_2_1978			0.0539777095	-0.2076959257								0.532				-0.216								
			(0.3129933766)	(0.2463455026)								(0.490)				(0.302)								
lcontrol_chickens_a_2_1982			-0.1050511404	-0.2952490144								0.658				-0.282								
			(0.3129933766)	(0.2463455026)								(0.567)				(0.310)								
lcontrol_chickens_a_2_1987			-0.3930632593	-0.6523816815								0.475				-0.657*								
			(0.3129933766)	(0.2463455026)								(0.570)				(0.309)								
lcontrol_chickens_a_2_1992			-0.4456446078	-0.7142658662								0.416				-0.714*								
			(0.3129933766)	(0.2463455026)								(0.569)				(0.331)								
o.lcontrol_chickens_a_2_1997			-	-								-				-								
																								
ycl_value_landbuildings_f				0.4411428463																				
				(0.0628793600)																				
ycl_value_landbuildings_f_1910				-0.4411428463																				
				(0.0889248436)																				
ycl_value_landbuildings_f_1920				-0.4411428463																				
				(0.0889248436)																				
ycl_value_landbuildings_f_1925				-0.4411428463																				
				(0.0889248436)																				
ycl_value_landbuildings_f_1930				0.5588571537																				
				(0.0889248436)																				
ycl_value_landbuildings_f_1940				0.2560284628								0.140				-0.303**								
				(0.0889248436)								(0.118)				(0.086)								
ycl_value_landbuildings_f_1945				0.3256400591								0.412**				-0.233**								
				(0.0889248436)								(0.104)				(0.070)								
ycl_value_landbuildings_f_1950				0.1103108543								0.094				-0.447**								
				(0.0889248436)								(0.124)				(0.086)								
ycl_value_landbuildings_f_1954				0.0236937940								-0.051				-0.536**								
				(0.0889248436)								(0.129)				(0.092)								
ycl_value_landbuildings_f_1959				-0.0938258776								-0.020				-0.653**								
				(0.0889248436)								(0.135)				(0.106)								
ycl_value_landbuildings_f_1964				-0.0771802967								0.049				-0.637**								
				(0.0889248436)								(0.137)				(0.103)								
ycl_value_landbuildings_f_1969				-0.0221284501								0.111				-0.579**								
				(0.0889248436)								(0.152)				(0.092)								
o.ycl_value_landbuildings_f_1974				-								-				-								
																								
ycl_value_landbuildings_f_1978				-0.0829831512								0.062				-0.640**								
				(0.0889248436)								(0.165)				(0.099)								
ycl_value_landbuildings_f_1982				-0.0932345742								0.109				-0.654**								
				(0.0889248436)								(0.178)				(0.122)								
ycl_value_landbuildings_f_1987				-0.0045776048								-0.171				-0.562**								
				(0.0889248436)								(0.180)				(0.123)								
o.ycl_value_landbuildings_f_1992				-																				
																								
o.ycl_value_landbuildings_f_1997				-								-				-								
																								
ycl_value_revenue_f				0.1743308364																				
				(0.0436248684)																				
ycl_value_revenue_f_1910				-0.1743308364																				
				(0.0616948805)																				
ycl_value_revenue_f_1920				-0.1743308364																				
				(0.0616948805)																				
ycl_value_revenue_f_1925				-0.1743308364																				
				(0.0616948805)																				
ycl_value_revenue_f_1930				-0.1743308364																				
				(0.0616948805)																				
ycl_value_revenue_f_1940				0.0846973915								-0.558**				0.259**								
				(0.0616948805)								(0.084)				(0.061)								
ycl_value_revenue_f_1945				0.0143037232								-0.689**				0.189**								
				(0.0616948805)								(0.068)				(0.054)								
ycl_value_revenue_f_1950				0.0655074385								-0.551**				0.238**								
				(0.0616948805)								(0.072)				(0.045)								
ycl_value_revenue_f_1954				0.0399601462								-0.499**				0.216**								
				(0.0616948805)								(0.090)				(0.059)								
ycl_value_revenue_f_1959				0.0626084320								-0.460**				0.239**								
				(0.0616948805)								(0.089)				(0.064)								
ycl_value_revenue_f_1964				-0.0157757137								-0.527**				0.158*								
				(0.0616948805)								(0.087)				(0.063)								
ycl_value_revenue_f_1969				-0.0543077531								-0.559**				0.118								
				(0.0616948805)								(0.097)				(0.061)								
o.ycl_value_revenue_f_1974				-								-				-								
																								
ycl_value_revenue_f_1978				-0.0167185769								-0.460**				0.158*								
				(0.0616948805)								(0.116)				(0.065)								
ycl_value_revenue_f_1982				0.0346017159								-0.445**				0.212**								
				(0.0616948805)								(0.126)				(0.079)								
ycl_value_revenue_f_1987				0.0114696433								-0.383**				0.186*								
				(0.0616948805)								(0.127)				(0.084)								
o.ycl_value_revenue_f_1992				-																				
																								
o.ycl_value_revenue_f_1997				-								-				-								
																								
ycl_value_landbuildings_f_1_1910				0.0000000000																				
				(0.0736175231)																				
ycl_value_landbuildings_f_2_1910				-0.0000000000																				
				(0.0516774882)																				
ycl_value_landbuildings_f_3_1910				1.0000000000																				
				(0.0403220415)																				
ycl_value_landbuildings_f_1_1920				0.0000000000																				
				(0.0736175231)																				
ycl_value_landbuildings_f_2_1920				1.0000000000																				
				(0.0516774882)																				
ycl_value_landbuildings_f_3_1920				-0.0000000000																				
				(0.0403220415)																				
ycl_value_landbuildings_f_1_1925				1.0000000000																				
				(0.0736175231)																				
ycl_value_landbuildings_f_2_1925				0.0000000000																				
				(0.0516774882)																				
ycl_value_landbuildings_f_3_1925				-0.0000000000																				
				(0.0403220415)																				
ycl_value_landbuildings_f_1_1930				0.0000000000																				
				(0.0736175231)																				
ycl_value_landbuildings_f_2_1930				0.0000000000																				
				(0.0516774882)																				
ycl_value_landbuildings_f_3_1930				-0.0000000000																				
				(0.0403220415)																				
ycl_value_landbuildings_f_1_1940				-0.0612711121								-0.052				-0.061								
				(0.0736175231)								(0.133)				(0.095)								
ycl_value_landbuildings_f_2_1940				0.0827227184								0.213				0.083								
				(0.0516774882)								(0.109)				(0.070)								
ycl_value_landbuildings_f_3_1940				0.0583829232								0.054				0.058								
				(0.0403220415)								(0.088)				(0.062)								
ycl_value_landbuildings_f_1_1945				-0.1201765435								-0.113				-0.120								
				(0.0736175231)								(0.095)				(0.077)								
ycl_value_landbuildings_f_2_1945				0.0552230100								-0.098				0.055								
				(0.0516774882)								(0.071)				(0.058)								
ycl_value_landbuildings_f_3_1945				0.0504736773								0.076				0.050								
				(0.0403220415)								(0.061)				(0.051)								
ycl_value_landbuildings_f_1_1950				-0.0126315882								0.101				-0.010								
				(0.0736175231)								(0.113)				(0.082)								
ycl_value_landbuildings_f_2_1950				0.0348732013								0.081				0.026								
				(0.0516774882)								(0.080)				(0.061)								
ycl_value_landbuildings_f_3_1950				0.1666397845								0.180*				0.173**								
				(0.0403220415)								(0.078)				(0.059)								
ycl_value_landbuildings_f_1_1954				-0.0060564250								-0.006				-0.008								
				(0.0736175231)								(0.150)				(0.096)								
ycl_value_landbuildings_f_2_1954				0.0351955435								0.007				0.044								
				(0.0516774882)								(0.113)				(0.072)								
ycl_value_landbuildings_f_3_1954				0.2233598451								0.479**				0.217**								
				(0.0403220415)								(0.104)				(0.068)								
ycl_value_landbuildings_f_1_1959				-0.0826984138								0.014				-0.085								
				(0.0736175231)								(0.139)				(0.111)								
ycl_value_landbuildings_f_2_1959				0.0404299071								0.029				0.048								
				(0.0516774882)								(0.107)				(0.083)								
ycl_value_landbuildings_f_3_1959				0.2601447882								0.371**				0.255**								
				(0.0403220415)								(0.097)				(0.075)								
ycl_value_landbuildings_f_1_1964				0.0163498403								-0.045				0.016								
				(0.0736175231)								(0.157)				(0.105)								
ycl_value_landbuildings_f_2_1964				-0.0485441900								-0.099				-0.048								
				(0.0516774882)								(0.112)				(0.079)								
ycl_value_landbuildings_f_3_1964				0.1923847315								0.556**				0.191*								
				(0.0403220415)								(0.099)				(0.075)								
ycl_value_landbuildings_f_1_1969				-0.0810370190								-0.040				-0.079								
				(0.0736175231)								(0.191)				(0.099)								
ycl_value_landbuildings_f_2_1969				-0.0503012735								-0.105				-0.059								
				(0.0516774882)								(0.132)				(0.073)								
ycl_value_landbuildings_f_3_1969				0.1929638723								0.384**				0.200**								
				(0.0403220415)								(0.102)				(0.058)								
o.ycl_value_landbuildings_f_1_1974				-								-				-								
																								
o.ycl_value_landbuildings_f_2_1974				-								-				-								
																								
o.ycl_value_landbuildings_f_3_1974				-								-				-								
																								
ycl_value_landbuildings_f_1_1978				-0.1249799722								0.023				-0.124								
				(0.0736175231)								(0.190)				(0.114)								
ycl_value_landbuildings_f_2_1978				-0.0512256342								-0.176				-0.053								
				(0.0516774882)								(0.147)				(0.075)								
ycl_value_landbuildings_f_3_1978				0.2417082134								0.446**				0.244**								
				(0.0403220415)								(0.116)				(0.070)								
ycl_value_landbuildings_f_1_1982				-0.0579955613								0.026				-0.061								
				(0.0736175231)								(0.205)				(0.132)								
ycl_value_landbuildings_f_2_1982				-0.0575164859								-0.169				-0.045								
				(0.0516774882)								(0.158)				(0.082)								
ycl_value_landbuildings_f_3_1982				0.1345799583								0.489**				0.125								
				(0.0403220415)								(0.121)				(0.074)								
ycl_value_landbuildings_f_1_1987				-0.0923473670								0.317				-0.092								
				(0.0736175231)								(0.212)				(0.132)								
ycl_value_landbuildings_f_2_1987				0.0273042934								-0.208				0.028								
				(0.0516774882)								(0.150)				(0.091)								
ycl_value_landbuildings_f_3_1987				0.1017961957								0.458**				0.102								
				(0.0403220415)								(0.119)				(0.083)								
ycl_value_landbuildings_f_1_1992				-0.0215920826								0.337				-0.019								
				(0.0736175231)								(0.244)				(0.127)								
ycl_value_landbuildings_f_2_1992				0.0046959956								-0.233				-0.006								
				(0.0516774882)								(0.168)				(0.088)								
ycl_value_landbuildings_f_3_1992				0.0580190305								0.491**				0.065								
				(0.0403220415)								(0.125)				(0.077)								
o.ycl_value_landbuildings_f_1_1997				-								-				-								
																								
o.ycl_value_landbuildings_f_2_1997				-								-				-								
																								
o.ycl_value_landbuildings_f_3_1997				-								-				-								
																								
ycl_value_revenue_f_1_1910				-0.0000000000																				
				(0.0404075783)																				
ycl_value_revenue_f_2_1910				-0.0000000000																				
				(0.0342366087)																				
ycl_value_revenue_f_3_1910				0.0000000000																				
				(0.0278002274)																				
ycl_value_revenue_f_1_1920				-0.0000000000																				
				(0.0404075783)																				
ycl_value_revenue_f_2_1920				0.0000000000																				
				(0.0342366087)																				
ycl_value_revenue_f_3_1920				0.0000000000																				
				(0.0278002274)																				
ycl_value_revenue_f_1_1925				0.0000000000																				
				(0.0404075783)																				
ycl_value_revenue_f_2_1925				0.0000000000																				
				(0.0342366087)																				
ycl_value_revenue_f_3_1925				0.0000000000																				
				(0.0278002274)																				
ycl_value_revenue_f_1_1930				0.0000000000																				
				(0.0404075783)																				
ycl_value_revenue_f_2_1930				-0.0000000000																				
				(0.0342366087)																				
ycl_value_revenue_f_3_1930				0.0000000000																				
				(0.0278002274)																				
ycl_value_revenue_f_1_1940				0.0262365525								0.198**				0.026								
				(0.0404075783)								(0.072)				(0.055)								
ycl_value_revenue_f_2_1940				-0.0744389183								-0.008				-0.074								
				(0.0342366087)								(0.056)				(0.040)								
ycl_value_revenue_f_3_1940				0.0335034466								0.030				0.034								
				(0.0278002274)								(0.045)				(0.032)								
ycl_value_revenue_f_1_1945				0.0480723652								0.322**				0.048								
				(0.0404075783)								(0.059)				(0.047)								
ycl_value_revenue_f_2_1945				-0.0769147321								0.054				-0.077*								
				(0.0342366087)								(0.040)				(0.034)								
ycl_value_revenue_f_3_1945				0.0088182098								-0.053				0.009								
				(0.0278002274)								(0.035)				(0.033)								
ycl_value_revenue_f_1_1950				0.0097771629								0.257**				0.014								
				(0.0404075783)								(0.073)				(0.043)								
ycl_value_revenue_f_2_1950				-0.1214907589								-0.083				-0.120**								
				(0.0342366087)								(0.048)				(0.037)								
ycl_value_revenue_f_3_1950				-0.0591283765								-0.101*				-0.063								
				(0.0278002274)								(0.047)				(0.032)								
ycl_value_revenue_f_1_1954				0.0974558360								0.354**				0.094								
				(0.0404075783)								(0.095)				(0.055)								
ycl_value_revenue_f_2_1954				-0.1812759226								-0.164*				-0.182**								
				(0.0342366087)								(0.073)				(0.044)								
ycl_value_revenue_f_3_1954				-0.0601613738								-0.116*				-0.056								
				(0.0278002274)								(0.051)				(0.038)								
ycl_value_revenue_f_1_1959				0.1295480556								0.228*				0.126*								
				(0.0404075783)								(0.089)				(0.059)								
ycl_value_revenue_f_2_1959				-0.2011560217								-0.117				-0.202**								
				(0.0342366087)								(0.068)				(0.051)								
ycl_value_revenue_f_3_1959				-0.0832091401								-0.126*				-0.081*								
				(0.0278002274)								(0.050)				(0.040)								
ycl_value_revenue_f_1_1964				0.1300020920								0.399**				0.130*								
				(0.0404075783)								(0.097)				(0.056)								
ycl_value_revenue_f_2_1964				-0.1909089688								-0.087				-0.191**								
				(0.0342366087)								(0.068)				(0.049)								
ycl_value_revenue_f_3_1964				-0.0827164284								-0.195**				-0.081								
				(0.0278002274)								(0.056)				(0.042)								
ycl_value_revenue_f_1_1969				0.0943840499								0.290**				0.098								
				(0.0404075783)								(0.105)				(0.054)								
ycl_value_revenue_f_2_1969				-0.1537467394								-0.024				-0.153**								
				(0.0342366087)								(0.070)				(0.046)								
ycl_value_revenue_f_3_1969				-0.0579382383								-0.129*				-0.062								
				(0.0278002274)								(0.056)				(0.039)								
o.ycl_value_revenue_f_1_1974				-								-				-								
																								
o.ycl_value_revenue_f_2_1974				-								-				-								
																								
o.ycl_value_revenue_f_3_1974				-								-				-								
																								
ycl_value_revenue_f_1_1978				-0.0085299284								0.256*				-0.007								
				(0.0404075783)								(0.118)				(0.064)								
ycl_value_revenue_f_2_1978				-0.1850657857								-0.081				-0.185**								
				(0.0342366087)								(0.081)				(0.048)								
ycl_value_revenue_f_3_1978				-0.0539178770								-0.129				-0.057								
				(0.0278002274)								(0.068)				(0.042)								
ycl_value_revenue_f_1_1982				-0.0511137761								0.173				-0.057								
				(0.0404075783)								(0.124)				(0.076)								
ycl_value_revenue_f_2_1982				-0.2049967534								-0.077				-0.206**								
				(0.0342366087)								(0.085)				(0.058)								
ycl_value_revenue_f_3_1982				-0.0146282339								-0.157*				-0.009								
				(0.0278002274)								(0.072)				(0.048)								
ycl_value_revenue_f_1_1987				-0.0452404420								0.256*				-0.045								
				(0.0404075783)								(0.121)				(0.072)								
ycl_value_revenue_f_2_1987				-0.2292512708								-0.065				-0.229**								
				(0.0342366087)								(0.085)				(0.055)								
ycl_value_revenue_f_3_1987				-0.0165142769								-0.213**				-0.018								
				(0.0278002274)								(0.073)				(0.052)								
ycl_value_revenue_f_1_1992				-0.0951549317								0.302*				-0.091								
				(0.0404075783)								(0.141)				(0.070)								
ycl_value_revenue_f_2_1992				-0.1564336848								0.008				-0.155**								
				(0.0342366087)								(0.101)				(0.053)								
ycl_value_revenue_f_3_1992				-0.0018108505								-0.206*				-0.003								
				(0.0278002274)								(0.081)				(0.045)								
o.ycl_value_revenue_f_1_1997				-								-				-								
																								
o.ycl_value_revenue_f_2_1997				-								-				-								
																								
o.ycl_value_revenue_f_3_1997				-								-				-								
																								
ycl_value_landbuildings_f_1992												-0.327				-0.560**								
												(0.194)				(0.124)								
ycl_value_revenue_f_1992												-0.397**				0.171*								
												(0.134)				(0.076)								
pdv													0.866**	0.764**	1.007*									
													(0.171)	(0.203)	(0.436)									
m1_1_1950_1954																-0.144**								
																(0.032)								
m1_1_1959_1969																-0.183**								
																(0.036)								
m1_1_1978_1992																-0.110**								
																(0.041)								
m1_2_1950_1954																-0.289**								
																(0.041)								
m1_2_1959_1969																-0.340**								
																(0.044)								
m1_2_1978_1992																-0.286**								
																(0.049)								
medium																	-1.438e+09**							
																	(2.589e+08)							
high																	-9.618e+08**							
																	(1.212e+08)							
total																	-2.400e+09**							
																	(3.429e+08)							
hm_1940																		-0.134**						
																		(0.032)						
hm_1945																		-0.143**						
																		(0.032)						
hm_1950_1954																		-0.145**						
																		(0.033)						
hm_1959_1969																		-0.157**						
																		(0.035)						
hm_1978_1992																		-0.176**						
																		(0.041)						
Constant	4.2595291950	3.6026374883	3.6316973137	2.0441077896	1.791e+08	1.973e+08	54912196.000	36.097	43.939	58.396	1.834e+10	1.099**				2.787**			1.791e+08	1.973e+08	54912196.000	36.097	43.939	58.396
	(0.0106412444)	(0.0262874183)	(0.0298801308)	(0.0372505946)	(0.000)	(0.000)	(0.000)	(0.000)	(0.000)	(0.000)	(0.000)	(0.231)				(0.175)			(0.000)	(0.000)	(0.000)	(0.000)	(0.000)	(0.000)
																								
Observations	11,685	11,685	11,685	11,685	13,241	13,241	13,241	13,241	13,241	13,241	13,241	8,569	8,569	8,569	8,569	8,569	8,569	8,569	13,241	13,241	13,241	13,241	13,241	13,241
R-squared	0.8661173678	0.9691561209	0.9738194529	0.9845245376								0.921				0.972								
n_fe_less_1	179	179		179								131				131								
n_clust																779								
Standard errors in parentheses																								
