-------------------------------------------------------------------------------
      name:  t6
       log:  C:/Users/Usuario/Documents/GitHub/twfe_survey/replications/2015-20
> 19/Antecol et al. (2018)/full/table6.log
  log type:  text
 opened on:   6 May 2026, 00:03:58

. 
. clear

. use aer_primarysample

. 
. foreach depvar in top_pubs3 top_pubs5 top_pubs7 top_pubs9 PUBS3 PUBS5 PUBS7 P
> UBS9 {
  2.     di _n "--- `depvar' ---"
  3.     xi: reg `depvar' `plist' `ulist' i.pol_job_start*i.female i.female*i.p
> ol_u, cluster(pol_u)
  4.     lincom focs
  5.     lincom focs+f_focs
  6.     lincom gncs
  7.     lincom gncs+f_gncs
  8.     lincom -f_focs
  9.     lincom -f_gncs
 10. }

--- top_pubs3 ---
i.pol_job_start   _Ipol_job_s_1-26    (naturally coded; _Ipol_job_s_1 omitted)
i.female          _Ifemale_0-1        (naturally coded; _Ifemale_0 omitted)
i.pol~t*i.fem~e   _IpolXfem_#_#       (coded as above)
i.pol_u           _Ipol_u_1-49        (naturally coded; _Ipol_u_1 omitted)
i.fem~e*i.pol_u   _IfemXpol_#_#       (coded as above)
note: faculty_miss omitted because of collinearity.
note: female_ratio_miss omitted because of collinearity.
note: full_ratio_miss omitted because of collinearity.
note: _Ifemale_1 omitted because of collinearity.

Linear regression                               Number of obs     =      1,392
                                                F(47, 48)         =          .
                                                Prob > F          =          .
                                                R-squared         =     0.1758
                                                Root MSE          =     .58127

                                 (Std. err. adjusted for 49 clusters in pol_u)
------------------------------------------------------------------------------
             |               Robust
   top_pubs3 | Coefficient  std. err.      t    P>|t|     [95% conf. interval]
-------------+----------------------------------------------------------------
        focs |   .0890573   .0710543     1.25   0.216    -.0538069    .2319216
      f_focs |  -.2749207    .165696    -1.66   0.104    -.6080748    .0582335
        gncs |   .0027119   .0921291     0.03   0.977     -.182526    .1879499
      f_gncs |  -.2675064   .1655439    -1.62   0.113    -.6003548    .0653419
       focs0 |  -.0770214   .0943773    -0.82   0.418    -.2667796    .1127369
     f_focs0 |   .2722237   .2068461     1.32   0.194    -.1436683    .6881157
       gncs0 |   .0332421   .0732354     0.45   0.652    -.1140075    .1804917
     f_gncs0 |   .1366245   .1849715     0.74   0.464    -.2352856    .5085346
    phd_rank |  -.0237865   .0169968    -1.40   0.168    -.0579609    .0103878
phd_rank_m~s |   .0738243   .3715237     0.20   0.843    -.6731741    .8208227
    post_doc |  -.0080287   .0822225    -0.10   0.923     -.173348    .1572907
 ug_students |  -.0012393   .0062472    -0.20   0.844    -.0138002    .0113216
grad_stude~s |  -.0308187   .0166295    -1.85   0.070    -.0642545    .0026172
     faculty |  -.0015469   .0072348    -0.21   0.832    -.0160935    .0129997
full_av_sa~y |  -.0032781   .0043086    -0.76   0.450    -.0119411    .0053848
assist_av_~y |   .0113512   .0073761     1.54   0.130    -.0034794    .0261818
     revenue |  -.0016817    .005824    -0.29   0.774    -.0133916    .0100282
female_ratio |   .8111475   .8600611     0.94   0.350    -.9181213    2.540416
  full_ratio |   .3158434    .288854     1.09   0.280    -.2649364    .8966232
faculty_miss |          0  (omitted)
revenue_miss |  -.2814384   .0779312    -3.61   0.001    -.4381296   -.1247471
female_rat~s |          0  (omitted)
full_ratio~s |          0  (omitted)
_Ipol_job~_2 |  -.5756816   .1852265    -3.11   0.003    -.9481044   -.2032587
_Ipol_job~_3 |   -.387305   .1726354    -2.24   0.030    -.7344118   -.0401982
_Ipol_job~_4 |  -.5583109   .1832341    -3.05   0.004    -.9267277   -.1898941
_Ipol_job~_5 |  -.1872299   .1369454    -1.37   0.178     -.462577    .0881172
_Ipol_job~_6 |  -.5511564    .177437    -3.11   0.003    -.9079174   -.1943954
_Ipol_job~_7 |  -.5323561    .282453    -1.88   0.066    -1.100266    .0355538
_Ipol_job~_8 |  -.1155117   .1392531    -0.83   0.411    -.3954989    .1644755
_Ipol_job~_9 |    -.01545    .155685    -0.10   0.921    -.3284758    .2975757
_Ipol_job~10 |  -.3788715   .2639222    -1.44   0.158    -.9095228    .1517797
_Ipol_job~11 |  -.3145759   .1943131    -1.62   0.112    -.7052687    .0761168
_Ipol_job~12 |  -.1036871   .1757571    -0.59   0.558    -.4570704    .2496963
_Ipol_job~13 |   .0071363   .1719337     0.04   0.967    -.3385596    .3528323
_Ipol_job~14 |   -.362029   .1433322    -2.53   0.015    -.6502177   -.0738402
_Ipol_job~15 |  -.1842474   .1378773    -1.34   0.188    -.4614682    .0929734
_Ipol_job~16 |  -.5370146   .1901791    -2.82   0.007    -.9193954   -.1546339
_Ipol_job~17 |   -.569065   .2593134    -2.19   0.033     -1.09045   -.0476804
_Ipol_job~18 |  -.4203714   .1353382    -3.11   0.003    -.6924872   -.1482556
_Ipol_job~19 |  -.0683295   .1710484    -0.40   0.691    -.4122454    .2755864
_Ipol_job~20 |  -.5058503   .2727992    -1.85   0.070     -1.05435    .0426492
_Ipol_job~21 |  -.2061276   .1969573    -1.05   0.301    -.6021368    .1898815
_Ipol_job~22 |  -.3265964   .1314204    -2.49   0.016    -.5908348    -.062358
_Ipol_job~23 |  -.3520118   .1513865    -2.33   0.024    -.6563947    -.047629
_Ipol_job~24 |  -.5159621   .2518895    -2.05   0.046     -1.02242   -.0095043
_Ipol_job~25 |  -.4377558   .2012331    -2.18   0.035    -.8423621   -.0331496
_Ipol_job~26 |  -.5041989   .3148722    -1.60   0.116    -1.137292    .1288942
  _Ifemale_1 |  -.5088318   .1923751    -2.64   0.011    -.8956279   -.1220357
_IpolXf~_2_1 |   .5691079   .2729385     2.09   0.042     .0203282    1.117888
_IpolXf~_3_1 |   .4204362   .1792107     2.35   0.023     .0601088    .7807635
_IpolXf~_4_1 |   .5724557    .219763     2.60   0.012     .1305925    1.014319
_IpolXf~_5_1 |   .1371499    .172763     0.79   0.431    -.2102133    .4845131
_IpolXf~_6_1 |   .5604868   .2493979     2.25   0.029     .0590386    1.061935
_IpolXf~_7_1 |   .5775606   .1983284     2.91   0.005     .1787947    .9763265
_IpolXf~_8_1 |   .3660967   .2269509     1.61   0.113    -.0902187    .8224122
_IpolXf~_9_1 |   .3051644    .214874     1.42   0.162    -.1268689    .7371976
_IpolXf~10_1 |   .3407109   .1848802     1.84   0.072    -.0310157    .7124374
_IpolXf~11_1 |    .391466   .2843207     1.38   0.175    -.1801991    .9631311
_IpolXf~12_1 |   .0540391   .2297566     0.24   0.815    -.4079175    .5159957
_IpolXf~13_1 |   .2175006   .3329455     0.65   0.517    -.4519311    .8869323
_IpolXf~14_1 |   .5649467   .3147046     1.80   0.079    -.0678094    1.197703
_IpolXf~15_1 |   .2904039   .1992076     1.46   0.151    -.1101299    .6909377
_IpolXf~16_1 |   1.176072   .5659052     2.08   0.043     .0382435    2.313901
_IpolXf~17_1 |   .5068148   .2394284     2.12   0.039     .0254117    .9882179
_IpolXf~18_1 |   .4880236   .2103779     2.32   0.025     .0650305    .9110166
_IpolXf~19_1 |   .2306061   .2351957     0.98   0.332    -.2422866    .7034988
_IpolXf~20_1 |   .6514396   .2730662     2.39   0.021     .1024032    1.200476
_IpolXf~21_1 |   .4326715   .3381601     1.28   0.207    -.2472449    1.112588
_IpolXf~22_1 |   .2083695   .1957622     1.06   0.292    -.1852369    .6019758
_IpolXf~23_1 |   .1855941   .1817647     1.02   0.312    -.1798684    .5510566
_IpolXf~24_1 |   .5459425   .2266139     2.41   0.020     .0903047     1.00158
_IpolXf~25_1 |    .588576   .2704989     2.18   0.035     .0447016     1.13245
_IpolXf~26_1 |   .4874537   .2317153     2.10   0.041      .021559    .9533485
  _Ifemale_1 |          0  (omitted)
   _Ipol_u_2 |  -.1706134   .1231176    -1.39   0.172     -.418158    .0769312
   _Ipol_u_3 |   -.056316   .1597414    -0.35   0.726    -.3774977    .2648657
   _Ipol_u_4 |  -.2913153   .1682605    -1.73   0.090    -.6296257     .046995
   _Ipol_u_5 |   -.325207   .1493565    -2.18   0.034    -.6255083   -.0249057
   _Ipol_u_6 |  -.1244833   .1561038    -0.80   0.429    -.4383512    .1893845
   _Ipol_u_7 |  -.3468108   .1042587    -3.33   0.002    -.5564369   -.1371846
   _Ipol_u_8 |   .0196396   .1686115     0.12   0.908    -.3193764    .3586557
   _Ipol_u_9 |   -.130114   .2432265    -0.53   0.595    -.6191536    .3589256
  _Ipol_u_10 |  -.2058782    .223523    -0.92   0.362    -.6553014    .2435449
  _Ipol_u_11 |  -.3665534   .1280097    -2.86   0.006    -.6239342   -.1091726
  _Ipol_u_12 |   .1251453   .1843948     0.68   0.501    -.2456052    .4958958
  _Ipol_u_13 |  -.0184553   .0920845    -0.20   0.842    -.2036035     .166693
  _Ipol_u_14 |  -.3131279   .1054403    -2.97   0.005    -.5251298   -.1011259
  _Ipol_u_15 |  -.5114059   .1005686    -5.09   0.000    -.7136125   -.3091992
  _Ipol_u_16 |  -.0163657   .2161991    -0.08   0.940    -.4510632    .4183318
  _Ipol_u_17 |   .0155267   .0880622     0.18   0.861    -.1615342    .1925876
  _Ipol_u_18 |   -.217292   .1840944    -1.18   0.244    -.5874385    .1528546
  _Ipol_u_19 |  -.0892898   .2060368    -0.43   0.667    -.5035545    .3249748
  _Ipol_u_20 |   -.016249   .1740747    -0.09   0.926    -.3662496    .3337517
  _Ipol_u_21 |  -.1620413   .0784648    -2.07   0.044    -.3198054   -.0042772
  _Ipol_u_22 |  -.0954647   .2324831    -0.41   0.683    -.5629033    .3719739
  _Ipol_u_23 |   .1038718   .1643144     0.63   0.530    -.2265044     .434248
  _Ipol_u_24 |   .1268474   .2810162     0.45   0.654    -.4381737    .6918684
  _Ipol_u_25 |  -.3129989   .1042111    -3.00   0.004    -.5225293   -.1034686
  _Ipol_u_26 |   -.297894   .1630668    -1.83   0.074    -.6257618    .0299738
  _Ipol_u_27 |  -.0460804   .0868627    -0.53   0.598    -.2207295    .1285687
  _Ipol_u_28 |  -.1998573   .0828902    -2.41   0.020    -.3665191   -.0331955
  _Ipol_u_29 |   .1218109   .0702167     1.73   0.089    -.0193692    .2629911
  _Ipol_u_30 |  -.0030474   .1763683    -0.02   0.986    -.3576597    .3515649
  _Ipol_u_31 |   .0046897   .1107592     0.04   0.966    -.2180066    .2273859
  _Ipol_u_32 |  -.1581876   .0917191    -1.72   0.091    -.3426011    .0262259
  _Ipol_u_33 |  -.0252847   .0843416    -0.30   0.766    -.1948648    .1442955
  _Ipol_u_34 |   .6168705   .1097081     5.62   0.000     .3962877    .8374534
  _Ipol_u_35 |   .1042899   .1144996     0.91   0.367     -.125927    .3345069
  _Ipol_u_36 |  -.0215563    .127768    -0.17   0.867    -.2784512    .2353386
  _Ipol_u_37 |    .002568   .0905703     0.03   0.977    -.1795358    .1846718
  _Ipol_u_38 |  -.1527395   .0980829    -1.56   0.126    -.3499484    .0444693
  _Ipol_u_39 |  -.0807046   .2051583    -0.39   0.696     -.493203    .3317938
  _Ipol_u_40 |  -.3429943    .135685    -2.53   0.015    -.6158072   -.0701813
  _Ipol_u_41 |  -.3079641   .1071006    -2.88   0.006    -.5233044   -.0926239
  _Ipol_u_42 |  -.0624487   .0939551    -0.66   0.509    -.2513581    .1264606
  _Ipol_u_43 |  -.1475105   .1949758    -0.76   0.453    -.5395357    .2445146
  _Ipol_u_44 |   .1705757   .1293166     1.32   0.193    -.0894329    .4305842
  _Ipol_u_45 |   .3019509   .0707119     4.27   0.000      .159775    .4441267
  _Ipol_u_46 |  -.3037637   .1100582    -2.76   0.008    -.5250505   -.0824768
  _Ipol_u_47 |  -.4195926   .0951416    -4.41   0.000    -.6108877   -.2282975
  _Ipol_u_48 |  -.3811686   .1009849    -3.77   0.000    -.5842123   -.1781249
  _Ipol_u_49 |  -.1453627   .0885997    -1.64   0.107    -.3235044     .032779
_IfemXpol~_2 |   .1171598   .1195538     0.98   0.332    -.1232193    .3575389
_IfemXpol~_3 |   .2236387   .1094267     2.04   0.046     .0036215    .4436558
_IfemXpol~_4 |   .1659045   .1023889     1.62   0.112    -.0399622    .3717713
_IfemXpol~_5 |   .2688401   .1278799     2.10   0.041     .0117205    .5259598
_IfemXpol~_6 |  -.0063234   .1437364    -0.04   0.965    -.2953248    .2826779
_IfemXpol~_7 |   .0795884   .1533492     0.52   0.606    -.2287408    .3879177
_IfemXpol~_8 |   -.243151   .1087932    -2.23   0.030    -.4618945   -.0244075
_IfemXpol~_9 |   -.208921    .197321    -1.06   0.295    -.6056614    .1878194
_IfemXpol~10 |   .1478365   .1095598     1.35   0.184    -.0724481    .3681212
_IfemXpol~11 |   .2026866   .1386426     1.46   0.150     -.076073    .4814462
_IfemXpol~12 |  -.0753815   .1133423    -0.67   0.509    -.3032715    .1525085
_IfemXpol~13 |   .4627169   .1147699     4.03   0.000     .2319566    .6934771
_IfemXpol~14 |   .3734891    .135002     2.77   0.008     .1020494    .6449288
_IfemXpol~15 |   .2308661   .1636215     1.41   0.165     -.098117    .5598491
_IfemXpol~16 |  -.0455018   .1527818    -0.30   0.767    -.3526903    .2616867
_IfemXpol~17 |  -.3766892   .1364031    -2.76   0.008    -.6509459   -.1024325
_IfemXpol~18 |   .0760334   .1135644     0.67   0.506    -.1523031    .3043698
_IfemXpol~19 |    .371543   .1413731     2.63   0.011     .0872934    .6557926
_IfemXpol~20 |   .0002476   .2399198     0.00   0.999    -.4821434    .4826385
_IfemXpol~21 |   .1593635   .1044187     1.53   0.134    -.0505844    .3693115
_IfemXpol~22 |   .0891668    .117276     0.76   0.451    -.1466325     .324966
_IfemXpol~23 |   .0529412   .1272079     0.42   0.679    -.2028275    .3087098
_IfemXpol~24 |    .035702   .1295943     0.28   0.784    -.2248647    .2962687
_IfemXpol~25 |   .0780636   .1044715     0.75   0.459    -.1319904    .2881175
_IfemXpol~26 |   .2292288   .1184073     1.94   0.059     -.008845    .4673026
_IfemXpol~27 |   .4096856   .1174259     3.49   0.001     .1735849    .6457862
_IfemXpol~28 |  -.1469967   .0817791    -1.80   0.079    -.3114247    .0174312
_IfemXpol~29 |   .0304694   .1591081     0.19   0.849     -.289439    .3503777
_IfemXpol~30 |   .0002258   .1422178     0.00   0.999    -.2857223    .2861738
_IfemXpol~31 |   .1342436   .0912585     1.47   0.148     -.049244    .3177313
_IfemXpol~32 |  -.1681842   .1505571    -1.12   0.270    -.4708994    .1345311
_IfemXpol~33 |   .1274846   .0935116     1.36   0.179    -.0605331    .3155023
_IfemXpol~34 |  -.3067071   .0896642    -3.42   0.001     -.486989   -.1264252
_IfemXpol~35 |   .1225792   .1405123     0.87   0.387    -.1599396     .405098
_IfemXpol~36 |   .1314805   .1429816     0.92   0.362    -.1560032    .4189642
_IfemXpol~37 |   -.079752   .1173031    -0.68   0.500    -.3156058    .1561018
_IfemXpol~38 |   .0794723   .1429177     0.56   0.581     -.207883    .3668276
_IfemXpol~39 |  -.0841191   .1391129    -0.60   0.548    -.3638243    .1955862
_IfemXpol~40 |   .1611075   .1338862     1.20   0.235    -.1080887    .4303037
_IfemXpol~41 |   .0255637   .1150144     0.22   0.825    -.2056882    .2568156
_IfemXpol~42 |  -.1121872   .1059419    -1.06   0.295    -.3251977    .1008233
_IfemXpol~43 |   .0509995   .1242889     0.41   0.683    -.1989002    .3008992
_IfemXpol~44 |   .5375815   .1550023     3.47   0.001     .2259285    .8492345
_IfemXpol~45 |   .0553882   .1145936     0.48   0.631    -.1750177    .2857942
_IfemXpol~46 |   .0538201   .1298861     0.41   0.680    -.2073334    .3149737
_IfemXpol~47 |   -.032738   .1254272    -0.26   0.795    -.2849263    .2194503
_IfemXpol~48 |   .1141965   .1325146     0.86   0.393    -.1522421     .380635
_IfemXpol~49 |  -.1777847    .292463    -0.61   0.546    -.7658209    .4102516
       _cons |   .4186657   .3469831     1.21   0.234    -.2789906    1.116322
------------------------------------------------------------------------------

 ( 1)  focs = 0

------------------------------------------------------------------------------
   top_pubs3 | Coefficient  Std. err.      t    P>|t|     [95% conf. interval]
-------------+----------------------------------------------------------------
         (1) |   .0890573   .0710543     1.25   0.216    -.0538069    .2319216
------------------------------------------------------------------------------

 ( 1)  focs + f_focs = 0

------------------------------------------------------------------------------
   top_pubs3 | Coefficient  Std. err.      t    P>|t|     [95% conf. interval]
-------------+----------------------------------------------------------------
         (1) |  -.1858633   .1823065    -1.02   0.313     -.552415    .1806884
------------------------------------------------------------------------------

 ( 1)  gncs = 0

------------------------------------------------------------------------------
   top_pubs3 | Coefficient  Std. err.      t    P>|t|     [95% conf. interval]
-------------+----------------------------------------------------------------
         (1) |   .0027119   .0921291     0.03   0.977     -.182526    .1879499
------------------------------------------------------------------------------

 ( 1)  gncs + f_gncs = 0

------------------------------------------------------------------------------
   top_pubs3 | Coefficient  Std. err.      t    P>|t|     [95% conf. interval]
-------------+----------------------------------------------------------------
         (1) |  -.2647945   .1482095    -1.79   0.080    -.5627897    .0332007
------------------------------------------------------------------------------

 ( 1)  - f_focs = 0

------------------------------------------------------------------------------
   top_pubs3 | Coefficient  Std. err.      t    P>|t|     [95% conf. interval]
-------------+----------------------------------------------------------------
         (1) |   .2749207    .165696     1.66   0.104    -.0582335    .6080748
------------------------------------------------------------------------------

 ( 1)  - f_gncs = 0

------------------------------------------------------------------------------
   top_pubs3 | Coefficient  Std. err.      t    P>|t|     [95% conf. interval]
-------------+----------------------------------------------------------------
         (1) |   .2675064   .1655439     1.62   0.113    -.0653419    .6003548
------------------------------------------------------------------------------

--- top_pubs5 ---
i.pol_job_start   _Ipol_job_s_1-26    (naturally coded; _Ipol_job_s_1 omitted)
i.female          _Ifemale_0-1        (naturally coded; _Ifemale_0 omitted)
i.pol~t*i.fem~e   _IpolXfem_#_#       (coded as above)
i.pol_u           _Ipol_u_1-49        (naturally coded; _Ipol_u_1 omitted)
i.fem~e*i.pol_u   _IfemXpol_#_#       (coded as above)
note: faculty_miss omitted because of collinearity.
note: female_ratio_miss omitted because of collinearity.
note: full_ratio_miss omitted because of collinearity.
note: _Ifemale_1 omitted because of collinearity.

Linear regression                               Number of obs     =      1,392
                                                F(47, 48)         =          .
                                                Prob > F          =          .
                                                R-squared         =     0.2855
                                                Root MSE          =     1.0251

                                 (Std. err. adjusted for 49 clusters in pol_u)
------------------------------------------------------------------------------
             |               Robust
   top_pubs5 | Coefficient  std. err.      t    P>|t|     [95% conf. interval]
-------------+----------------------------------------------------------------
        focs |   .2782612   .1594193     1.75   0.087    -.0422728    .5987951
      f_focs |  -.5756263    .357983    -1.61   0.114    -1.295399    .1441467
        gncs |   .3550087   .1842097     1.93   0.060    -.0153698    .7253871
      f_gncs |  -.4242688   .2596848    -1.63   0.109       -.9464    .0978625
       focs0 |  -.3637904   .1609305    -2.26   0.028    -.6873628   -.0402179
     f_focs0 |    .884184   .4903533     1.80   0.078    -.1017374    1.870105
       gncs0 |  -.1457475    .162392    -0.90   0.374    -.4722585    .1807634
     f_gncs0 |    .264561    .358057     0.74   0.464     -.455361    .9844829
    phd_rank |  -.0623566   .0246793    -2.53   0.015    -.1119777   -.0127355
phd_rank_m~s |   .3929166   .2344838     1.68   0.100    -.0785446    .8643778
    post_doc |  -.1732217    .151374    -1.14   0.258    -.4775795    .1311361
 ug_students |   .0058827   .0202328     0.29   0.772    -.0347981    .0465634
grad_stude~s |   .0414356   .0332006     1.25   0.218    -.0253187    .1081898
     faculty |  -.0058585   .0131464    -0.45   0.658    -.0322912    .0205742
full_av_sa~y |  -.0114453    .011875    -0.96   0.340    -.0353217    .0124311
assist_av_~y |   .0216727   .0200523     1.08   0.285    -.0186452    .0619906
     revenue |   .0045342   .0062495     0.73   0.472    -.0080313    .0170996
female_ratio |   1.916584   1.787598     1.07   0.289    -1.677622     5.51079
  full_ratio |   .3214972   .4439115     0.72   0.472    -.5710467    1.214041
faculty_miss |          0  (omitted)
revenue_miss |  -.8716868   .1764454    -4.94   0.000    -1.226454   -.5169195
female_rat~s |          0  (omitted)
full_ratio~s |          0  (omitted)
_Ipol_job~_2 |  -1.239725     .46536    -2.66   0.010    -2.175394   -.3040558
_Ipol_job~_3 |  -1.172207    .388289    -3.02   0.004    -1.952914   -.3914998
_Ipol_job~_4 |  -1.368872   .4499888    -3.04   0.004    -2.273635   -.4641088
_Ipol_job~_5 |  -.4143271   .3018497    -1.37   0.176    -1.021237    .1925824
_Ipol_job~_6 |  -1.160916   .3869116    -3.00   0.004    -1.938853   -.3829777
_Ipol_job~_7 |  -1.235456   .6084302    -2.03   0.048    -2.458786   -.0121248
_Ipol_job~_8 |  -.2943455   .2907066    -1.01   0.316    -.8788503    .2901593
_Ipol_job~_9 |  -.1700702   .2237673    -0.76   0.451    -.6199845    .2798441
_Ipol_job~10 |  -1.110984    .577913    -1.92   0.061    -2.272956    .0509881
_Ipol_job~11 |   -.738615   .3942603    -1.87   0.067    -1.531329    .0540985
_Ipol_job~12 |  -.7160888   .2507652    -2.86   0.006    -1.220286   -.2118915
_Ipol_job~13 |  -.1074948   .2536601    -0.42   0.674    -.6175125    .4025229
_Ipol_job~14 |  -.7266168   .3165232    -2.30   0.026    -1.363029   -.0902043
_Ipol_job~15 |  -.3498448   .3038555    -1.15   0.255    -.9607873    .2610977
_Ipol_job~16 |   -1.16116   .4862574    -2.39   0.021    -2.138846   -.1834742
_Ipol_job~17 |  -1.458009    .528996    -2.76   0.008    -2.521627   -.3943916
_Ipol_job~18 |  -.9421241   .2856792    -3.30   0.002    -1.516521   -.3677276
_Ipol_job~19 |  -.2800234   .2150021    -1.30   0.199    -.7123142    .1522673
_Ipol_job~20 |  -1.049139   .5645578    -1.86   0.069    -2.184259    .0859807
_Ipol_job~21 |  -.9658569   .3902855    -2.47   0.017    -1.750579   -.1811352
_Ipol_job~22 |  -.7563295   .2925639    -2.59   0.013    -1.344569   -.1680903
_Ipol_job~23 |  -.6543585    .304599    -2.15   0.037    -1.266796   -.0419211
_Ipol_job~24 |  -1.177752   .5599305    -2.10   0.041    -2.303568   -.0519362
_Ipol_job~25 |  -1.002313   .4782441    -2.10   0.041    -1.963887   -.0407387
_Ipol_job~26 |   -1.53993   .7039459    -2.19   0.034    -2.955308   -.1245516
  _Ifemale_1 |  -1.803018   .4784987    -3.77   0.000    -2.765104   -.8409316
_IpolXf~_2_1 |   1.967173   .8398381     2.34   0.023     .2785654    3.655781
_IpolXf~_3_1 |   1.590964   .5169617     3.08   0.003     .5515433    2.630386
_IpolXf~_4_1 |   1.601462    .557397     2.87   0.006     .4807405    2.722184
_IpolXf~_5_1 |   .7654784     .42966     1.78   0.081     -.098411    1.629368
_IpolXf~_6_1 |    1.15625   .5526057     2.09   0.042     .0451616    2.267338
_IpolXf~_7_1 |   1.803004   .4931586     3.66   0.001     .8114425    2.794566
_IpolXf~_8_1 |   1.146108   .4793054     2.39   0.021        .1824    2.109816
_IpolXf~_9_1 |   .8940357    .359691     2.49   0.016     .1708285    1.617243
_IpolXf~10_1 |   1.476105   .4607856     3.20   0.002     .5496334    2.402577
_IpolXf~11_1 |     .85992   .4990482     1.72   0.091    -.1434838    1.863324
_IpolXf~12_1 |   1.221984   .5163928     2.37   0.022     .1837072    2.260262
_IpolXf~13_1 |   1.015776   .5987925     1.70   0.096    -.1881766    2.219729
_IpolXf~14_1 |   1.679776    .732074     2.29   0.026     .2078429     3.15171
_IpolXf~15_1 |   1.093479   .5142602     2.13   0.039     .0594894    2.127468
_IpolXf~16_1 |   2.184892   .7123054     3.07   0.004     .7527061    3.617078
_IpolXf~17_1 |   1.729523   .5737604     3.01   0.004     .5759006    2.883146
_IpolXf~18_1 |   1.357331   .5240334     2.59   0.013     .3036917    2.410971
_IpolXf~19_1 |   .7143517   .4274981     1.67   0.101    -.1451909    1.573894
_IpolXf~20_1 |    1.30356   .4980027     2.62   0.012     .3022583    2.304861
_IpolXf~21_1 |   1.509813   .6555269     2.30   0.026      .191788    2.827838
_IpolXf~22_1 |   .8260261   .5993803     1.38   0.175    -.3791088    2.031161
_IpolXf~23_1 |    .759801   .4796666     1.58   0.120    -.2046334    1.724235
_IpolXf~24_1 |   1.585909   .5266067     3.01   0.004     .5270957    2.644723
_IpolXf~25_1 |   1.806878   .5837981     3.10   0.003     .6330733    2.980683
_IpolXf~26_1 |   1.742145   .5632789     3.09   0.003     .6095964    2.874693
  _Ifemale_1 |          0  (omitted)
   _Ipol_u_2 |  -1.022206   .3457278    -2.96   0.005    -1.717338   -.3270736
   _Ipol_u_3 |  -.8128385   .4338276    -1.87   0.067    -1.685107    .0594305
   _Ipol_u_4 |  -1.435979   .4666225    -3.08   0.003    -2.374187   -.4977718
   _Ipol_u_5 |  -1.669675     .45672    -3.66   0.001    -2.587972    -.751378
   _Ipol_u_6 |  -1.318654   .4519226    -2.92   0.005    -2.227305   -.4100024
   _Ipol_u_7 |  -1.051299   .2607771    -4.03   0.000    -1.575627   -.5269719
   _Ipol_u_8 |  -1.243251   .4837791    -2.57   0.013    -2.215954    -.270548
   _Ipol_u_9 |  -1.609402     .75132    -2.14   0.037    -3.120032   -.0987724
  _Ipol_u_10 |  -1.621348   .6617713    -2.45   0.018    -2.951928   -.2907675
  _Ipol_u_11 |  -1.216641   .2512894    -4.84   0.000    -1.721892   -.7113894
  _Ipol_u_12 |  -1.041486   .4290162    -2.43   0.019    -1.904081   -.1788912
  _Ipol_u_13 |  -.6371495   .1711254    -3.72   0.001    -.9812201   -.2930789
  _Ipol_u_14 |  -1.303279   .2849123    -4.57   0.000    -1.876134   -.7304243
  _Ipol_u_15 |  -1.155715   .2289917    -5.05   0.000    -1.616133   -.6952961
  _Ipol_u_16 |  -.9758637   .6266039    -1.56   0.126    -2.235735    .2840079
  _Ipol_u_17 |  -.0982579   .1639886    -0.60   0.552     -.427979    .2314631
  _Ipol_u_18 |  -1.388574   .5597011    -2.48   0.017    -2.513928   -.2632192
  _Ipol_u_19 |  -1.320685   .5859601    -2.25   0.029    -2.498837   -.1425332
  _Ipol_u_20 |  -1.332197   .5291243    -2.52   0.015    -2.396073   -.2683214
  _Ipol_u_21 |  -.7758747   .1846813    -4.20   0.000    -1.147201   -.4045481
  _Ipol_u_22 |  -1.439568   .6793679    -2.12   0.039    -2.805529    -.073607
  _Ipol_u_23 |  -1.095049   .4795227    -2.28   0.027    -2.059195   -.1309044
  _Ipol_u_24 |  -.9163835   .8481447    -1.08   0.285    -2.621693    .7889257
  _Ipol_u_25 |  -1.418011   .2461503    -5.76   0.000    -1.912929   -.9230926
  _Ipol_u_26 |  -1.600975   .5018603    -3.19   0.003    -2.610033   -.5919175
  _Ipol_u_27 |  -.4769954    .218199    -2.19   0.034    -.9157139   -.0382768
  _Ipol_u_28 |  -.5961088   .1704868    -3.50   0.001    -.9388955   -.2533221
  _Ipol_u_29 |  -.3967072   .1937713    -2.05   0.046    -.7863105   -.0071039
  _Ipol_u_30 |  -1.308303   .5680358    -2.30   0.026    -2.450416   -.1661908
  _Ipol_u_31 |  -.9685459   .2828569    -3.42   0.001    -1.537268    -.399824
  _Ipol_u_32 |  -1.013101    .176195    -5.75   0.000    -1.367365   -.6588371
  _Ipol_u_33 |  -.8981728   .2012677    -4.46   0.000    -1.302849   -.4934969
  _Ipol_u_34 |  -.0649832   .2049311    -0.32   0.753    -.4770248    .3470584
  _Ipol_u_35 |   .5764113   .2495149     2.31   0.025      .074728    1.078095
  _Ipol_u_36 |  -1.175966   .3343476    -3.52   0.001    -1.848217   -.5037148
  _Ipol_u_37 |  -.3586823   .2012765    -1.78   0.081    -.7633759    .0460112
  _Ipol_u_38 |   -.804394    .265322    -3.03   0.004     -1.33786   -.2709284
  _Ipol_u_39 |  -1.521536   .5782935    -2.63   0.011    -2.684273   -.3587987
  _Ipol_u_40 |  -1.389355   .3794526    -3.66   0.001    -2.152296    -.626415
  _Ipol_u_41 |  -.7710642   .1693332    -4.55   0.000    -1.111531    -.430597
  _Ipol_u_42 |  -.4407087    .197739    -2.23   0.031    -.8382896   -.0431277
  _Ipol_u_43 |   -1.44587   .5571679    -2.60   0.013    -2.566131   -.3256087
  _Ipol_u_44 |    .120065   .3959546     0.30   0.763    -.6760551    .9161852
  _Ipol_u_45 |   .6484792   .1606019     4.04   0.000     .3255674    .9713909
  _Ipol_u_46 |  -1.110106   .2550703    -4.35   0.000    -1.622959   -.5972529
  _Ipol_u_47 |  -1.028948    .166556    -6.18   0.000    -1.363832    -.694065
  _Ipol_u_48 |  -.9815558   .2786971    -3.52   0.001    -1.541914   -.4211976
  _Ipol_u_49 |  -1.167446   .1944901    -6.00   0.000    -1.558494    -.776397
_IfemXpol~_2 |  -.0309579   .2758715    -0.11   0.911    -.5856348    .5237191
_IfemXpol~_3 |   .4768565   .2130056     2.24   0.030     .0485799     .905133
_IfemXpol~_4 |   .4610155   .1538856     3.00   0.004     .1516077    .7704233
_IfemXpol~_5 |   .7864803   .1791871     4.39   0.000     .4262004     1.14676
_IfemXpol~_6 |    .503659   .2177939     2.31   0.025     .0657551    .9415628
_IfemXpol~_7 |   .4080854   .2507727     1.63   0.110    -.0961269    .9122977
_IfemXpol~_8 |  -.1499103   .2363854    -0.63   0.529     -.625195    .3253744
_IfemXpol~_9 |    .077386   .2901403     0.27   0.791    -.5059802    .6607522
_IfemXpol~10 |    .542157   .1743291     3.11   0.003     .1916448    .8926691
_IfemXpol~11 |   .6699759   .2763194     2.42   0.019     .1143985    1.225553
_IfemXpol~12 |   .2797377   .2809235     1.00   0.324    -.2850968    .8445722
_IfemXpol~13 |   .9276658   .2962289     3.13   0.003     .3320577    1.523274
_IfemXpol~14 |   .3743781   .2637626     1.42   0.162    -.1559523    .9047084
_IfemXpol~15 |    .789951   .2394617     3.30   0.002     .3084809    1.271421
_IfemXpol~16 |   .2086525   .2676006     0.78   0.439    -.3293946    .7466996
_IfemXpol~17 |  -.6146675   .2888014    -2.13   0.038    -1.195342   -.0339934
_IfemXpol~18 |   .5182076   .2781275     1.86   0.069    -.0410052     1.07742
_IfemXpol~19 |    .503766   .1733983     2.91   0.006     .1551254    .8524065
_IfemXpol~20 |   .1750389   .4295591     0.41   0.685    -.6886475    1.038725
_IfemXpol~21 |   .1127964   .2280516     0.49   0.623    -.3457321    .5713248
_IfemXpol~22 |   .7958059   .2080286     3.83   0.000     .3775363    1.214075
_IfemXpol~23 |    .200859   .2301854     0.87   0.387    -.2619598    .6636778
_IfemXpol~24 |  -.0292169   .2821313    -0.10   0.918    -.5964799    .5380462
_IfemXpol~25 |   .6071791   .1693679     3.58   0.001     .2666422     .947716
_IfemXpol~26 |   1.124673   .2038197     5.52   0.000     .7148661     1.53448
_IfemXpol~27 |   .1487916   .1759016     0.85   0.402    -.2048822    .5024654
_IfemXpol~28 |   .4621646    .116196     3.98   0.000     .2285368    .6957924
_IfemXpol~29 |   .1653609   .2737489     0.60   0.549    -.3850482    .7157699
_IfemXpol~30 |   .4167129   .2528303     1.65   0.106    -.0916364    .9250623
_IfemXpol~31 |   .8407291   .1331583     6.31   0.000     .5729965    1.108462
_IfemXpol~32 |   .3682913   .3008701     1.22   0.227    -.2366486    .9732312
_IfemXpol~33 |   .4692741   .2217665     2.12   0.040     .0233827    .9151655
_IfemXpol~34 |   .2603399    .153491     1.70   0.096    -.0482745    .5689543
_IfemXpol~35 |   .7069557   .2882353     2.45   0.018     .1274197    1.286492
_IfemXpol~36 |   .1537523   .2679034     0.57   0.569    -.3849036    .6924082
_IfemXpol~37 |   .0798205    .181117     0.44   0.661    -.2843395    .4439806
_IfemXpol~38 |   .3017364   .2221103     1.36   0.181    -.1448463    .7483192
_IfemXpol~39 |   .5327458   .2208074     2.41   0.020     .0887827    .9767088
_IfemXpol~40 |    .565261   .2298978     2.46   0.018     .1030205    1.027501
_IfemXpol~41 |  -.0083127   .1671225    -0.05   0.961    -.3443351    .3277096
_IfemXpol~42 |  -.1905648   .1940345    -0.98   0.331    -.5806973    .1995678
_IfemXpol~43 |   .4428846   .1952431     2.27   0.028      .050322    .8354471
_IfemXpol~44 |   .1586636   .3172223     0.50   0.619    -.4791547    .7964818
_IfemXpol~45 |   .0114849   .1878834     0.06   0.952    -.3662799    .3892498
_IfemXpol~46 |    .511871   .2336112     2.19   0.033     .0421642    .9815778
_IfemXpol~47 |   .3285715   .1945641     1.69   0.098    -.0626259    .7197688
_IfemXpol~48 |   .1808515   .2204723     0.82   0.416    -.2624377    .6241408
_IfemXpol~49 |  -.2525449   .5277472    -0.48   0.634    -1.313652    .8085619
       _cons |   1.448754   .5522718     2.62   0.012     .3383368     2.55917
------------------------------------------------------------------------------

 ( 1)  focs = 0

------------------------------------------------------------------------------
   top_pubs5 | Coefficient  Std. err.      t    P>|t|     [95% conf. interval]
-------------+----------------------------------------------------------------
         (1) |   .2782612   .1594193     1.75   0.087    -.0422728    .5987951
------------------------------------------------------------------------------

 ( 1)  focs + f_focs = 0

------------------------------------------------------------------------------
   top_pubs5 | Coefficient  Std. err.      t    P>|t|     [95% conf. interval]
-------------+----------------------------------------------------------------
         (1) |  -.2973651    .317016    -0.94   0.353    -.9347685    .3400382
------------------------------------------------------------------------------

 ( 1)  gncs = 0

------------------------------------------------------------------------------
   top_pubs5 | Coefficient  Std. err.      t    P>|t|     [95% conf. interval]
-------------+----------------------------------------------------------------
         (1) |   .3550087   .1842097     1.93   0.060    -.0153698    .7253871
------------------------------------------------------------------------------

 ( 1)  gncs + f_gncs = 0

------------------------------------------------------------------------------
   top_pubs5 | Coefficient  Std. err.      t    P>|t|     [95% conf. interval]
-------------+----------------------------------------------------------------
         (1) |  -.0692601   .2556087    -0.27   0.788    -.5831959    .4446757
------------------------------------------------------------------------------

 ( 1)  - f_focs = 0

------------------------------------------------------------------------------
   top_pubs5 | Coefficient  Std. err.      t    P>|t|     [95% conf. interval]
-------------+----------------------------------------------------------------
         (1) |   .5756263    .357983     1.61   0.114    -.1441467    1.295399
------------------------------------------------------------------------------

 ( 1)  - f_gncs = 0

------------------------------------------------------------------------------
   top_pubs5 | Coefficient  Std. err.      t    P>|t|     [95% conf. interval]
-------------+----------------------------------------------------------------
         (1) |   .4242688   .2596848     1.63   0.109    -.0978625       .9464
------------------------------------------------------------------------------

--- top_pubs7 ---
i.pol_job_start   _Ipol_job_s_1-26    (naturally coded; _Ipol_job_s_1 omitted)
i.female          _Ifemale_0-1        (naturally coded; _Ifemale_0 omitted)
i.pol~t*i.fem~e   _IpolXfem_#_#       (coded as above)
i.pol_u           _Ipol_u_1-49        (naturally coded; _Ipol_u_1 omitted)
i.fem~e*i.pol_u   _IfemXpol_#_#       (coded as above)
note: faculty_miss omitted because of collinearity.
note: female_ratio_miss omitted because of collinearity.
note: full_ratio_miss omitted because of collinearity.
note: _Ifemale_1 omitted because of collinearity.

Linear regression                               Number of obs     =      1,392
                                                F(47, 48)         =          .
                                                Prob > F          =          .
                                                R-squared         =     0.3283
                                                Root MSE          =     1.4337

                                 (Std. err. adjusted for 49 clusters in pol_u)
------------------------------------------------------------------------------
             |               Robust
   top_pubs7 | Coefficient  std. err.      t    P>|t|     [95% conf. interval]
-------------+----------------------------------------------------------------
        focs |   .3180081    .218395     1.46   0.152    -.1211044    .7571207
      f_focs |  -.9626539   .5059513    -1.90   0.063    -1.979937    .0546293
        gncs |   .5613377   .2412666     2.33   0.024     .0762387    1.046437
      f_gncs |  -.6765125   .4274782    -1.58   0.120    -1.536015    .1829901
       focs0 |  -.5947354   .2548627    -2.33   0.024    -1.107171   -.0822995
     f_focs0 |   1.275121   .6693427     1.91   0.063    -.0706823    2.620925
       gncs0 |  -.1021133    .240308    -0.42   0.673    -.5852849    .3810583
     f_gncs0 |   .0466469   .6113871     0.08   0.940    -1.182629    1.275923
    phd_rank |  -.0923738   .0286037    -3.23   0.002    -.1498854   -.0348621
phd_rank_m~s |   .1289691   .3147049     0.41   0.684    -.5037876    .7617258
    post_doc |  -.1375631    .181378    -0.76   0.452    -.5022479    .2271218
 ug_students |   .0183944   .0302201     0.61   0.546    -.0423671     .079156
grad_stude~s |   .0330984   .0609605     0.54   0.590    -.0894708    .1556676
     faculty |   -.015209   .0204453    -0.74   0.461    -.0563171    .0258991
full_av_sa~y |  -.0167145   .0172204    -0.97   0.337    -.0513385    .0179095
assist_av_~y |   .0445431   .0277295     1.61   0.115    -.0112109    .1002971
     revenue |  -.0027065   .0077148    -0.35   0.727    -.0182181    .0128052
female_ratio |   1.341625   2.471898     0.54   0.590    -3.628459    6.311708
  full_ratio |  -.5308166   .6742716    -0.79   0.435    -1.886531    .8248973
faculty_miss |          0  (omitted)
revenue_miss |  -1.687887   .2135138    -7.91   0.000    -2.117186   -1.258589
female_rat~s |          0  (omitted)
full_ratio~s |          0  (omitted)
_Ipol_job~_2 |  -1.497065   .6152005    -2.43   0.019    -2.734009   -.2601218
_Ipol_job~_3 |   -1.57968    .501627    -3.15   0.003    -2.588269   -.5710916
_Ipol_job~_4 |  -1.851484   .6445443    -2.87   0.006    -3.147427   -.5555411
_Ipol_job~_5 |  -.5550219   .3311266    -1.68   0.100    -1.220797    .1107528
_Ipol_job~_6 |  -1.598198   .5126612    -3.12   0.003    -2.628972   -.5674235
_Ipol_job~_7 |  -1.994098   .8299588    -2.40   0.020    -3.662842   -.3253542
_Ipol_job~_8 |  -.3797126   .3621842    -1.05   0.300    -1.107933    .3485076
_Ipol_job~_9 |  -.1969733   .3116977    -0.63   0.530    -.8236836     .429737
_Ipol_job~10 |  -1.798346   .8261177    -2.18   0.034    -3.459367   -.1373246
_Ipol_job~11 |  -1.018396   .5371623    -1.90   0.064    -2.098433    .0616412
_Ipol_job~12 |  -.8650662   .3597164    -2.40   0.020    -1.588325   -.1418079
_Ipol_job~13 |   .0626976   .3228066     0.19   0.847    -.5863486    .7117438
_Ipol_job~14 |  -.9266589   .4487169    -2.07   0.044    -1.828865   -.0244532
_Ipol_job~15 |   -.304377   .4691457    -0.65   0.520    -1.247658    .6389037
_Ipol_job~16 |  -1.133449   .6696033    -1.69   0.097    -2.479777    .2128788
_Ipol_job~17 |  -1.652072   .7317467    -2.26   0.029    -3.123347   -.1807968
_Ipol_job~18 |  -1.153202   .3422613    -3.37   0.001    -1.841364   -.4650395
_Ipol_job~19 |  -.1606105    .284097    -0.57   0.574    -.7318259    .4106049
_Ipol_job~20 |   -1.35966   .7771217    -1.75   0.087    -2.922168    .2028478
_Ipol_job~21 |  -1.258161   .4917491    -2.56   0.014    -2.246889   -.2694336
_Ipol_job~22 |  -1.025913   .4137326    -2.48   0.017    -1.857778   -.1940474
_Ipol_job~23 |  -.7685538   .4098171    -1.88   0.067    -1.592546    .0554387
_Ipol_job~24 |  -1.552194   .7327697    -2.12   0.039    -3.025526   -.0788614
_Ipol_job~25 |   -1.42183   .5980208    -2.38   0.021    -2.624231   -.2194282
_Ipol_job~26 |  -2.322984   .9696792    -2.40   0.021    -4.272655   -.3733137
  _Ifemale_1 |   -2.21336   .8858762    -2.50   0.016    -3.994533   -.4321865
_IpolXf~_2_1 |   2.992121    1.47017     2.04   0.047     .0361459    5.948095
_IpolXf~_3_1 |    2.25562   .8142617     2.77   0.008     .6184376    3.892803
_IpolXf~_4_1 |     2.5025   .9130254     2.74   0.009     .6667394    4.338261
_IpolXf~_5_1 |   1.099072   .7668416     1.43   0.158    -.4427664     2.64091
_IpolXf~_6_1 |   2.430585   1.016268     2.39   0.021     .3872413    4.473928
_IpolXf~_7_1 |   2.566816   .8177407     3.14   0.003     .9226379    4.210994
_IpolXf~_8_1 |   1.195837   .8197867     1.46   0.151    -.4524548    2.844128
_IpolXf~_9_1 |   1.058584    .722157     1.47   0.149    -.3934097    2.510578
_IpolXf~10_1 |     2.3821   .8641796     2.76   0.008      .644551     4.11965
_IpolXf~11_1 |   1.285729   .7976677     1.61   0.114    -.3180894    2.889547
_IpolXf~12_1 |   2.053703   .8740945     2.35   0.023      .296218    3.811188
_IpolXf~13_1 |   1.002458    1.03887     0.96   0.339    -1.086331    3.091247
_IpolXf~14_1 |   2.339903   1.197805     1.95   0.057    -.0684455    4.748251
_IpolXf~15_1 |   1.421333   .9179657     1.55   0.128    -.4243612    3.267026
_IpolXf~16_1 |    2.68283   1.415302     1.90   0.064    -.1628245    5.528485
_IpolXf~17_1 |   1.919568   .8649858     2.22   0.031     .1803972    3.658738
_IpolXf~18_1 |   1.645618   .8035419     2.05   0.046     .0299887    3.261247
_IpolXf~19_1 |   .8018436   .8053053     1.00   0.324    -.8173312    2.421018
_IpolXf~20_1 |   1.897619   .8868621     2.14   0.037     .1144628    3.680774
_IpolXf~21_1 |   1.836253    .942995     1.95   0.057    -.0597653    3.732272
_IpolXf~22_1 |   1.276567    1.07811     1.18   0.242    -.8911192    3.444252
_IpolXf~23_1 |   1.017172    .828298     1.23   0.225    -.6482322    2.682577
_IpolXf~24_1 |   1.990072    .895557     2.22   0.031     .1894337     3.79071
_IpolXf~25_1 |   2.519452   1.022366     2.46   0.017     .4638471    4.575057
_IpolXf~26_1 |   2.558165   .9591818     2.67   0.010      .629601    4.486729
  _Ifemale_1 |          0  (omitted)
   _Ipol_u_2 |   -1.49223   .5382458    -2.77   0.008    -2.574446   -.4100146
   _Ipol_u_3 |  -1.049835   .6994122    -1.50   0.140    -2.456097    .3564278
   _Ipol_u_4 |  -1.981022    .747421    -2.65   0.011    -3.483812   -.4782309
   _Ipol_u_5 |  -2.504412   .7232964    -3.46   0.001    -3.958697   -1.050127
   _Ipol_u_6 |  -2.040939   .7116458    -2.87   0.006    -3.471799   -.6100794
   _Ipol_u_7 |  -1.941207   .3817828    -5.08   0.000    -2.708833   -1.173582
   _Ipol_u_8 |  -1.842416   .7958352    -2.32   0.025     -3.44255   -.2422823
   _Ipol_u_9 |   -2.51811   1.163022    -2.17   0.035    -4.856522   -.1796988
  _Ipol_u_10 |   -1.93398   1.043105    -1.85   0.070    -4.031284    .1633237
  _Ipol_u_11 |  -2.000255   .2957109    -6.76   0.000    -2.594821   -1.405688
  _Ipol_u_12 |  -1.069842   .7730696    -1.38   0.173    -2.624203    .4845183
  _Ipol_u_13 |  -.3052536    .257688    -1.18   0.242    -.8233701    .2128629
  _Ipol_u_14 |   -1.98501   .4654616    -4.26   0.000    -2.920883   -1.049137
  _Ipol_u_15 |  -1.908345   .3666888    -5.20   0.000    -2.645622   -1.171068
  _Ipol_u_16 |  -1.684013   .9430596    -1.79   0.080    -3.580162    .2121351
  _Ipol_u_17 |  -.3646253   .2018018    -1.81   0.077    -.7703751    .0411245
  _Ipol_u_18 |  -1.943384   .8750212    -2.22   0.031    -3.702732   -.1840361
  _Ipol_u_19 |  -1.753781   .9206511    -1.90   0.063    -3.604875    .0973118
  _Ipol_u_20 |  -2.137261   .8257855    -2.59   0.013    -3.797614   -.4769084
  _Ipol_u_21 |  -1.269469   .2979594    -4.26   0.000    -1.868557   -.6703815
  _Ipol_u_22 |  -1.976068   1.065676    -1.85   0.070    -4.118753     .166616
  _Ipol_u_23 |  -1.399937   .7839302    -1.79   0.080    -2.976134    .1762605
  _Ipol_u_24 |  -1.595881   1.310919    -1.22   0.229     -4.23166    1.039899
  _Ipol_u_25 |   -2.06086   .4067951    -5.07   0.000    -2.878776   -1.242944
  _Ipol_u_26 |  -2.260633   .8011999    -2.82   0.007    -3.871553   -.6497124
  _Ipol_u_27 |  -.5528751   .3364926    -1.64   0.107    -1.229439    .1236887
  _Ipol_u_28 |  -.8956487   .2526184    -3.55   0.001    -1.403572   -.3877253
  _Ipol_u_29 |  -.6908647   .2745272    -2.52   0.015    -1.242839   -.1388908
  _Ipol_u_30 |  -2.053089   .8542663    -2.40   0.020    -3.770707   -.3354716
  _Ipol_u_31 |  -1.052728   .4790123    -2.20   0.033    -2.015847   -.0896096
  _Ipol_u_32 |  -1.778838   .2299839    -7.73   0.000    -2.241252   -1.316425
  _Ipol_u_33 |  -.8444508   .3850182    -2.19   0.033    -1.618582   -.0703197
  _Ipol_u_34 |   .3552695   .3048839     1.17   0.250    -.2577407    .9682797
  _Ipol_u_35 |   1.059358   .4167615     2.54   0.014     .2214027    1.897313
  _Ipol_u_36 |  -1.859777   .5578965    -3.33   0.002    -2.981503   -.7380508
  _Ipol_u_37 |  -.2906562    .290742    -1.00   0.322    -.8752322    .2939199
  _Ipol_u_38 |   -1.07742    .428201    -2.52   0.015    -1.938376    -.216464
  _Ipol_u_39 |  -2.315411    .904991    -2.56   0.014    -4.135017   -.4958047
  _Ipol_u_40 |  -2.365203   .5793107    -4.08   0.000    -3.529985   -1.200421
  _Ipol_u_41 |  -1.307417   .2848242    -4.59   0.000    -1.880095   -.7347398
  _Ipol_u_42 |  -.7493374    .291455    -2.57   0.013    -1.335347   -.1633278
  _Ipol_u_43 |  -2.189596   .8732343    -2.51   0.016    -3.945352   -.4338411
  _Ipol_u_44 |   .2805759   .5964699     0.47   0.640    -.9187073    1.479859
  _Ipol_u_45 |    1.31591   .2329412     5.65   0.000     .8475497    1.784269
  _Ipol_u_46 |  -1.930554   .3426404    -5.63   0.000    -2.619478   -1.241629
  _Ipol_u_47 |  -1.678767   .2363095    -7.10   0.000    -2.153899   -1.203635
  _Ipol_u_48 |  -1.552573   .4151835    -3.74   0.000    -2.387355   -.7177907
  _Ipol_u_49 |  -1.828261   .3383727    -5.40   0.000    -2.508604   -1.147917
_IfemXpol~_2 |  -.1890853   .3377879    -0.56   0.578    -.8682535    .4900829
_IfemXpol~_3 |    .280078    .310492     0.90   0.372    -.3442081    .9043641
_IfemXpol~_4 |   .2403284   .2548682     0.94   0.350    -.2721184    .7527752
_IfemXpol~_5 |   .8098575   .2700712     3.00   0.004     .2668429    1.352872
_IfemXpol~_6 |   .5094908    .293307     1.74   0.089    -.0802425    1.099224
_IfemXpol~_7 |    .448826   .3527905     1.27   0.209    -.2605069    1.158159
_IfemXpol~_8 |  -.3300321   .3665879    -0.90   0.372    -1.067106    .4070423
_IfemXpol~_9 |   .1257177   .5131193     0.25   0.807    -.9059778    1.157413
_IfemXpol~10 |   .4187562   .2507997     1.67   0.101    -.0855104    .9230228
_IfemXpol~11 |   .7487051    .467164     1.60   0.116    -.1905911    1.688001
_IfemXpol~12 |  -.1878648   .4629039    -0.41   0.687    -1.118595    .7428657
_IfemXpol~13 |   .5856019   .4163621     1.41   0.166    -.2515502    1.422754
_IfemXpol~14 |   .1862056   .4300396     0.43   0.667     -.678447    1.050858
_IfemXpol~15 |   .7142712   .3697193     1.93   0.059    -.0290992    1.457642
_IfemXpol~16 |  -.0459542   .4417585    -0.10   0.918    -.9341691    .8422608
_IfemXpol~17 |  -.9265061   .3710151    -2.50   0.016    -1.672482   -.1805302
_IfemXpol~18 |   .5348724   .3801615     1.41   0.166    -.2294935    1.299238
_IfemXpol~19 |   .2999546   .2723403     1.10   0.276    -.2476223    .8475315
_IfemXpol~20 |   .3872745    .619838     0.62   0.535    -.8589933    1.633542
_IfemXpol~21 |  -.1396126    .305115    -0.46   0.649    -.7530874    .4738622
_IfemXpol~22 |   .7049468   .3585875     1.97   0.055    -.0160417    1.425935
_IfemXpol~23 |   .0511127   .3092389     0.17   0.869    -.5706538    .6728792
_IfemXpol~24 |     .61936   .4267645     1.45   0.153    -.2387075    1.477427
_IfemXpol~25 |    .781621   .2607368     3.00   0.004     .2573745    1.305868
_IfemXpol~26 |   .9692637   .3350647     2.89   0.006      .295571    1.642956
_IfemXpol~27 |  -.0316663   .2409334    -0.13   0.896    -.5160954    .4527627
_IfemXpol~28 |   .1224171   .1898227     0.64   0.522     -.259247    .5040813
_IfemXpol~29 |  -.3029902   .3857474    -0.79   0.436    -1.078587     .472607
_IfemXpol~30 |    .043314   .3978839     0.11   0.914    -.7566853    .8433133
_IfemXpol~31 |   .7106004   .2086373     3.41   0.001      .291107    1.130094
_IfemXpol~32 |   .4086076   .4382487     0.93   0.356    -.4725505    1.289766
_IfemXpol~33 |   .3561277    .286017     1.25   0.219     -.218948    .9312033
_IfemXpol~34 |  -.1067248   .2381598    -0.45   0.656    -.5855772    .3721275
_IfemXpol~35 |   1.378445   .4349112     3.17   0.003     .5039971    2.252892
_IfemXpol~36 |  -.0758349   .4054615    -0.19   0.852    -.8910699    .7394002
_IfemXpol~37 |   .1083552    .297273     0.36   0.717    -.4893521    .7060626
_IfemXpol~38 |   .1932375   .3447741     0.56   0.578    -.4999773    .8864522
_IfemXpol~39 |   .6191234   .3165577     1.96   0.056    -.0173586    1.255605
_IfemXpol~40 |   .6545156   .3647503     1.79   0.079     -.078864    1.387895
_IfemXpol~41 |  -.4121001   .2462114    -1.67   0.101    -.9071413    .0829412
_IfemXpol~42 |  -.4467828   .2863683    -1.56   0.125    -1.022565    .1289993
_IfemXpol~43 |   .4185876   .2860376     1.46   0.150    -.1565296    .9937047
_IfemXpol~44 |  -.1926852   .4153511    -0.46   0.645    -1.027804    .6424341
_IfemXpol~45 |   -.215199   .2659799    -0.81   0.422    -.7499874    .3195894
_IfemXpol~46 |   .5951164   .2836932     2.10   0.041      .024713     1.16552
_IfemXpol~47 |   .2485207   .2796038     0.89   0.379    -.3136604    .8107018
_IfemXpol~48 |   .4342752   .3162582     1.37   0.176    -.2016046    1.070155
_IfemXpol~49 |  -.4140284   .7714561    -0.54   0.594    -1.965145    1.137088
       _cons |   2.447047   .7673898     3.19   0.003     .9041068    3.989988
------------------------------------------------------------------------------

 ( 1)  focs = 0

------------------------------------------------------------------------------
   top_pubs7 | Coefficient  Std. err.      t    P>|t|     [95% conf. interval]
-------------+----------------------------------------------------------------
         (1) |   .3180081    .218395     1.46   0.152    -.1211044    .7571207
------------------------------------------------------------------------------

 ( 1)  focs + f_focs = 0

------------------------------------------------------------------------------
   top_pubs7 | Coefficient  Std. err.      t    P>|t|     [95% conf. interval]
-------------+----------------------------------------------------------------
         (1) |  -.6446458   .4413404    -1.46   0.151     -1.53202    .2427286
------------------------------------------------------------------------------

 ( 1)  gncs = 0

------------------------------------------------------------------------------
   top_pubs7 | Coefficient  Std. err.      t    P>|t|     [95% conf. interval]
-------------+----------------------------------------------------------------
         (1) |   .5613377   .2412666     2.33   0.024     .0762387    1.046437
------------------------------------------------------------------------------

 ( 1)  gncs + f_gncs = 0

------------------------------------------------------------------------------
   top_pubs7 | Coefficient  Std. err.      t    P>|t|     [95% conf. interval]
-------------+----------------------------------------------------------------
         (1) |  -.1151747   .4033322    -0.29   0.776    -.9261285     .695779
------------------------------------------------------------------------------

 ( 1)  - f_focs = 0

------------------------------------------------------------------------------
   top_pubs7 | Coefficient  Std. err.      t    P>|t|     [95% conf. interval]
-------------+----------------------------------------------------------------
         (1) |   .9626539   .5059513     1.90   0.063    -.0546293    1.979937
------------------------------------------------------------------------------

 ( 1)  - f_gncs = 0

------------------------------------------------------------------------------
   top_pubs7 | Coefficient  Std. err.      t    P>|t|     [95% conf. interval]
-------------+----------------------------------------------------------------
         (1) |   .6765125   .4274782     1.58   0.120    -.1829901    1.536015
------------------------------------------------------------------------------

--- top_pubs9 ---
i.pol_job_start   _Ipol_job_s_1-26    (naturally coded; _Ipol_job_s_1 omitted)
i.female          _Ifemale_0-1        (naturally coded; _Ifemale_0 omitted)
i.pol~t*i.fem~e   _IpolXfem_#_#       (coded as above)
i.pol_u           _Ipol_u_1-49        (naturally coded; _Ipol_u_1 omitted)
i.fem~e*i.pol_u   _IfemXpol_#_#       (coded as above)
note: faculty_miss omitted because of collinearity.
note: female_ratio_miss omitted because of collinearity.
note: full_ratio_miss omitted because of collinearity.
note: _Ifemale_1 omitted because of collinearity.

Linear regression                               Number of obs     =      1,392
                                                F(47, 48)         =          .
                                                Prob > F          =          .
                                                R-squared         =     0.3700
                                                Root MSE          =     1.7539

                                 (Std. err. adjusted for 49 clusters in pol_u)
------------------------------------------------------------------------------
             |               Robust
   top_pubs9 | Coefficient  std. err.      t    P>|t|     [95% conf. interval]
-------------+----------------------------------------------------------------
        focs |   .3075213   .2660755     1.16   0.253    -.2274594    .8425019
      f_focs |  -.7890202   .6036355    -1.31   0.197    -2.002711    .4246704
        gncs |   .6632342   .2726893     2.43   0.019     .1149556    1.211513
      f_gncs |  -.8210987   .5368904    -1.53   0.133    -1.900589    .2583918
       focs0 |  -1.012146    .363301    -2.79   0.008    -1.742611   -.2816801
     f_focs0 |   2.064243    .908079     2.27   0.028     .2384275    3.890058
       gncs0 |  -.3091516   .2673569    -1.16   0.253    -.8467086    .2284054
     f_gncs0 |   .2045051   .6165971     0.33   0.742    -1.035246    1.444257
    phd_rank |  -.1295331    .037509    -3.45   0.001    -.2049499   -.0541163
phd_rank_m~s |   .1521953    .673188     0.23   0.822     -1.20134    1.505731
    post_doc |   .1593034    .215516     0.74   0.463    -.2740205    .5926272
 ug_students |   .0086783   .0362045     0.24   0.812    -.0641158    .0814724
grad_stude~s |   .1033804   .0835588     1.24   0.222    -.0646258    .2713866
     faculty |  -.0102571   .0199463    -0.51   0.609    -.0503619    .0298476
full_av_sa~y |  -.0283888   .0173814    -1.63   0.109    -.0633364    .0065587
assist_av_~y |   .0709547   .0312454     2.27   0.028     .0081315    .1337779
     revenue |  -.0071026   .0107218    -0.66   0.511    -.0286603    .0144551
female_ratio |   1.549916   2.728762     0.57   0.573    -3.936627    7.036459
  full_ratio |  -.8851565   .8035876    -1.10   0.276    -2.500878    .7305647
faculty_miss |          0  (omitted)
revenue_miss |  -2.113083   .2524125    -8.37   0.000    -2.620592   -1.605574
female_rat~s |          0  (omitted)
full_ratio~s |          0  (omitted)
_Ipol_job~_2 |  -1.938444   .7122469    -2.72   0.009    -3.370512   -.5063757
_Ipol_job~_3 |   -2.07703   .5499692    -3.78   0.000    -3.182817   -.9712428
_Ipol_job~_4 |  -2.217953   .7120506    -3.11   0.003    -3.649627   -.7862796
_Ipol_job~_5 |  -.6151471   .3922917    -1.57   0.123    -1.403902    .1736081
_Ipol_job~_6 |  -1.809604   .5902355    -3.07   0.004    -2.996352   -.6228558
_Ipol_job~_7 |   -2.74071   1.008022    -2.72   0.009    -4.767475   -.7139458
_Ipol_job~_8 |  -.6280244   .4094899    -1.53   0.132    -1.451359    .1953103
_Ipol_job~_9 |  -.2319849    .345391    -0.67   0.505      -.92644    .4624702
_Ipol_job~10 |  -2.477063   .9027761    -2.74   0.009    -4.292216   -.6619099
_Ipol_job~11 |  -1.277122   .6722067    -1.90   0.063    -2.628684    .0744404
_Ipol_job~12 |  -1.169795   .4405729    -2.66   0.011    -2.055626   -.2839638
_Ipol_job~13 |     .04266   .3442168     0.12   0.902    -.6494342    .7347542
_Ipol_job~14 |  -1.225034   .5081722    -2.41   0.020    -2.246783   -.2032853
_Ipol_job~15 |  -.3883099   .5755243    -0.67   0.503    -1.545479    .7688594
_Ipol_job~16 |  -1.594787   .7451666    -2.14   0.037    -3.093045   -.0965294
_Ipol_job~17 |  -2.217636   .8470731    -2.62   0.012    -3.920791   -.5144815
_Ipol_job~18 |  -1.522445   .4046731    -3.76   0.000    -2.336094   -.7087949
_Ipol_job~19 |  -.3384602   .3093241    -1.09   0.279    -.9603981    .2834777
_Ipol_job~20 |  -1.923043   .9398229    -2.05   0.046    -3.812683   -.0334022
_Ipol_job~21 |  -1.844542   .6160107    -2.99   0.004    -3.083115     -.60597
_Ipol_job~22 |  -1.318859   .4682924    -2.82   0.007    -2.260424   -.3772935
_Ipol_job~23 |  -.9498203   .4260236    -2.23   0.030    -1.806398   -.0932424
_Ipol_job~24 |   -1.99571   .8061185    -2.48   0.017     -3.61652      -.3749
_Ipol_job~25 |  -1.921974   .6460776    -2.97   0.005       -3.221   -.6229482
_Ipol_job~26 |  -2.890411   1.134535    -2.55   0.014    -5.171546   -.6092753
  _Ifemale_1 |  -2.297492   .7454258    -3.08   0.003    -3.796271   -.7987131
_IpolXf~_2_1 |   3.088747   1.175687     2.63   0.012     .7248692    5.452625
_IpolXf~_3_1 |   2.817396   .7788389     3.62   0.001     1.251435    4.383356
_IpolXf~_4_1 |   2.485136   .8528394     2.91   0.005     .7703869    4.199884
_IpolXf~_5_1 |   .7620335   .7192571     1.06   0.295    -.6841299    2.208197
_IpolXf~_6_1 |   2.323243   .9047811     2.57   0.013      .504059    4.142428
_IpolXf~_7_1 |   2.863868   .8136788     3.52   0.001     1.227857    4.499879
_IpolXf~_8_1 |   1.488444   .9445226     1.58   0.122    -.4106465    3.387534
_IpolXf~_9_1 |   .9544886   .6636699     1.44   0.157    -.3799093    2.288886
_IpolXf~10_1 |   2.895746   .7331312     3.95   0.000     1.421687    4.369805
_IpolXf~11_1 |   1.307738    .860928     1.52   0.135    -.4232738     3.03875
_IpolXf~12_1 |   2.277834   .8014437     2.84   0.007     .6664235    3.889244
_IpolXf~13_1 |   .7620581   .8190948     0.93   0.357    -.8848425    2.408959
_IpolXf~14_1 |   3.398237   1.545629     2.20   0.033     .2905419    6.505932
_IpolXf~15_1 |   1.766257   .9138357     1.93   0.059    -.0711324    3.603647
_IpolXf~16_1 |   2.632839   1.373781     1.92   0.061    -.1293329    5.395012
_IpolXf~17_1 |   2.234283   .7722469     2.89   0.006     .6815769     3.78699
_IpolXf~18_1 |   1.647368   .6321139     2.61   0.012     .3764176    2.918318
_IpolXf~19_1 |   .9818005   .6776786     1.45   0.154    -.3807636    2.344365
_IpolXf~20_1 |   2.170437   .8010111     2.71   0.009     .5598958    3.780977
_IpolXf~21_1 |   2.130878   .8734419     2.44   0.018     .3747058    3.887051
_IpolXf~22_1 |   1.587762   1.090559     1.46   0.152    -.6049543    3.780478
_IpolXf~23_1 |   1.028206   .7806754     1.32   0.194    -.5414468     2.59786
_IpolXf~24_1 |   2.091941   .8238212     2.54   0.014     .4355376    3.748345
_IpolXf~25_1 |   2.979256    1.10634     2.69   0.010     .7548105    5.203702
_IpolXf~26_1 |   2.816519   .9301059     3.03   0.004      .946416    4.686623
  _Ifemale_1 |          0  (omitted)
   _Ipol_u_2 |  -1.847986   .6522645    -2.83   0.007    -3.159451     -.53652
   _Ipol_u_3 |  -1.094399   .8055244    -1.36   0.181    -2.714014    .5252165
   _Ipol_u_4 |  -2.163783   .9137167    -2.37   0.022    -4.000933    -.326632
   _Ipol_u_5 |   -3.09481   .8655537    -3.58   0.001    -4.835122   -1.354497
   _Ipol_u_6 |  -2.498457   .8603739    -2.90   0.006    -4.228354   -.7685589
   _Ipol_u_7 |  -2.047985   .5153429    -3.97   0.000    -3.084151   -1.011819
   _Ipol_u_8 |  -2.263273   .9057307    -2.50   0.016    -4.084367   -.4421795
   _Ipol_u_9 |   -3.11306   1.359597    -2.29   0.026    -5.846713   -.3794065
  _Ipol_u_10 |  -2.548849   1.214169    -2.10   0.041    -4.990099   -.1075992
  _Ipol_u_11 |  -2.234558   .3912724    -5.71   0.000    -3.021264   -1.447852
  _Ipol_u_12 |  -2.026048   .9396526    -2.16   0.036    -3.915346   -.1367499
  _Ipol_u_13 |   .0425051   .3055409     0.14   0.890    -.5718261    .6568363
  _Ipol_u_14 |  -2.202047   .5922851    -3.72   0.001    -3.392916   -1.011177
  _Ipol_u_15 |  -2.373226   .3982861    -5.96   0.000    -3.174034   -1.572418
  _Ipol_u_16 |  -2.014018    1.12826    -1.79   0.081    -4.282536       .2545
  _Ipol_u_17 |   -.499784   .2973098    -1.68   0.099    -1.097565    .0979975
  _Ipol_u_18 |  -2.176505   1.048096    -2.08   0.043    -4.283842   -.0691667
  _Ipol_u_19 |  -2.037237   1.061839    -1.92   0.061    -4.172208    .0977343
  _Ipol_u_20 |  -2.795895   .9848787    -2.84   0.007    -4.776127   -.8156638
  _Ipol_u_21 |  -1.416534   .3680415    -3.85   0.000    -2.156531   -.6765366
  _Ipol_u_22 |  -2.277014    1.24598    -1.83   0.074    -4.782224     .228196
  _Ipol_u_23 |  -1.837417   .8850156    -2.08   0.043     -3.61686   -.0579738
  _Ipol_u_24 |  -1.546337   1.547851    -1.00   0.323    -4.658499    1.565826
  _Ipol_u_25 |  -2.504638   .5238219    -4.78   0.000    -3.557853   -1.451424
  _Ipol_u_26 |  -2.881689    .958852    -3.01   0.004     -4.80959   -.9537877
  _Ipol_u_27 |  -.8611818    .395669    -2.18   0.034    -1.656728   -.0656361
  _Ipol_u_28 |  -.8441794   .3066559    -2.75   0.008    -1.460752   -.2276065
  _Ipol_u_29 |  -.8397646    .336968    -2.49   0.016    -1.517284   -.1622449
  _Ipol_u_30 |  -2.439197   1.014768    -2.40   0.020    -4.479524   -.3988693
  _Ipol_u_31 |  -1.517312   .6028279    -2.52   0.015    -2.729379   -.3052458
  _Ipol_u_32 |  -2.317654   .2976398    -7.79   0.000    -2.916099   -1.719209
  _Ipol_u_33 |  -1.085588   .4508431    -2.41   0.020    -1.992069   -.1791076
  _Ipol_u_34 |   .3210172   .3718903     0.86   0.392    -.4267184    1.068753
  _Ipol_u_35 |   1.989903   .4924555     4.04   0.000     .9997546    2.980051
  _Ipol_u_36 |  -2.926423   .6798899    -4.30   0.000    -4.293433   -1.559413
  _Ipol_u_37 |    .034956   .3884376     0.09   0.929    -.7460501    .8159622
  _Ipol_u_38 |  -.8385076   .5558636    -1.51   0.138    -1.956146    .2791312
  _Ipol_u_39 |  -3.104485   1.063103    -2.92   0.005    -5.241996    -.966973
  _Ipol_u_40 |  -2.736059   .7213211    -3.79   0.000    -4.186373   -1.285746
  _Ipol_u_41 |  -1.531394    .392816    -3.90   0.000    -2.321203   -.7415841
  _Ipol_u_42 |  -.7443645   .3916795    -1.90   0.063    -1.531889      .04316
  _Ipol_u_43 |  -2.441223    1.01764    -2.40   0.020    -4.487325   -.3951204
  _Ipol_u_44 |   .8908704   .6985758     1.28   0.208    -.5137104    2.295451
  _Ipol_u_45 |   1.853204   .2516725     7.36   0.000     1.347182    2.359225
  _Ipol_u_46 |  -2.368167    .466742    -5.07   0.000    -3.306615    -1.42972
  _Ipol_u_47 |   -2.08132   .3686428    -5.65   0.000    -2.822527   -1.340114
  _Ipol_u_48 |  -1.448037   .5494748    -2.64   0.011     -2.55283   -.3432439
  _Ipol_u_49 |  -2.299178   .4150433    -5.54   0.000    -3.133678   -1.464677
_IfemXpol~_2 |  -.2367619   .3669253    -0.65   0.522    -.9745147    .5009909
_IfemXpol~_3 |   .2751738   .3860656     0.71   0.479    -.5010631    1.051411
_IfemXpol~_4 |   .0758546   .2949037     0.26   0.798    -.5170891    .6687983
_IfemXpol~_5 |   .9338759   .2484538     3.76   0.000     .4343261    1.433426
_IfemXpol~_6 |   .5010875   .3380355     1.48   0.145    -.1785783    1.180753
_IfemXpol~_7 |   .0327347   .4008212     0.08   0.935    -.7731704    .8386397
_IfemXpol~_8 |  -.7624206    .361781    -2.11   0.040     -1.48983   -.0350112
_IfemXpol~_9 |   .2132426   .5754352     0.37   0.713    -.9437473    1.370233
_IfemXpol~10 |   .4962795   .2798581     1.77   0.083     -.066413    1.058972
_IfemXpol~11 |   .3547356    .434403     0.82   0.418    -.5186901    1.228161
_IfemXpol~12 |  -.4446915   .5157405    -0.86   0.393    -1.481657    .5922743
_IfemXpol~13 |  -.5789509    .467658    -1.24   0.222     -1.51924    .3613386
_IfemXpol~14 |   .1646156   .5594233     0.29   0.770    -.9601803    1.289412
_IfemXpol~15 |   .6923557   .3375691     2.05   0.046     .0136275    1.371084
_IfemXpol~16 |  -.2415446   .4425261    -0.55   0.588    -1.131303    .6482137
_IfemXpol~17 |  -1.476773    .417568    -3.54   0.001     -2.31635   -.6371964
_IfemXpol~18 |    .028288    .428589     0.07   0.948    -.8334479    .8900239
_IfemXpol~19 |   -.160472   .2914239    -0.55   0.584    -.7464191    .4254751
_IfemXpol~20 |   .2469876   .6492935     0.38   0.705    -1.058505     1.55248
_IfemXpol~21 |  -.3749851   .3609198    -1.04   0.304    -1.100663    .3506928
_IfemXpol~22 |   .1826533   .3299237     0.55   0.582    -.4807027    .8460092
_IfemXpol~23 |  -.0918991    .389485    -0.24   0.814    -.8750112    .6912129
_IfemXpol~24 |    .328663   .5344854     0.61   0.542    -.7459919    1.403318
_IfemXpol~25 |   .6458688   .2376721     2.72   0.009      .167997    1.123741
_IfemXpol~26 |   1.504003   .3234835     4.65   0.000     .8535958     2.15441
_IfemXpol~27 |  -.6842023   .2591842    -2.64   0.011    -1.205327   -.1630776
_IfemXpol~28 |  -.5863343   .2210452    -2.65   0.011    -1.030775   -.1418931
_IfemXpol~29 |  -.9820972   .5179876    -1.90   0.064    -2.023581    .0593867
_IfemXpol~30 |   .3109335   .4506388     0.69   0.494    -.5951366    1.217004
_IfemXpol~31 |   .8345411   .2039523     4.09   0.000     .4244675    1.244615
_IfemXpol~32 |   .4419489    .381976     1.16   0.253    -.3260653    1.209963
_IfemXpol~33 |  -.2704363    .319279    -0.85   0.401    -.9123897    .3715171
_IfemXpol~34 |  -.4341328     .22593    -1.92   0.061    -.8883955      .02013
_IfemXpol~35 |   1.065335   .5752842     1.85   0.070    -.0913516    2.222021
_IfemXpol~36 |  -.1138099   .4103926    -0.28   0.783    -.9389595    .7113397
_IfemXpol~37 |  -.5030808   .2565121    -1.96   0.056    -1.018833    .0126714
_IfemXpol~38 |   .1569347   .4227102     0.37   0.712    -.6929811     1.00685
_IfemXpol~39 |   .6236465   .2838266     2.20   0.033     .0529748    1.194318
_IfemXpol~40 |   .5167263   .3526091     1.47   0.149    -.1922418    1.225694
_IfemXpol~41 |  -.7168368   .2558597    -2.80   0.007    -1.231277   -.2023963
_IfemXpol~42 |  -.9275783   .2704706    -3.43   0.001    -1.471396   -.3837608
_IfemXpol~43 |  -.1837791   .2939533    -0.63   0.535    -.7748118    .4072535
_IfemXpol~44 |  -1.524968   .5828823    -2.62   0.012    -2.696932    -.353005
_IfemXpol~45 |   .2898731   .2911653     1.00   0.324    -.2955539    .8753002
_IfemXpol~46 |   .2650091   .3886543     0.68   0.499    -.5164327    1.046451
_IfemXpol~47 |   .3220969   .3030439     1.06   0.293    -.2872136    .9314075
_IfemXpol~48 |   .1705017   .3475911     0.49   0.626     -.528377    .8693805
_IfemXpol~49 |  -.6262761   1.227307    -0.51   0.612    -3.093943    1.841391
       _cons |   2.985777   .8525917     3.50   0.001     1.271526    4.700028
------------------------------------------------------------------------------

 ( 1)  focs = 0

------------------------------------------------------------------------------
   top_pubs9 | Coefficient  Std. err.      t    P>|t|     [95% conf. interval]
-------------+----------------------------------------------------------------
         (1) |   .3075213   .2660755     1.16   0.253    -.2274594    .8425019
------------------------------------------------------------------------------

 ( 1)  focs + f_focs = 0

------------------------------------------------------------------------------
   top_pubs9 | Coefficient  Std. err.      t    P>|t|     [95% conf. interval]
-------------+----------------------------------------------------------------
         (1) |  -.4814989   .5540309    -0.87   0.389    -1.595453    .6324549
------------------------------------------------------------------------------

 ( 1)  gncs = 0

------------------------------------------------------------------------------
   top_pubs9 | Coefficient  Std. err.      t    P>|t|     [95% conf. interval]
-------------+----------------------------------------------------------------
         (1) |   .6632342   .2726893     2.43   0.019     .1149556    1.211513
------------------------------------------------------------------------------

 ( 1)  gncs + f_gncs = 0

------------------------------------------------------------------------------
   top_pubs9 | Coefficient  Std. err.      t    P>|t|     [95% conf. interval]
-------------+----------------------------------------------------------------
         (1) |  -.1578645   .4797792    -0.33   0.744    -1.122525    .8067964
------------------------------------------------------------------------------

 ( 1)  - f_focs = 0

------------------------------------------------------------------------------
   top_pubs9 | Coefficient  Std. err.      t    P>|t|     [95% conf. interval]
-------------+----------------------------------------------------------------
         (1) |   .7890202   .6036355     1.31   0.197    -.4246704    2.002711
------------------------------------------------------------------------------

 ( 1)  - f_gncs = 0

------------------------------------------------------------------------------
   top_pubs9 | Coefficient  Std. err.      t    P>|t|     [95% conf. interval]
-------------+----------------------------------------------------------------
         (1) |   .8210987   .5368904     1.53   0.133    -.2583918    1.900589
------------------------------------------------------------------------------

--- PUBS3 ---
i.pol_job_start   _Ipol_job_s_1-26    (naturally coded; _Ipol_job_s_1 omitted)
i.female          _Ifemale_0-1        (naturally coded; _Ifemale_0 omitted)
i.pol~t*i.fem~e   _IpolXfem_#_#       (coded as above)
i.pol_u           _Ipol_u_1-49        (naturally coded; _Ipol_u_1 omitted)
i.fem~e*i.pol_u   _IfemXpol_#_#       (coded as above)
note: faculty_miss omitted because of collinearity.
note: female_ratio_miss omitted because of collinearity.
note: full_ratio_miss omitted because of collinearity.
note: _Ifemale_1 omitted because of collinearity.

Linear regression                               Number of obs     =      1,392
                                                F(47, 48)         =          .
                                                Prob > F          =          .
                                                R-squared         =     0.1301
                                                Root MSE          =     1.8667

                                 (Std. err. adjusted for 49 clusters in pol_u)
------------------------------------------------------------------------------
             |               Robust
       PUBS3 | Coefficient  std. err.      t    P>|t|     [95% conf. interval]
-------------+----------------------------------------------------------------
        focs |   .4520044   .2838054     1.59   0.118    -.1186246    1.022633
      f_focs |  -.4338449   .6397697    -0.68   0.501    -1.720188    .8524983
        gncs |   .0751636   .3453742     0.22   0.829    -.6192578     .769585
      f_gncs |  -.7032073   .5309598    -1.32   0.192    -1.770773    .3643589
       focs0 |  -.8332585   .3173763    -2.63   0.012    -1.471386   -.1951306
     f_focs0 |   .4997232   .6919778     0.72   0.474    -.8915915    1.891038
       gncs0 |  -.1762246   .2533049    -0.70   0.490    -.6855284    .3330791
     f_gncs0 |   .8068908   .5779979     1.40   0.169    -.3552518    1.969033
    phd_rank |   .0636287   .0492272     1.29   0.202    -.0353491    .1626066
phd_rank_m~s |  -1.506871   .1658846    -9.08   0.000    -1.840404   -1.173338
    post_doc |   .3680288   .2390081     1.54   0.130    -.1125292    .8485867
 ug_students |   .0164837   .0310954     0.53   0.598    -.0460379    .0790052
grad_stude~s |  -.0205781   .0953083    -0.22   0.830    -.2122083    .1710522
     faculty |    .020409   .0233095     0.88   0.386    -.0264579    .0672759
full_av_sa~y |    .003593   .0123691     0.29   0.773    -.0212768    .0284627
assist_av_~y |  -.0083175   .0273878    -0.30   0.763    -.0633845    .0467494
     revenue |    .003043   .0097055     0.31   0.755    -.0164711    .0225571
female_ratio |  -2.704549   3.144425    -0.86   0.394    -9.026839    3.617741
  full_ratio |   .7187514   .9949788     0.72   0.474    -1.281788     2.71929
faculty_miss |          0  (omitted)
revenue_miss |   1.049491   .3760674     2.79   0.008     .2933569    1.805625
female_rat~s |          0  (omitted)
full_ratio~s |          0  (omitted)
_Ipol_job~_2 |  -.5840533   .8432751    -0.69   0.492    -2.279572    1.111465
_Ipol_job~_3 |  -.5760194   .7080199    -0.81   0.420    -1.999589    .8475501
_Ipol_job~_4 |  -.6562672   .6514156    -1.01   0.319    -1.966026    .6534917
_Ipol_job~_5 |  -.3904949   .6387288    -0.61   0.544    -1.674745    .8937555
_Ipol_job~_6 |  -.5628639   .8239288    -0.68   0.498    -2.219484    1.093756
_Ipol_job~_7 |  -1.110563    1.03581    -1.07   0.289    -3.193198    .9720725
_Ipol_job~_8 |  -.3591948   .5471941    -0.66   0.515    -1.459402    .7410126
_Ipol_job~_9 |  -.3733392   .4981931    -0.75   0.457    -1.375024    .6283452
_Ipol_job~10 |  -.9508074   1.046232    -0.91   0.368    -3.054399    1.152784
_Ipol_job~11 |  -.1099112   .6343447    -0.17   0.863    -1.385347    1.165524
_Ipol_job~12 |  -.8841456    .517148    -1.71   0.094    -1.923941    .1556502
_Ipol_job~13 |  -.3598809   .5928708    -0.61   0.547    -1.551928    .8321658
_Ipol_job~14 |  -.8425333   .6018394    -1.40   0.168    -2.052613     .367546
_Ipol_job~15 |  -.7977164   .4766368    -1.67   0.101    -1.756059    .1606262
_Ipol_job~16 |   -.404662   .7653708    -0.53   0.599    -1.943543    1.134219
_Ipol_job~17 |  -.9722667    .923601    -1.05   0.298    -2.829291    .8847576
_Ipol_job~18 |  -.8014369   .6297513    -1.27   0.209    -2.067637    .4647629
_Ipol_job~19 |  -.6140335     .46068    -1.33   0.189    -1.540293    .3122257
_Ipol_job~20 |  -.8204005   1.007972    -0.81   0.420    -2.847065    1.206264
_Ipol_job~21 |  -.8024707   .6359383    -1.26   0.213     -2.08111    .4761689
_Ipol_job~22 |  -.8369215   .6123974    -1.37   0.178    -2.068229    .3943861
_Ipol_job~23 |  -.8665649   .6824992    -1.27   0.210    -2.238821    .5056917
_Ipol_job~24 |   -.560733   .9209192    -0.61   0.545    -2.412365    1.290899
_Ipol_job~25 |  -.9512972   .8625074    -1.10   0.276    -2.685484    .7828901
_Ipol_job~26 |  -.0830297   1.252402    -0.07   0.947    -2.601152    2.435093
  _Ifemale_1 |  -.6642619    .895159    -0.74   0.462      -2.4641    1.135576
_IpolXf~_2_1 |   1.406918   1.216065     1.16   0.253    -1.038144     3.85198
_IpolXf~_3_1 |   .2860664   .8984214     0.32   0.752    -1.520331    2.092464
_IpolXf~_4_1 |   1.395623   1.029724     1.36   0.182    -.6747765    3.466022
_IpolXf~_5_1 |  -.9095986   .9140948    -1.00   0.325    -2.747509    .9283122
_IpolXf~_6_1 |   -.306859    .900016    -0.34   0.735    -2.116462    1.502744
_IpolXf~_7_1 |   .7679598   .9060419     0.85   0.401    -1.053759    2.589679
_IpolXf~_8_1 |  -.3611832   .6378593    -0.57   0.574    -1.643685    .9213188
_IpolXf~_9_1 |   -.002927   .9065471    -0.00   0.997    -1.825662    1.819808
_IpolXf~10_1 |   .6809776   .8984054     0.76   0.452    -1.125388    2.487343
_IpolXf~11_1 |    .377213   .8256611     0.46   0.650     -1.28289    2.037316
_IpolXf~12_1 |   .4064727   .7364014     0.55   0.584    -1.074162    1.887107
_IpolXf~13_1 |  -.8342477   .9013863    -0.93   0.359    -2.646606    .9781108
_IpolXf~14_1 |  -.0132976   1.038616    -0.01   0.990    -2.101575    2.074979
_IpolXf~15_1 |  -.0844059   1.401638    -0.06   0.952    -2.902587    2.733775
_IpolXf~16_1 |   .1677875   1.254926     0.13   0.894    -2.355411    2.690986
_IpolXf~17_1 |   1.061409   1.203486     0.88   0.382    -1.358362    3.481179
_IpolXf~18_1 |  -.1775193   .8556335    -0.21   0.837    -1.897886    1.542847
_IpolXf~19_1 |   .2582187   .9435113     0.27   0.786    -1.638838    2.155275
_IpolXf~20_1 |   .7809425   .8072185     0.97   0.338    -.8420791    2.403964
_IpolXf~21_1 |     .62281   .8429069     0.74   0.464    -1.071968    2.317588
_IpolXf~22_1 |  -.3828482   .7991341    -0.48   0.634    -1.989615    1.223919
_IpolXf~23_1 |   .0011248   .8136838     0.00   0.999    -1.634896    1.637146
_IpolXf~24_1 |   .5914357   .8630327     0.69   0.496    -1.143808    2.326679
_IpolXf~25_1 |   .3259224   .7934211     0.41   0.683    -1.269358    1.921202
_IpolXf~26_1 |  -.8292609   .7994545    -1.04   0.305    -2.436672    .7781502
  _Ifemale_1 |          0  (omitted)
   _Ipol_u_2 |   .5968855   .5809158     1.03   0.309    -.5711239    1.764895
   _Ipol_u_3 |   .1281362   .6503893     0.20   0.845    -1.179559    1.435832
   _Ipol_u_4 |   .7995712   .8407409     0.95   0.346    -.8908517    2.489994
   _Ipol_u_5 |  -.1074986   .7952789    -0.14   0.893    -1.706514    1.491517
   _Ipol_u_6 |   .4441318   .7487778     0.59   0.556    -1.061387    1.949651
   _Ipol_u_7 |   2.312037    .572384     4.04   0.000     1.161182    3.462892
   _Ipol_u_8 |   .3555854   .7188167     0.49   0.623    -1.089692    1.800863
   _Ipol_u_9 |   .1069907   1.130642     0.09   0.925    -2.166317    2.380299
  _Ipol_u_10 |  -.5179617   .9668192    -0.54   0.595    -2.461882    1.425959
  _Ipol_u_11 |   .9589411   .5185698     1.85   0.071    -.0837133    2.001596
  _Ipol_u_12 |   .8418227   .8926008     0.94   0.350    -.9528714    2.636517
  _Ipol_u_13 |   1.420821   .2194706     6.47   0.000     .9795459    1.862096
  _Ipol_u_14 |   .2736488   .6023934     0.45   0.652    -.9375442    1.484842
  _Ipol_u_15 |   .8643892   .4127979     2.09   0.042     .0344034    1.694375
  _Ipol_u_16 |  -.2456468   .9404216    -0.26   0.795    -2.136491    1.645198
  _Ipol_u_17 |   .6780775   .3753672     1.81   0.077    -.0766489    1.432804
  _Ipol_u_18 |  -.1787896    .883056    -0.20   0.840    -1.954293    1.596714
  _Ipol_u_19 |   .2941862   .8683438     0.34   0.736    -1.451736    2.040108
  _Ipol_u_20 |   .8214155   .8372153     0.98   0.331    -.8619186     2.50475
  _Ipol_u_21 |   1.377513   .3299626     4.17   0.000     .7140783    2.040947
  _Ipol_u_22 |   1.424579   1.039186     1.37   0.177    -.6648451    3.514003
  _Ipol_u_23 |   .9075533     .69966     1.30   0.201    -.4992074    2.314314
  _Ipol_u_24 |  -.1341962   1.293745    -0.10   0.918    -2.735445    2.467052
  _Ipol_u_25 |   .0749042   .5404385     0.14   0.890     -1.01172    1.161529
  _Ipol_u_26 |   .5483359   .8244549     0.67   0.509    -1.109342    2.206013
  _Ipol_u_27 |   .9406503   .3388885     2.78   0.008     .2592692    1.622031
  _Ipol_u_28 |   1.256876   .3014674     4.17   0.000     .6507349    1.863017
  _Ipol_u_29 |   .7977543   .3966057     2.01   0.050     .0003251    1.595183
  _Ipol_u_30 |  -.1887376   .8741385    -0.22   0.830    -1.946311    1.568836
  _Ipol_u_31 |     .44776   .6341506     0.71   0.484    -.8272853    1.722805
  _Ipol_u_32 |   .4240985    .292227     1.45   0.153    -.1634632     1.01166
  _Ipol_u_33 |   .8583959   .4294212     2.00   0.051    -.0050134    1.721805
  _Ipol_u_34 |    1.28843   .4182579     3.08   0.003     .4474661    2.129394
  _Ipol_u_35 |    .894074   .5487102     1.63   0.110    -.2091817     1.99733
  _Ipol_u_36 |   .9855202   .6056845     1.63   0.110    -.2322902    2.203331
  _Ipol_u_37 |   1.101206   .4074631     2.70   0.009     .2819463    1.920465
  _Ipol_u_38 |   1.073509   .5589887     1.92   0.061    -.0504128    2.197432
  _Ipol_u_39 |  -.7315088   .9314219    -0.79   0.436    -2.604258     1.14124
  _Ipol_u_40 |   .4549169   .6500176     0.70   0.487    -.8520311    1.761865
  _Ipol_u_41 |   .5767019   .4220997     1.37   0.178    -.2719865     1.42539
  _Ipol_u_42 |   1.569682   .4280275     3.67   0.001     .7090745    2.430289
  _Ipol_u_43 |  -.2171183   .8487321    -0.26   0.799    -1.923608    1.489372
  _Ipol_u_44 |   .9086844   .6235741     1.46   0.152    -.3450953    2.162464
  _Ipol_u_45 |   .6394053   .1919688     3.33   0.002     .2534262    1.025384
  _Ipol_u_46 |   1.190392   .5632391     2.11   0.040     .0579236     2.32286
  _Ipol_u_47 |   .7835339   .4318775     1.81   0.076     -.084814    1.651882
  _Ipol_u_48 |   .3714537   .6355766     0.58   0.562    -.9064586    1.649366
  _Ipol_u_49 |   1.057761   .4524575     2.34   0.024      .148034    1.967488
_IfemXpol~_2 |   .1691592   .6882397     0.25   0.807    -1.214639    1.552958
_IfemXpol~_3 |   .9080958   .4033322     2.25   0.029     .0971421    1.719049
_IfemXpol~_4 |   .0703436   .5600614     0.13   0.901    -1.055735    1.196423
_IfemXpol~_5 |   1.135629   .4943315     2.30   0.026     .1417084    2.129549
_IfemXpol~_6 |   .3121971   .5441806     0.57   0.569    -.7819513    1.406346
_IfemXpol~_7 |  -2.234028   .5685792    -3.93   0.000    -3.377233   -1.090823
_IfemXpol~_8 |  -.4282985   .5444793    -0.79   0.435    -1.523048    .6664506
_IfemXpol~_9 |  -.5642807   .6229325    -0.91   0.370     -1.81677     .688209
_IfemXpol~10 |   .2314869   .3878647     0.60   0.553    -.5483673    1.011341
_IfemXpol~11 |   1.394489   .7127045     1.96   0.056    -.0384993    2.827478
_IfemXpol~12 |  -.2626182   .4392337    -0.60   0.553    -1.145757    .6205204
_IfemXpol~13 |  -.5521023   .3376306    -1.64   0.109    -1.230954    .1267496
_IfemXpol~14 |   1.391891   .5196843     2.68   0.010     .3469961    2.436787
_IfemXpol~15 |   .5089352   .5439472     0.94   0.354    -.5847439    1.602614
_IfemXpol~16 |    .397118   .5246504     0.76   0.453    -.6577623    1.451998
_IfemXpol~17 |   .1025688   .7410472     0.14   0.890    -1.387407    1.592544
_IfemXpol~18 |   .3529427   .3896922     0.91   0.370    -.4305859    1.136471
_IfemXpol~19 |   .2324112   .5715652     0.41   0.686    -.9167976     1.38162
_IfemXpol~20 |   -1.70549   .6030788    -2.83   0.007    -2.918062   -.4929192
_IfemXpol~21 |   .0346487   .4513137     0.08   0.939    -.8727783    .9420757
_IfemXpol~22 |   .6018203    .396776     1.52   0.136    -.1959513    1.399592
_IfemXpol~23 |  -.2132958    .580071    -0.37   0.715    -1.379607    .9530152
_IfemXpol~24 |   .3201715    .694551     0.46   0.647    -1.076317     1.71666
_IfemXpol~25 |   1.143459   .4700357     2.43   0.019     .1983885    2.088529
_IfemXpol~26 |  -.8192716   .6213842    -1.32   0.194    -2.068648    .4301051
_IfemXpol~27 |  -.3075774    .438328    -0.70   0.486    -1.188895    .5737402
_IfemXpol~28 |  -1.329935    .264853    -5.02   0.000    -1.862458   -.7974124
_IfemXpol~29 |  -.0856956   .7458026    -0.11   0.909    -1.585232    1.413841
_IfemXpol~30 |   .3654079   .6312704     0.58   0.565    -.9038464    1.634662
_IfemXpol~31 |   .6976949   .4187664     1.67   0.102    -.1442913    1.539681
_IfemXpol~32 |  -.9743778   .5401215    -1.80   0.078    -2.060365    .1116094
_IfemXpol~33 |  -.0857294    .331021    -0.26   0.797    -.7512917    .5798329
_IfemXpol~34 |  -.3783049   .4148276    -0.91   0.366    -1.212372     .455762
_IfemXpol~35 |   .4644918   .4040673     1.15   0.256      -.34794    1.276924
_IfemXpol~36 |   .6751528   .6625109     1.02   0.313    -.6569146     2.00722
_IfemXpol~37 |   -.864313   .5823759    -1.48   0.144    -2.035258    .3066321
_IfemXpol~38 |  -.3970034   .4821711    -0.82   0.414    -1.366473    .5724664
_IfemXpol~39 |   1.005257   .4511913     2.23   0.031     .0980759    1.912438
_IfemXpol~40 |   .9301525   .5401704     1.72   0.092    -.1559329    2.016238
_IfemXpol~41 |   .4358061   .3592559     1.21   0.231    -.2865264    1.158139
_IfemXpol~42 |  -1.557327   .5710715    -2.73   0.009    -2.705544   -.4091112
_IfemXpol~43 |   1.206557   .5750944     2.10   0.041     .0502527    2.362862
_IfemXpol~44 |   .4338927   .4515418     0.96   0.341     -.473993    1.341778
_IfemXpol~45 |   1.158399    .525829     2.20   0.032     .1011486    2.215649
_IfemXpol~46 |   .8845425   .6298038     1.40   0.167     -.381763    2.150848
_IfemXpol~47 |  -.4086619     .61309    -0.67   0.508    -1.641362    .8240381
_IfemXpol~48 |   .8059552   .7532243     1.07   0.290    -.7085037    2.320414
_IfemXpol~49 |  -.5717154   .7796733    -0.73   0.467    -2.139354    .9959229
       _cons |   1.222018   .7669176     1.59   0.118    -.3199728    2.764009
------------------------------------------------------------------------------

 ( 1)  focs = 0

------------------------------------------------------------------------------
       PUBS3 | Coefficient  Std. err.      t    P>|t|     [95% conf. interval]
-------------+----------------------------------------------------------------
         (1) |   .4520044   .2838054     1.59   0.118    -.1186246    1.022633
------------------------------------------------------------------------------

 ( 1)  focs + f_focs = 0

------------------------------------------------------------------------------
       PUBS3 | Coefficient  Std. err.      t    P>|t|     [95% conf. interval]
-------------+----------------------------------------------------------------
         (1) |   .0181595   .5709397     0.03   0.975    -1.129792    1.166111
------------------------------------------------------------------------------

 ( 1)  gncs = 0

------------------------------------------------------------------------------
       PUBS3 | Coefficient  Std. err.      t    P>|t|     [95% conf. interval]
-------------+----------------------------------------------------------------
         (1) |   .0751636   .3453742     0.22   0.829    -.6192578     .769585
------------------------------------------------------------------------------

 ( 1)  gncs + f_gncs = 0

------------------------------------------------------------------------------
       PUBS3 | Coefficient  Std. err.      t    P>|t|     [95% conf. interval]
-------------+----------------------------------------------------------------
         (1) |  -.6280437   .4668183    -1.35   0.185    -1.566645    .3105574
------------------------------------------------------------------------------

 ( 1)  - f_focs = 0

------------------------------------------------------------------------------
       PUBS3 | Coefficient  Std. err.      t    P>|t|     [95% conf. interval]
-------------+----------------------------------------------------------------
         (1) |   .4338449   .6397697     0.68   0.501    -.8524983    1.720188
------------------------------------------------------------------------------

 ( 1)  - f_gncs = 0

------------------------------------------------------------------------------
       PUBS3 | Coefficient  Std. err.      t    P>|t|     [95% conf. interval]
-------------+----------------------------------------------------------------
         (1) |   .7032073   .5309598     1.32   0.192    -.3643589    1.770773
------------------------------------------------------------------------------

--- PUBS5 ---
i.pol_job_start   _Ipol_job_s_1-26    (naturally coded; _Ipol_job_s_1 omitted)
i.female          _Ifemale_0-1        (naturally coded; _Ifemale_0 omitted)
i.pol~t*i.fem~e   _IpolXfem_#_#       (coded as above)
i.pol_u           _Ipol_u_1-49        (naturally coded; _Ipol_u_1 omitted)
i.fem~e*i.pol_u   _IfemXpol_#_#       (coded as above)
note: faculty_miss omitted because of collinearity.
note: female_ratio_miss omitted because of collinearity.
note: full_ratio_miss omitted because of collinearity.
note: _Ifemale_1 omitted because of collinearity.

Linear regression                               Number of obs     =      1,392
                                                F(47, 48)         =          .
                                                Prob > F          =          .
                                                R-squared         =     0.1485
                                                Root MSE          =     2.8541

                                 (Std. err. adjusted for 49 clusters in pol_u)
------------------------------------------------------------------------------
             |               Robust
       PUBS5 | Coefficient  std. err.      t    P>|t|     [95% conf. interval]
-------------+----------------------------------------------------------------
        focs |   .9078923    .470091     1.93   0.059     -.037289    1.853074
      f_focs |  -1.178958   1.000013    -1.18   0.244    -3.189618    .8317015
        gncs |   .4639592   .4946913     0.94   0.353    -.5306843    1.458603
      f_gncs |  -1.419245   .8292094    -1.71   0.093    -3.086482    .2479922
       focs0 |  -.8659717   .5006941    -1.73   0.090    -1.872685    .1407413
     f_focs0 |   .7045773   1.119588     0.63   0.532    -1.546505    2.955659
       gncs0 |   .0592903   .4046765     0.15   0.884    -.7543664     .872947
     f_gncs0 |   1.174129    .813537     1.44   0.155    -.4615964    2.809855
    phd_rank |   .1343257   .0666368     2.02   0.049     .0003434     .268308
phd_rank_m~s |   -2.18403    .924631    -2.36   0.022    -4.043126    -.324935
    post_doc |   .3376042   .3325967     1.02   0.315    -.3311262    1.006335
 ug_students |   .0400952   .0347124     1.16   0.254    -.0296988    .1098893
grad_stude~s |    .042579   .1280807     0.33   0.741    -.2149445    .3001026
     faculty |   .0443344   .0322327     1.38   0.175    -.0204738    .1091426
full_av_sa~y |  -.0077395   .0209702    -0.37   0.714    -.0499029     .034424
assist_av_~y |   .0026263   .0393533     0.07   0.947    -.0764988    .0817514
     revenue |   .0013947   .0128288     0.11   0.914    -.0243993    .0271886
female_ratio |  -1.320356   4.677159    -0.28   0.779    -10.72442    8.083703
  full_ratio |   1.463619   1.494009     0.98   0.332    -1.540288    4.467526
faculty_miss |          0  (omitted)
revenue_miss |  -.9130404   .5572607    -1.64   0.108    -2.033488    .2074073
female_rat~s |          0  (omitted)
full_ratio~s |          0  (omitted)
_Ipol_job~_2 |  -1.269506   1.051536    -1.21   0.233    -3.383761    .8447496
_Ipol_job~_3 |  -1.076666   .9579026    -1.12   0.267    -3.002658     .849326
_Ipol_job~_4 |  -.8339486   .8052601    -1.04   0.306    -2.453033    .7851354
_Ipol_job~_5 |  -.0812875   .8408442    -0.10   0.923    -1.771918    1.609343
_Ipol_job~_6 |  -.7520952   1.050762    -0.72   0.478    -2.864794    1.360603
_Ipol_job~_7 |  -1.773947   1.217863    -1.46   0.152    -4.222625    .6747314
_Ipol_job~_8 |   .3308722   .8157866     0.41   0.687    -1.309377    1.971121
_Ipol_job~_9 |   .3536978    .810503     0.44   0.665    -1.275928    1.983323
_Ipol_job~10 |  -1.896807   1.253183    -1.51   0.137    -4.416501    .6228869
_Ipol_job~11 |   .3219539   .9176403     0.35   0.727    -1.523086    2.166993
_Ipol_job~12 |  -.5479623   .8857518    -0.62   0.539    -2.328886    1.232961
_Ipol_job~13 |  -.0828016   .9488852    -0.09   0.931    -1.990663     1.82506
_Ipol_job~14 |  -.7707226   .8515414    -0.91   0.370    -2.482861    .9414161
_Ipol_job~15 |  -.5796211   .7517731    -0.77   0.444    -2.091162      .93192
_Ipol_job~16 |  -.8464876   .9743535    -0.87   0.389    -2.805557    1.112581
_Ipol_job~17 |  -1.831207   1.012725    -1.81   0.077    -3.867428    .2050128
_Ipol_job~18 |  -.5092558   .9237199    -0.55   0.584    -2.366519    1.348008
_Ipol_job~19 |  -.5700457   .8089784    -0.70   0.484    -2.196606    1.056514
_Ipol_job~20 |  -1.625031   1.157106    -1.40   0.167    -3.951548    .7014855
_Ipol_job~21 |   -.354729   1.023755    -0.35   0.730    -2.413127    1.703669
_Ipol_job~22 |  -1.186022   .8364104    -1.42   0.163    -2.867738     .495694
_Ipol_job~23 |  -1.478555   .8359427    -1.77   0.083     -3.15933    .2022208
_Ipol_job~24 |  -1.321894    1.07812    -1.23   0.226    -3.489599    .8458111
_Ipol_job~25 |  -1.631955   1.170067    -1.39   0.170    -3.984532    .7206223
_Ipol_job~26 |   -.876661   1.554728    -0.56   0.575    -4.002652     2.24933
  _Ifemale_1 |  -.6125804   1.259806    -0.49   0.629     -3.14559     1.92043
_IpolXf~_2_1 |   2.440923   1.618571     1.51   0.138    -.8134319    5.695278
_IpolXf~_3_1 |   .9996663   1.168487     0.86   0.397    -1.349735    3.349068
_IpolXf~_4_1 |   1.507847   1.150307     1.31   0.196    -.8049998    3.820694
_IpolXf~_5_1 |  -1.267865   1.134256    -1.12   0.269     -3.54844     1.01271
_IpolXf~_6_1 |  -.6511668   1.217732    -0.53   0.595    -3.099581    1.797248
_IpolXf~_7_1 |   1.318899   1.168979     1.13   0.265     -1.03149    3.669289
_IpolXf~_8_1 |  -.9983139   1.280278    -0.78   0.439    -3.572485    1.575857
_IpolXf~_9_1 |  -.6346685    1.24545    -0.51   0.613    -3.138813    1.869476
_IpolXf~10_1 |   1.629119   1.356861     1.20   0.236    -1.099032     4.35727
_IpolXf~11_1 |   .5270627   1.096454     0.48   0.633    -1.677505     2.73163
_IpolXf~12_1 |   .1584383   1.083168     0.15   0.884    -2.019416    2.336293
_IpolXf~13_1 |  -1.208815   1.380495    -0.88   0.386    -3.984486    1.566855
_IpolXf~14_1 |   .4025054   1.335783     0.30   0.764    -2.283267    3.088278
_IpolXf~15_1 |    -1.3543   1.959804    -0.69   0.493    -5.294751    2.586151
_IpolXf~16_1 |   .7874926   1.580606     0.50   0.621    -2.390529    3.965514
_IpolXf~17_1 |    2.17028   1.612395     1.35   0.185    -1.071658    5.412217
_IpolXf~18_1 |  -.8061893   1.186069    -0.68   0.500    -3.190941    1.578562
_IpolXf~19_1 |   .8891328   1.415857     0.63   0.533    -1.957639    3.735905
_IpolXf~20_1 |   1.820336   1.170309     1.56   0.126    -.5327294      4.1734
_IpolXf~21_1 |  -.2702129   1.337427    -0.20   0.841    -2.959289    2.418864
_IpolXf~22_1 |   -.019933   1.113122    -0.02   0.986    -2.258014    2.218148
_IpolXf~23_1 |   1.347241   .9837018     1.37   0.177    -.6306242    3.325106
_IpolXf~24_1 |    1.52716   1.357589     1.12   0.266    -1.202455    4.256776
_IpolXf~25_1 |   1.010565   1.065187     0.95   0.348    -1.131137    3.152267
_IpolXf~26_1 |  -.0737634   1.023284    -0.07   0.943    -2.131214    1.983687
  _Ifemale_1 |          0  (omitted)
   _Ipol_u_2 |  -.1749396   .7508149    -0.23   0.817    -1.684554    1.334675
   _Ipol_u_3 |  -.7389356   .8554975    -0.86   0.392    -2.459029    .9811574
   _Ipol_u_4 |   .8450668   1.045296     0.81   0.423    -1.256641    2.946775
   _Ipol_u_5 |  -1.573711   1.004056    -1.57   0.124      -3.5925    .4450777
   _Ipol_u_6 |  -.4783424   .9435469    -0.51   0.615    -2.375471    1.418786
   _Ipol_u_7 |   3.064082   .6823759     4.49   0.000     1.692074    4.436091
   _Ipol_u_8 |  -.7152763   .9446015    -0.76   0.453    -2.614525    1.183972
   _Ipol_u_9 |  -1.409599   1.337225    -1.05   0.297     -4.09827    1.279071
  _Ipol_u_10 |  -1.531145   1.178201    -1.30   0.200    -3.900076     .837786
  _Ipol_u_11 |   .6742819   .7156904     0.94   0.351    -.7647101    2.113274
  _Ipol_u_12 |  -.4560303   1.297673    -0.35   0.727    -3.065177    2.153116
  _Ipol_u_13 |   1.952814   .3269051     5.97   0.000     1.295527    2.610101
  _Ipol_u_14 |   .5108874    .741638     0.69   0.494    -.9802757    2.002051
  _Ipol_u_15 |   2.033567   .5740017     3.54   0.001     .8794591    3.187675
  _Ipol_u_16 |  -1.134015   1.054746    -1.08   0.288    -3.254725    .9866947
  _Ipol_u_17 |   1.294703   .5376425     2.41   0.020     .2137008    2.375706
  _Ipol_u_18 |  -1.072734   1.013056    -1.06   0.295    -3.109619    .9641509
  _Ipol_u_19 |  -1.289783   1.082704    -1.19   0.239    -3.466704    .8871388
  _Ipol_u_20 |   .3845648   .9917694     0.39   0.700    -1.609521    2.378651
  _Ipol_u_21 |   1.386618   .4173471     3.32   0.002     .5474855    2.225751
  _Ipol_u_22 |   .4910849   1.288033     0.38   0.705    -2.098679    3.080848
  _Ipol_u_23 |  -.0207937   .9253816    -0.02   0.982    -1.881398    1.839811
  _Ipol_u_24 |  -2.317377   1.560892    -1.48   0.144    -5.455761    .8210079
  _Ipol_u_25 |  -.5780339   .7517974    -0.77   0.446    -2.089624    .9335561
  _Ipol_u_26 |  -.8625926   1.044836    -0.83   0.413    -2.963377    1.238192
  _Ipol_u_27 |   .6942363   .4393651     1.58   0.121    -.1891665    1.577639
  _Ipol_u_28 |   1.664016   .3503064     4.75   0.000     .9596778    2.368354
  _Ipol_u_29 |   .5257321    .512039     1.03   0.310    -.5037914    1.555256
  _Ipol_u_30 |  -1.314489   .9814417    -1.34   0.187    -3.287809     .658832
  _Ipol_u_31 |   .6316135   .8583436     0.74   0.465    -1.094202    2.357429
  _Ipol_u_32 |   .2635001   .3806626     0.69   0.492    -.5018734    1.028874
  _Ipol_u_33 |   .4922507   .6408649     0.77   0.446    -.7962945    1.780796
  _Ipol_u_34 |   1.673024   .5359482     3.12   0.003     .5954283     2.75062
  _Ipol_u_35 |    2.03451   .7687407     2.65   0.011     .4888529    3.580167
  _Ipol_u_36 |   .7848238   .8511089     0.92   0.361    -.9264454    2.496093
  _Ipol_u_37 |   1.939058   .5829006     3.33   0.002     .7670576    3.111058
  _Ipol_u_38 |   1.779515   .6742959     2.64   0.011     .4237519    3.135278
  _Ipol_u_39 |  -1.886362   1.195466    -1.58   0.121    -4.290008    .5172835
  _Ipol_u_40 |  -.1481033   .7559454    -0.20   0.846    -1.668033    1.371827
  _Ipol_u_41 |   1.401128   .6009579     2.33   0.024      .192821    2.609435
  _Ipol_u_42 |   1.826688   .5657731     3.23   0.002     .6891254    2.964251
  _Ipol_u_43 |  -1.263512   1.010277    -1.25   0.217     -3.29481    .7677859
  _Ipol_u_44 |   .2275085    .761356     0.30   0.766      -1.3033    1.758317
  _Ipol_u_45 |   .9097432   .3184038     2.86   0.006     .2695494    1.549937
  _Ipol_u_46 |   .8552716   .7768742     1.10   0.276    -.7067387    2.417282
  _Ipol_u_47 |   1.517372   .5935845     2.56   0.014     .3238906    2.710854
  _Ipol_u_48 |   .4974238   .7640742     0.65   0.518     -1.03885    2.033698
  _Ipol_u_49 |   .6368291   .7239879     0.88   0.383    -.8188462    2.092504
_IfemXpol~_2 |    .106532   .9678742     0.11   0.913    -1.839509    2.052574
_IfemXpol~_3 |   .7503459   .5432422     1.38   0.174    -.3419157    1.842607
_IfemXpol~_4 |   -.999914   .7728282    -1.29   0.202    -2.553789    .5539613
_IfemXpol~_5 |   1.164743   .6546201     1.78   0.082    -.1514585    2.480945
_IfemXpol~_6 |   .9496234   .7611287     1.25   0.218    -.5807285    2.479975
_IfemXpol~_7 |   -2.99486   .8277435    -3.62   0.001     -4.65915   -1.330571
_IfemXpol~_8 |  -1.641252   .7169073    -2.29   0.026    -3.082691   -.1998135
_IfemXpol~_9 |  -1.482336   .7029145    -2.11   0.040    -2.895641   -.0690318
_IfemXpol~10 |  -.5668638   .4784053    -1.18   0.242    -1.528762    .3950346
_IfemXpol~11 |   1.499047   .9928816     1.51   0.138    -.4972754    3.495369
_IfemXpol~12 |  -1.209356   .6169026    -1.96   0.056    -2.449722      .03101
_IfemXpol~13 |  -1.169494   .5309512    -2.20   0.032    -2.237043   -.1019452
_IfemXpol~14 |   .6979789    .677219     1.03   0.308    -.6636612    2.059619
_IfemXpol~15 |  -1.338287   .8243782    -1.62   0.111     -2.99581    .3192368
_IfemXpol~16 |  -.2148437      .7197    -0.30   0.767    -1.661897     1.23221
_IfemXpol~17 |  -.5901899   1.028864    -0.57   0.569     -2.65886     1.47848
_IfemXpol~18 |  -.7534874   .5258432    -1.43   0.158    -1.810766    .3037912
_IfemXpol~19 |   1.509712   .8003634     1.89   0.065    -.0995265     3.11895
_IfemXpol~20 |  -4.390344   .8081188    -5.43   0.000    -6.015176   -2.765513
_IfemXpol~21 |  -.7007056   .6712463    -1.04   0.302    -2.050337    .6489255
_IfemXpol~22 |  -.4266923   .4871732    -0.88   0.385     -1.40622    .5528351
_IfemXpol~23 |  -1.218329   .8501597    -1.43   0.158     -2.92769    .4910315
_IfemXpol~24 |  -.3389082   .8843822    -0.38   0.703    -2.117078    1.439261
_IfemXpol~25 |   .8922997   .6486761     1.38   0.175    -.4119511    2.196551
_IfemXpol~26 |  -.8842653   .8160121    -1.08   0.284    -2.524968     .756437
_IfemXpol~27 |  -.3625062   .6268634    -0.58   0.566      -1.6229    .8978872
_IfemXpol~28 |   -1.98115   .3712167    -5.34   0.000    -2.727532   -1.234769
_IfemXpol~29 |   .2031035   1.035729     0.20   0.845     -1.87937    2.285577
_IfemXpol~30 |   1.614328   .9629287     1.68   0.100    -.3217695    3.550426
_IfemXpol~31 |   .1763896   .5356761     0.33   0.743    -.9006595    1.253439
_IfemXpol~32 |  -.6519581   .6728444    -0.97   0.337    -2.004802    .7008863
_IfemXpol~33 |  -1.107832   .3824094    -2.90   0.006    -1.876717    -.338946
_IfemXpol~34 |  -1.864336   .5658245    -3.29   0.002    -3.002003   -.7266698
_IfemXpol~35 |  -.9158731   .5513372    -1.66   0.103    -2.024411    .1926646
_IfemXpol~36 |   .2149928   .8739699     0.25   0.807    -1.542241    1.972227
_IfemXpol~37 |  -2.842565   .7626837    -3.73   0.001    -4.376043   -1.309086
_IfemXpol~38 |  -1.856611   .5879676    -3.16   0.003    -3.038799   -.6744229
_IfemXpol~39 |  -.5770127   .7328763    -0.79   0.435    -2.050559    .8965338
_IfemXpol~40 |   .1972516   .6832092     0.29   0.774    -1.176433    1.570936
_IfemXpol~41 |  -.3341588   .5231357    -0.64   0.526    -1.385994     .717676
_IfemXpol~42 |  -2.048598   .7127473    -2.87   0.006    -3.481672   -.6155233
_IfemXpol~43 |  -.1065685   .8306905    -0.13   0.898    -1.776784    1.563647
_IfemXpol~44 |  -.5500848    .544167    -1.01   0.317    -1.644206    .5440362
_IfemXpol~45 |   1.392952   .6647209     2.10   0.041     .0564407    2.729463
_IfemXpol~46 |   .8487581   .8892478     0.95   0.345    -.9391943    2.636711
_IfemXpol~47 |  -1.950939   .8353248    -2.34   0.024    -3.630472   -.2714063
_IfemXpol~48 |   .3472888   1.105214     0.31   0.755    -1.874892    2.569469
_IfemXpol~49 |  -.4149067    .889848    -0.47   0.643    -2.204066    1.374253
       _cons |   1.685535   1.124116     1.50   0.140    -.5746514    3.945722
------------------------------------------------------------------------------

 ( 1)  focs = 0

------------------------------------------------------------------------------
       PUBS5 | Coefficient  Std. err.      t    P>|t|     [95% conf. interval]
-------------+----------------------------------------------------------------
         (1) |   .9078923    .470091     1.93   0.059     -.037289    1.853074
------------------------------------------------------------------------------

 ( 1)  focs + f_focs = 0

------------------------------------------------------------------------------
       PUBS5 | Coefficient  Std. err.      t    P>|t|     [95% conf. interval]
-------------+----------------------------------------------------------------
         (1) |  -.2710661   .8225766    -0.33   0.743    -1.924967    1.382835
------------------------------------------------------------------------------

 ( 1)  gncs = 0

------------------------------------------------------------------------------
       PUBS5 | Coefficient  Std. err.      t    P>|t|     [95% conf. interval]
-------------+----------------------------------------------------------------
         (1) |   .4639592   .4946913     0.94   0.353    -.5306843    1.458603
------------------------------------------------------------------------------

 ( 1)  gncs + f_gncs = 0

------------------------------------------------------------------------------
       PUBS5 | Coefficient  Std. err.      t    P>|t|     [95% conf. interval]
-------------+----------------------------------------------------------------
         (1) |  -.9552858   .6819622    -1.40   0.168    -2.326463     .415891
------------------------------------------------------------------------------

 ( 1)  - f_focs = 0

------------------------------------------------------------------------------
       PUBS5 | Coefficient  Std. err.      t    P>|t|     [95% conf. interval]
-------------+----------------------------------------------------------------
         (1) |   1.178958   1.000013     1.18   0.244    -.8317015    3.189618
------------------------------------------------------------------------------

 ( 1)  - f_gncs = 0

------------------------------------------------------------------------------
       PUBS5 | Coefficient  Std. err.      t    P>|t|     [95% conf. interval]
-------------+----------------------------------------------------------------
         (1) |   1.419245   .8292094     1.71   0.093    -.2479922    3.086482
------------------------------------------------------------------------------

--- PUBS7 ---
i.pol_job_start   _Ipol_job_s_1-26    (naturally coded; _Ipol_job_s_1 omitted)
i.female          _Ifemale_0-1        (naturally coded; _Ifemale_0 omitted)
i.pol~t*i.fem~e   _IpolXfem_#_#       (coded as above)
i.pol_u           _Ipol_u_1-49        (naturally coded; _Ipol_u_1 omitted)
i.fem~e*i.pol_u   _IfemXpol_#_#       (coded as above)
note: faculty_miss omitted because of collinearity.
note: female_ratio_miss omitted because of collinearity.
note: full_ratio_miss omitted because of collinearity.
note: _Ifemale_1 omitted because of collinearity.

Linear regression                               Number of obs     =      1,392
                                                F(47, 48)         =          .
                                                Prob > F          =          .
                                                R-squared         =     0.1530
                                                Root MSE          =     3.9905

                                 (Std. err. adjusted for 49 clusters in pol_u)
------------------------------------------------------------------------------
             |               Robust
       PUBS7 | Coefficient  std. err.      t    P>|t|     [95% conf. interval]
-------------+----------------------------------------------------------------
        focs |    .694498   .6971617     1.00   0.324    -.7072394    2.096236
      f_focs |  -1.569935   1.074106    -1.46   0.150     -3.72957    .5897004
        gncs |     .05726   .6967515     0.08   0.935    -1.343653    1.458173
      f_gncs |  -.8358716   1.162081    -0.72   0.475    -3.172392    1.500648
       focs0 |  -.7494162   .7564395    -0.99   0.327     -2.27034    .7715074
     f_focs0 |   1.123129   1.167139     0.96   0.341    -1.223562     3.46982
       gncs0 |    .060994   .5299802     0.12   0.909    -1.004603    1.126591
     f_gncs0 |   1.340746   1.059754     1.27   0.212    -.7900331    3.471525
    phd_rank |   .2119494   .0896757     2.36   0.022     .0316443    .3922544
phd_rank_m~s |  -2.440693   .7008714    -3.48   0.001     -3.84989   -1.031497
    post_doc |   .3946279   .5398471     0.73   0.468    -.6908075    1.480063
 ug_students |   .0353807   .0570716     0.62   0.538    -.0793694    .1501308
grad_stude~s |  -.0977212   .2232483    -0.44   0.664    -.5465921    .3511497
     faculty |   .0998366   .0453668     2.20   0.033     .0086206    .1910526
full_av_sa~y |  -.0333673   .0303351    -1.10   0.277    -.0943601    .0276256
assist_av_~y |   .0156226   .0549184     0.28   0.777    -.0947982    .1260434
     revenue |    .001617   .0167831     0.10   0.924    -.0321276    .0353617
female_ratio |  -.7908623   7.290059    -0.11   0.914    -15.44851    13.86678
  full_ratio |   2.479008   2.243175     1.11   0.275    -2.031197    6.989213
faculty_miss |          0  (omitted)
revenue_miss |  -1.230944   .7780521    -1.58   0.120    -2.795323    .3334346
female_rat~s |          0  (omitted)
full_ratio~s |          0  (omitted)
_Ipol_job~_2 |  -.2477693   1.379794    -0.18   0.858    -3.022032    2.526493
_Ipol_job~_3 |  -.6478342   1.199774    -0.54   0.592    -3.060142    1.764473
_Ipol_job~_4 |    .558168    1.25989     0.44   0.660     -1.97501    3.091346
_Ipol_job~_5 |  -.1627059   .9193487    -0.18   0.860     -2.01118    1.685768
_Ipol_job~_6 |  -.2459095   1.402796    -0.18   0.862     -3.06642    2.574601
_Ipol_job~_7 |  -.8394555   1.795499    -0.47   0.642    -4.449547    2.770636
_Ipol_job~_8 |   1.053866   1.022206     1.03   0.308    -1.001416    3.109148
_Ipol_job~_9 |   1.180237   1.124298     1.05   0.299    -1.080315    3.440789
_Ipol_job~10 |  -.2011463    1.77413    -0.11   0.910    -3.768273     3.36598
_Ipol_job~11 |   1.467784   1.249867     1.17   0.246    -1.045242     3.98081
_Ipol_job~12 |  -.2058545    .983619    -0.21   0.835    -2.183553    1.771844
_Ipol_job~13 |    .062444   1.166727     0.05   0.958    -2.283418    2.408306
_Ipol_job~14 |  -.0455586   1.063423    -0.04   0.966    -2.183713    2.092596
_Ipol_job~15 |  -.4592284    .978819    -0.47   0.641    -2.427276    1.508819
_Ipol_job~16 |   .5280997   1.242622     0.42   0.673     -1.97036    3.026559
_Ipol_job~17 |  -.9664613   1.612224    -0.60   0.552    -4.208056    2.275133
_Ipol_job~18 |   .2763526   1.126431     0.25   0.807    -1.988489    2.541194
_Ipol_job~19 |  -.6181431    .977999    -0.63   0.530    -2.584542    1.348256
_Ipol_job~20 |  -.2840518   1.804277    -0.16   0.876    -3.911794    3.343691
_Ipol_job~21 |   .9469862   1.409455     0.67   0.505    -1.886914    3.780886
_Ipol_job~22 |  -.2899289   1.093036    -0.27   0.792    -2.487624    1.907767
_Ipol_job~23 |  -.6296636   1.091623    -0.58   0.567    -2.824519    1.565192
_Ipol_job~24 |  -.4954629   1.482602    -0.33   0.740    -3.476435    2.485509
_Ipol_job~25 |  -1.259535    1.70631    -0.74   0.464    -4.690302    2.171232
_Ipol_job~26 |   .8866706   2.371455     0.37   0.710    -3.881459    5.654801
  _Ifemale_1 |  -.4427992    2.07499    -0.21   0.832    -4.614846    3.729248
_IpolXf~_2_1 |   2.806775   2.269659     1.24   0.222     -1.75668    7.370231
_IpolXf~_3_1 |   2.219302   1.903347     1.17   0.249    -1.607634    6.046238
_IpolXf~_4_1 |   1.323779   2.002914     0.66   0.512    -2.703349    5.350908
_IpolXf~_5_1 |  -.8919391   1.865096    -0.48   0.635    -4.641966    2.858088
_IpolXf~_6_1 |  -.0060518   1.939023    -0.00   0.998    -3.904719    3.892615
_IpolXf~_7_1 |    1.50033   2.200407     0.68   0.499    -2.923885    5.924546
_IpolXf~_8_1 |    -1.0579   2.205794    -0.48   0.634    -5.492947    3.377147
_IpolXf~_9_1 |  -.9490486   2.148653    -0.44   0.661    -5.269204    3.371107
_IpolXf~10_1 |   1.526044   1.996066     0.76   0.448    -2.487315    5.539403
_IpolXf~11_1 |   .1795742   2.386442     0.08   0.940     -4.61869    4.977838
_IpolXf~12_1 |  -.4162128   1.592085    -0.26   0.795    -3.617315    2.784889
_IpolXf~13_1 |  -1.157019   2.242663    -0.52   0.608    -5.666196    3.352157
_IpolXf~14_1 |   1.399648   2.276621     0.61   0.542    -3.177805    5.977101
_IpolXf~15_1 |   -2.64801   2.472746    -1.07   0.290      -7.6198     2.32378
_IpolXf~16_1 |   .4690804   2.330411     0.20   0.841    -4.216526    5.154687
_IpolXf~17_1 |   3.139109   2.715586     1.16   0.253    -2.320943     8.59916
_IpolXf~18_1 |   .6646041   1.944623     0.34   0.734    -3.245323    4.574531
_IpolXf~19_1 |   2.303183   2.028823     1.14   0.262    -1.776039    6.382405
_IpolXf~20_1 |   2.439891   2.104372     1.16   0.252    -1.791233    6.671015
_IpolXf~21_1 |   .0488701   2.244339     0.02   0.983    -4.463676    4.561416
_IpolXf~22_1 |   .3948761   1.974417     0.20   0.842    -3.574955    4.364707
_IpolXf~23_1 |   1.415091   1.878642     0.75   0.455    -2.362171    5.192353
_IpolXf~24_1 |   2.238723   2.172852     1.03   0.308    -2.130088    6.607534
_IpolXf~25_1 |   1.959755   2.130362     0.92   0.362    -2.323626    6.243135
_IpolXf~26_1 |  -.1393424   2.089478    -0.07   0.947    -4.340519    4.061835
  _Ifemale_1 |          0  (omitted)
   _Ipol_u_2 |  -.4372343    1.18335    -0.37   0.713    -2.816518     1.94205
   _Ipol_u_3 |  -.1918234   1.292635    -0.15   0.883    -2.790841    2.407194
   _Ipol_u_4 |   1.354606   1.614529     0.84   0.406    -1.891622    4.600833
   _Ipol_u_5 |  -1.853067   1.549806    -1.20   0.238     -4.96916    1.263027
   _Ipol_u_6 |   -.892568   1.491774    -0.60   0.552    -3.891981    2.106845
   _Ipol_u_7 |   4.759502   1.246638     3.82   0.000     2.252968    7.266036
   _Ipol_u_8 |  -1.279427   1.424535    -0.90   0.374    -4.143647    1.584793
   _Ipol_u_9 |  -1.218049   2.044832    -0.60   0.554    -5.329459     2.89336
  _Ipol_u_10 |   -2.27734   1.902861    -1.20   0.237    -6.103299    1.548618
  _Ipol_u_11 |   .9274232    1.06773     0.87   0.389    -1.219392    3.074238
  _Ipol_u_12 |   .7094686   1.985601     0.36   0.722     -3.28285    4.701787
  _Ipol_u_13 |   3.358924   .4842487     6.94   0.000     2.385277    4.332572
  _Ipol_u_14 |   .4325354    1.31228     0.33   0.743    -2.205981    3.071052
  _Ipol_u_15 |   1.401035    1.15684     1.21   0.232     -.924948    3.727018
  _Ipol_u_16 |   -1.03183   1.733507    -0.60   0.554    -4.517278    2.453619
  _Ipol_u_17 |   1.108221   .8886788     1.25   0.218    -.6785872     2.89503
  _Ipol_u_18 |  -.4264284   1.701837    -0.25   0.803    -3.848202    2.995345
  _Ipol_u_19 |  -1.376978   1.660172    -0.83   0.411    -4.714978    1.961021
  _Ipol_u_20 |   1.257045    1.48352     0.85   0.401    -1.725772    4.239862
  _Ipol_u_21 |   2.346757   .6746231     3.48   0.001     .9903368    3.703178
  _Ipol_u_22 |   .8287878   1.973148     0.42   0.676    -3.138492    4.796068
  _Ipol_u_23 |   .6928741   1.335288     0.52   0.606    -1.991903    3.377651
  _Ipol_u_24 |  -2.652686   2.407112    -1.10   0.276     -7.49251    2.187138
  _Ipol_u_25 |  -1.151242   1.160645    -0.99   0.326    -3.484874    1.182391
  _Ipol_u_26 |  -.5972001   1.574559    -0.38   0.706    -3.763063    2.568663
  _Ipol_u_27 |   1.609674   .6592382     2.44   0.018     .2841868    2.935161
  _Ipol_u_28 |   1.795908   .7179145     2.50   0.016     .3524442    3.239372
  _Ipol_u_29 |   1.766554   .8227338     2.15   0.037     .1123368    3.420771
  _Ipol_u_30 |  -1.530402   1.643451    -0.93   0.356    -4.834783    1.773978
  _Ipol_u_31 |   1.398753    1.18799     1.18   0.245    -.9898607    3.787367
  _Ipol_u_32 |   .5433918   .6816981     0.80   0.429    -.8272541    1.914038
  _Ipol_u_33 |   1.085265   .9253604     1.17   0.247     -.775297    2.945826
  _Ipol_u_34 |   3.245945   .8709389     3.73   0.001     1.494805    4.997085
  _Ipol_u_35 |   2.872249   1.341395     2.14   0.037     .1751941    5.569305
  _Ipol_u_36 |   1.356117   1.251263     1.08   0.284    -1.159716     3.87195
  _Ipol_u_37 |   2.707862    .861538     3.14   0.003     .9756239      4.4401
  _Ipol_u_38 |   2.292737   1.268677     1.81   0.077    -.2581089    4.843582
  _Ipol_u_39 |  -.2283451   1.769782    -0.13   0.898     -3.78673     3.33004
  _Ipol_u_40 |  -.0997391   1.300295    -0.08   0.939    -2.714157    2.514679
  _Ipol_u_41 |   1.086336   .9365175     1.16   0.252    -.7966584    2.969331
  _Ipol_u_42 |   1.462133   .9643881     1.52   0.136    -.4768988    3.401165
  _Ipol_u_43 |  -1.870729   1.696605    -1.10   0.276    -5.281982    1.540524
  _Ipol_u_44 |   .6726706   1.215629     0.55   0.583    -1.771515    3.116856
  _Ipol_u_45 |   1.393353   .5313691     2.62   0.012     .3249634    2.461742
  _Ipol_u_46 |   1.326811   1.197421     1.11   0.273    -1.080766    3.734387
  _Ipol_u_47 |   1.944625   1.009646     1.93   0.060    -.0854037    3.974653
  _Ipol_u_48 |   .1805521   1.425491     0.13   0.900     -2.68559    3.046694
  _Ipol_u_49 |   1.717602   1.053796     1.63   0.110    -.4011967      3.8364
_IfemXpol~_2 |  -1.776315   1.342402    -1.32   0.192    -4.475394     .922765
_IfemXpol~_3 |      .3908   .6542995     0.60   0.553    -.9247574    1.706357
_IfemXpol~_4 |  -1.416492   1.048256    -1.35   0.183    -3.524151    .6911667
_IfemXpol~_5 |   .1835015   .7861703     0.23   0.816      -1.3972    1.764203
_IfemXpol~_6 |   .7112816   1.009049     0.70   0.484    -1.317547     2.74011
_IfemXpol~_7 |   -6.26307   .9898211    -6.33   0.000    -8.253238   -4.272901
_IfemXpol~_8 |  -3.142709   1.002757    -3.13   0.003    -5.158887   -1.126531
_IfemXpol~_9 |  -2.199225   .9321132    -2.36   0.022    -4.073364   -.3250856
_IfemXpol~10 |  -1.303451   .6250464    -2.09   0.042    -2.560191   -.0467105
_IfemXpol~11 |   3.091388   1.521984     2.03   0.048     .0312353    6.151542
_IfemXpol~12 |   -2.16962   .7108081    -3.05   0.004    -3.598795   -.7404444
_IfemXpol~13 |  -3.020759    .667034    -4.53   0.000    -4.361921   -1.679598
_IfemXpol~14 |   .8092771   .9020782     0.90   0.374    -1.004473    2.623027
_IfemXpol~15 |  -2.566593   1.026057    -2.50   0.016    -4.629619   -.5035673
_IfemXpol~16 |  -1.329049    .959799    -1.38   0.173    -3.258854    .6007561
_IfemXpol~17 |   .5321446   1.285896     0.41   0.681    -2.053323    3.117612
_IfemXpol~18 |  -2.402436   .6443398    -3.73   0.001    -3.697968   -1.106904
_IfemXpol~19 |   .1205941   .9507836     0.13   0.900    -1.791084    2.032273
_IfemXpol~20 |  -7.439846    1.18288    -6.29   0.000    -9.818186   -5.061507
_IfemXpol~21 |  -.6425193   .9523217    -0.67   0.503     -2.55729    1.272252
_IfemXpol~22 |   .1987677   .6340892     0.31   0.755    -1.076154    1.473689
_IfemXpol~23 |  -3.741291    1.16552    -3.21   0.002    -6.084727   -1.397856
_IfemXpol~24 |  -1.745821   1.219393    -1.43   0.159    -4.197575    .7059337
_IfemXpol~25 |  -.8495962    .828753    -1.03   0.310    -2.515916    .8167234
_IfemXpol~26 |  -1.422412    1.14446    -1.24   0.220    -3.723503    .8786785
_IfemXpol~27 |  -1.885401   .7737187    -2.44   0.019    -3.441067   -.3297353
_IfemXpol~28 |  -3.874393   .4579447    -8.46   0.000    -4.795153   -2.953634
_IfemXpol~29 |  -1.535964   1.374402    -1.12   0.269    -4.299385    1.227456
_IfemXpol~30 |   .8193571   1.369017     0.60   0.552    -1.933236     3.57195
_IfemXpol~31 |   -2.61196   .7191836    -3.63   0.001    -4.057975   -1.165944
_IfemXpol~32 |  -2.260619   1.036062    -2.18   0.034    -4.343762   -.1774763
_IfemXpol~33 |   -1.14404   .4944864    -2.31   0.025    -2.138271   -.1498081
_IfemXpol~34 |  -2.697135   .7354074    -3.67   0.001    -4.175771     -1.2185
_IfemXpol~35 |  -1.290827   .7453348    -1.73   0.090    -2.789423    .2077693
_IfemXpol~36 |  -1.088832   1.053535    -1.03   0.307    -3.207106    1.029442
_IfemXpol~37 |  -4.150438    .891243    -4.66   0.000    -5.942402   -2.358474
_IfemXpol~38 |  -3.809692   .7649432    -4.98   0.000    -5.347713    -2.27167
_IfemXpol~39 |  -3.317969   .9222116    -3.60   0.001      -5.1722   -1.463738
_IfemXpol~40 |  -.9235271   .7911226    -1.17   0.249    -2.514186    .6671315
_IfemXpol~41 |  -1.775576    .606663    -2.93   0.005    -2.995353   -.5557978
_IfemXpol~42 |  -3.040249    .906594    -3.35   0.002    -4.863078   -1.217419
_IfemXpol~43 |  -1.292793   1.003965    -1.29   0.204    -3.311401    .7258144
_IfemXpol~44 |  -1.522025   .7845102    -1.94   0.058    -3.099388    .0553387
_IfemXpol~45 |   1.952196    .953954     2.05   0.046     .0341425    3.870249
_IfemXpol~46 |  -1.130019     1.2758    -0.89   0.380    -3.695186    1.435149
_IfemXpol~47 |  -3.122384   1.076252    -2.90   0.006    -5.286335   -.9584338
_IfemXpol~48 |   1.007889   1.305629     0.77   0.444    -1.617253    3.633032
_IfemXpol~49 |  -1.430398   1.208568    -1.18   0.242    -3.860386    .9995907
       _cons |   3.832825   1.752715     2.19   0.034     .3087552    7.356894
------------------------------------------------------------------------------

 ( 1)  focs = 0

------------------------------------------------------------------------------
       PUBS7 | Coefficient  Std. err.      t    P>|t|     [95% conf. interval]
-------------+----------------------------------------------------------------
         (1) |    .694498   .6971617     1.00   0.324    -.7072394    2.096236
------------------------------------------------------------------------------

 ( 1)  focs + f_focs = 0

------------------------------------------------------------------------------
       PUBS7 | Coefficient  Std. err.      t    P>|t|     [95% conf. interval]
-------------+----------------------------------------------------------------
         (1) |  -.8754365   .8845822    -0.99   0.327    -2.654008    .9031351
------------------------------------------------------------------------------

 ( 1)  gncs = 0

------------------------------------------------------------------------------
       PUBS7 | Coefficient  Std. err.      t    P>|t|     [95% conf. interval]
-------------+----------------------------------------------------------------
         (1) |     .05726   .6967515     0.08   0.935    -1.343653    1.458173
------------------------------------------------------------------------------

 ( 1)  gncs + f_gncs = 0

------------------------------------------------------------------------------
       PUBS7 | Coefficient  Std. err.      t    P>|t|     [95% conf. interval]
-------------+----------------------------------------------------------------
         (1) |  -.7786116   1.053836    -0.74   0.464    -2.897492    1.340269
------------------------------------------------------------------------------

 ( 1)  - f_focs = 0

------------------------------------------------------------------------------
       PUBS7 | Coefficient  Std. err.      t    P>|t|     [95% conf. interval]
-------------+----------------------------------------------------------------
         (1) |   1.569935   1.074106     1.46   0.150    -.5897004     3.72957
------------------------------------------------------------------------------

 ( 1)  - f_gncs = 0

------------------------------------------------------------------------------
       PUBS7 | Coefficient  Std. err.      t    P>|t|     [95% conf. interval]
-------------+----------------------------------------------------------------
         (1) |   .8358716   1.162081     0.72   0.475    -1.500648    3.172392
------------------------------------------------------------------------------

--- PUBS9 ---
i.pol_job_start   _Ipol_job_s_1-26    (naturally coded; _Ipol_job_s_1 omitted)
i.female          _Ifemale_0-1        (naturally coded; _Ifemale_0 omitted)
i.pol~t*i.fem~e   _IpolXfem_#_#       (coded as above)
i.pol_u           _Ipol_u_1-49        (naturally coded; _Ipol_u_1 omitted)
i.fem~e*i.pol_u   _IfemXpol_#_#       (coded as above)
note: faculty_miss omitted because of collinearity.
note: female_ratio_miss omitted because of collinearity.
note: full_ratio_miss omitted because of collinearity.
note: _Ifemale_1 omitted because of collinearity.

Linear regression                               Number of obs     =      1,392
                                                F(47, 48)         =          .
                                                Prob > F          =          .
                                                R-squared         =     0.1439
                                                Root MSE          =     5.2758

                                 (Std. err. adjusted for 49 clusters in pol_u)
------------------------------------------------------------------------------
             |               Robust
       PUBS9 | Coefficient  std. err.      t    P>|t|     [95% conf. interval]
-------------+----------------------------------------------------------------
        focs |   .6990407   .8839969     0.79   0.433    -1.078354    2.476435
      f_focs |  -2.113241   1.436779    -1.47   0.148    -5.002078    .7755963
        gncs |  -.0481799   .9227732    -0.05   0.959     -1.90354     1.80718
      f_gncs |  -1.144027   1.419511    -0.81   0.424    -3.998145    1.710091
       focs0 |  -.7358696   .8389111    -0.88   0.385    -2.422613    .9508742
     f_focs0 |   1.792204   1.653848     1.08   0.284    -1.533081    5.117489
       gncs0 |   .2302408   .6185629     0.37   0.711    -1.013463    1.473945
     f_gncs0 |   1.327567   1.324377     1.00   0.321    -1.335272    3.990406
    phd_rank |   .2099359    .124679     1.68   0.099     -.040748    .4606197
phd_rank_m~s |  -3.576163   1.432234    -2.50   0.016    -6.455862   -.6964645
    post_doc |   .9013407   .6780118     1.33   0.190    -.4618934    2.264575
 ug_students |    .001278   .0706495     0.02   0.986    -.1407724    .1433283
grad_stude~s |  -.1802856   .3271007    -0.55   0.584    -.8379657    .4773945
     faculty |   .1541163   .0571331     2.70   0.010     .0392425      .26899
full_av_sa~y |  -.0409033   .0395383    -1.03   0.306    -.1204004    .0385938
assist_av_~y |  -.0205853   .0745113    -0.28   0.784    -.1704003    .1292297
     revenue |  -.0153966   .0239796    -0.64   0.524    -.0636108    .0328176
female_ratio |  -2.956562   9.689495    -0.31   0.762     -22.4386    16.52547
  full_ratio |   3.968421   2.879828     1.38   0.175    -1.821861    9.758703
faculty_miss |          0  (omitted)
revenue_miss |  -.0492169   .9928158    -0.05   0.961    -2.045407    1.946973
female_rat~s |          0  (omitted)
full_ratio~s |          0  (omitted)
_Ipol_job~_2 |   .8330496   1.755849     0.47   0.637    -2.697321     4.36342
_Ipol_job~_3 |   .1229325   1.515149     0.08   0.936    -2.923479    3.169344
_Ipol_job~_4 |   2.036555   1.782109     1.14   0.259    -1.546615    5.619726
_Ipol_job~_5 |   -.420504   1.128603    -0.37   0.711    -2.689712    1.848704
_Ipol_job~_6 |   .8896282   1.678427     0.53   0.599    -2.485076    4.264332
_Ipol_job~_7 |   1.747673   2.294633     0.76   0.450    -2.865995    6.361341
_Ipol_job~_8 |   1.561474   1.200203     1.30   0.199    -.8516965    3.974645
_Ipol_job~_9 |   1.381785   1.525905     0.91   0.370    -1.686253    4.449824
_Ipol_job~10 |   2.379591   2.377511     1.00   0.322    -2.400716    7.159898
_Ipol_job~11 |    2.27707   1.636064     1.39   0.170    -1.012458    5.566598
_Ipol_job~12 |  -.0271523   1.265892    -0.02   0.983    -2.572399    2.518095
_Ipol_job~13 |   .0715755   1.358369     0.05   0.958    -2.659609     2.80276
_Ipol_job~14 |   .9134712   1.237779     0.74   0.464    -1.575251    3.402193
_Ipol_job~15 |  -.7722008   1.228207    -0.63   0.533    -3.241677    1.697276
_Ipol_job~16 |   2.035129   1.610321     1.26   0.212    -1.202638    5.272896
_Ipol_job~17 |   1.371148   2.142432     0.64   0.525      -2.9365    5.678795
_Ipol_job~18 |   1.474881   1.346172     1.10   0.279    -1.231781    4.181542
_Ipol_job~19 |  -1.014342   1.305561    -0.78   0.441    -3.639349    1.610664
_Ipol_job~20 |   1.763605   2.300338     0.77   0.447    -2.861535    6.388745
_Ipol_job~21 |    2.30775   2.107448     1.10   0.279    -1.929557    6.545058
_Ipol_job~22 |   .3690892   1.351954     0.27   0.786    -2.349196    3.087374
_Ipol_job~23 |   .4929916   1.484856     0.33   0.741    -2.492512    3.478495
_Ipol_job~24 |   1.139079   1.856962     0.61   0.543    -2.594593    4.872752
_Ipol_job~25 |   .3167441   2.186421     0.14   0.885     -4.07935    4.712838
_Ipol_job~26 |    3.17568   2.916148     1.09   0.282    -2.687629     9.03899
  _Ifemale_1 |  -.9731419   2.583654    -0.38   0.708    -6.167926    4.221642
_IpolXf~_2_1 |   4.071717   2.877446     1.42   0.164    -1.713776    9.857209
_IpolXf~_3_1 |   3.221821   2.372618     1.36   0.181    -1.548647     7.99229
_IpolXf~_4_1 |   1.548719   2.344743     0.66   0.512    -3.165702     6.26314
_IpolXf~_5_1 |   -.540737   2.256104    -0.24   0.812    -5.076939    3.995465
_IpolXf~_6_1 |  -.6771023    2.37815    -0.28   0.777    -5.458693    4.104489
_IpolXf~_7_1 |   1.760445   2.605607     0.68   0.503    -3.478479    6.999369
_IpolXf~_8_1 |  -1.584238   2.640142    -0.60   0.551      -6.8926    3.724124
_IpolXf~_9_1 |  -1.475571   2.517401    -0.59   0.561    -6.537145    3.586003
_IpolXf~10_1 |   1.290255   2.347353     0.55   0.585    -3.429414    6.009924
_IpolXf~11_1 |    .447665   3.301168     0.14   0.893    -6.189779    7.085109
_IpolXf~12_1 |  -.7655738   2.020596    -0.38   0.706    -4.828254    3.297106
_IpolXf~13_1 |  -1.578636   2.639273    -0.60   0.553    -6.885251    3.727978
_IpolXf~14_1 |   1.306074   2.980674     0.44   0.663    -4.686973     7.29912
_IpolXf~15_1 |  -1.187704    2.50742    -0.47   0.638    -6.229209    3.853801
_IpolXf~16_1 |   .2698089    2.63067     0.10   0.919    -5.019507    5.559124
_IpolXf~17_1 |   2.532732   3.349972     0.76   0.453    -4.202838    9.268302
_IpolXf~18_1 |   .5241906   2.393259     0.22   0.828    -4.287779     5.33616
_IpolXf~19_1 |   3.528233   2.566922     1.37   0.176     -1.63291    8.689376
_IpolXf~20_1 |   2.797179   2.693244     1.04   0.304    -2.617951     8.21231
_IpolXf~21_1 |  -.0908676   3.076932    -0.03   0.977    -6.277454    6.095719
_IpolXf~22_1 |   -.223399   2.151893    -0.10   0.918    -4.550069    4.103271
_IpolXf~23_1 |   1.369721   2.156576     0.64   0.528    -2.966365    5.705808
_IpolXf~24_1 |   2.273938    2.69618     0.84   0.403    -3.147096    7.694971
_IpolXf~25_1 |   2.354614   2.784561     0.85   0.402    -3.244123     7.95335
_IpolXf~26_1 |    .856959   2.530321     0.34   0.736    -4.230593    5.944511
  _Ifemale_1 |          0  (omitted)
   _Ipol_u_2 |  -1.173809   1.462695    -0.80   0.426    -4.114754    1.767136
   _Ipol_u_3 |  -.1195688   1.687429    -0.07   0.944    -3.512372    3.273234
   _Ipol_u_4 |   1.153932   2.042256     0.57   0.575    -2.952299    5.260163
   _Ipol_u_5 |  -2.192269   1.899969    -1.15   0.254    -6.012412    1.627875
   _Ipol_u_6 |  -.5255212   1.860255    -0.28   0.779    -4.265814    3.214772
   _Ipol_u_7 |   5.214613   1.679446     3.10   0.003     1.837862    8.591365
   _Ipol_u_8 |  -1.736538    1.81973    -0.95   0.345    -5.395349    1.922274
   _Ipol_u_9 |  -.8925822   2.598557    -0.34   0.733    -6.117332    4.332167
  _Ipol_u_10 |  -2.621671   2.415954    -1.09   0.283    -7.479273     2.23593
  _Ipol_u_11 |  -.2006311   1.428726    -0.14   0.889    -3.073277    2.672014
  _Ipol_u_12 |   1.547622   2.809529     0.55   0.584    -4.101314    7.196558
  _Ipol_u_13 |   3.990797   .6484212     6.15   0.000     2.687059    5.294535
  _Ipol_u_14 |    .569806   1.745141     0.33   0.745    -2.939035    4.078647
  _Ipol_u_15 |   .9942818   1.687938     0.59   0.559    -2.399545    4.388109
  _Ipol_u_16 |  -.9475593   2.255999    -0.42   0.676     -5.48355    3.588432
  _Ipol_u_17 |   .4460465   1.231009     0.36   0.719    -2.029063    2.921156
  _Ipol_u_18 |   .6851313    2.11632     0.32   0.748    -3.570016    4.940278
  _Ipol_u_19 |  -1.545773    2.16715    -0.71   0.479     -5.90312    2.811573
  _Ipol_u_20 |   2.036015   1.942952     1.05   0.300    -1.870552    5.942581
  _Ipol_u_21 |   2.033421     .87084     2.34   0.024     .2824794    3.784362
  _Ipol_u_22 |   1.869715   2.532809     0.74   0.464    -3.222839    6.962269
  _Ipol_u_23 |   1.344148    1.72735     0.78   0.440    -2.128922    4.817218
  _Ipol_u_24 |  -2.683975   3.090248    -0.87   0.389    -8.897335    3.529385
  _Ipol_u_25 |  -2.157731    1.45104    -1.49   0.144    -5.075243     .759781
  _Ipol_u_26 |  -.8131044   1.944043    -0.42   0.678    -4.721865    3.095656
  _Ipol_u_27 |   2.071476   .8414215     2.46   0.017     .3796849    3.763268
  _Ipol_u_28 |   1.105474   1.074194     1.03   0.309    -1.054338    3.265287
  _Ipol_u_29 |   1.326825   1.058526     1.25   0.216    -.8014837    3.455133
  _Ipol_u_30 |   -2.57854   2.092115    -1.23   0.224     -6.78502     1.62794
  _Ipol_u_31 |   1.740624   1.477785     1.18   0.245    -1.230661     4.71191
  _Ipol_u_32 |   -.458842   .9519048    -0.48   0.632    -2.372775    1.455091
  _Ipol_u_33 |   1.112976   1.326887     0.84   0.406    -1.554909    3.780861
  _Ipol_u_34 |   4.616267   1.249655     3.69   0.001     2.103668    7.128866
  _Ipol_u_35 |   2.444556   1.869833     1.31   0.197    -1.314996    6.204108
  _Ipol_u_36 |   1.528151   1.746552     0.87   0.386    -1.983528     5.03983
  _Ipol_u_37 |   2.581842   1.153396     2.24   0.030      .262785    4.900899
  _Ipol_u_38 |   2.231416   1.734762     1.29   0.205    -1.256557     5.71939
  _Ipol_u_39 |   -.183407   2.246423    -0.08   0.935    -4.700143    4.333328
  _Ipol_u_40 |  -.7553668   1.629778    -0.46   0.645    -4.032256    2.521522
  _Ipol_u_41 |   .2642154   1.317329     0.20   0.842    -2.384452    2.912883
  _Ipol_u_42 |   .8596036   1.308635     0.66   0.514    -1.771583     3.49079
  _Ipol_u_43 |  -2.496043   2.118718    -1.18   0.245    -6.756012    1.763926
  _Ipol_u_44 |  -.0114884   1.558006    -0.01   0.994     -3.14407    3.121093
  _Ipol_u_45 |   1.475708   .7666976     1.92   0.060    -.0658409    3.017257
  _Ipol_u_46 |   1.851149   1.472214     1.26   0.215    -1.108936    4.811235
  _Ipol_u_47 |   1.375312   1.422381     0.97   0.338    -1.484578    4.235201
  _Ipol_u_48 |  -.8505336   1.914202    -0.44   0.659    -4.699294    2.998227
  _Ipol_u_49 |   2.160149   1.366143     1.58   0.120    -.5866649    4.906962
_IfemXpol~_2 |  -2.290937   1.814392    -1.26   0.213    -5.939017    1.357143
_IfemXpol~_3 |   1.531582   .8871957     1.73   0.091    -.2522445    3.315409
_IfemXpol~_4 |  -1.629369   1.462352    -1.11   0.271    -4.569625    1.310887
_IfemXpol~_5 |   .1811324   1.072904     0.17   0.867    -1.976085    2.338349
_IfemXpol~_6 |   .6618689   1.445594     0.46   0.649    -2.244693    3.568431
_IfemXpol~_7 |  -6.215944   1.303466    -4.77   0.000    -8.836737   -3.595151
_IfemXpol~_8 |  -4.031396     1.4009    -2.88   0.006    -6.848094   -1.214698
_IfemXpol~_9 |  -2.240849   1.166237    -1.92   0.061    -4.585725    .1040275
_IfemXpol~10 |  -1.431763   .9557084    -1.50   0.141    -3.353343    .4898177
_IfemXpol~11 |   4.083125   2.008335     2.03   0.048     .0450968    8.121153
_IfemXpol~12 |  -3.488113   .9246451    -3.77   0.000    -5.347237    -1.62899
_IfemXpol~13 |  -3.004734   .9271947    -3.24   0.002    -4.868984   -1.140484
_IfemXpol~14 |   2.016561    1.17517     1.72   0.093    -.3462773      4.3794
_IfemXpol~15 |  -2.034643   1.390816    -1.46   0.150    -4.831065    .7617796
_IfemXpol~16 |  -1.577229   1.312209    -1.20   0.235    -4.215602    1.061144
_IfemXpol~17 |   .3704041   1.625577     0.23   0.821    -2.898037    3.638845
_IfemXpol~18 |  -3.763138   .9222316    -4.08   0.000    -5.617408   -1.908867
_IfemXpol~19 |    .080349   1.320244     0.06   0.952     -2.57418    2.734878
_IfemXpol~20 |  -7.460864   1.292361    -5.77   0.000    -10.05933   -4.862399
_IfemXpol~21 |   .2098756   1.284897     0.16   0.871    -2.373584    2.793335
_IfemXpol~22 |  -.6873171   .9444353    -0.73   0.470    -2.586232    1.211597
_IfemXpol~23 |  -3.557176    1.46269    -2.43   0.019    -6.498112   -.6162394
_IfemXpol~24 |  -1.591088   1.663947    -0.96   0.344    -4.936678    1.754502
_IfemXpol~25 |  -1.139146   1.187128    -0.96   0.342    -3.526027    1.247735
_IfemXpol~26 |  -1.087338   1.534254    -0.71   0.482    -4.172162    1.997487
_IfemXpol~27 |  -1.982204   1.016223    -1.95   0.057    -4.025457    .0610487
_IfemXpol~28 |  -3.083277   .6225684    -4.95   0.000    -4.335035   -1.831519
_IfemXpol~29 |  -1.436852   1.821659    -0.79   0.434    -5.099544    2.225839
_IfemXpol~30 |   3.462514   1.807914     1.92   0.061      -.17254    7.097568
_IfemXpol~31 |  -3.582094   .9593712    -3.73   0.001     -5.51104   -1.653149
_IfemXpol~32 |  -2.611594   1.686477    -1.55   0.128    -6.002484    .7792949
_IfemXpol~33 |  -.1073342   .6650507    -0.16   0.872    -1.444508     1.22984
_IfemXpol~34 |  -4.372021   .9802122    -4.46   0.000     -6.34287   -2.401172
_IfemXpol~35 |  -.8618731   .9793563    -0.88   0.383    -2.831001    1.107255
_IfemXpol~36 |  -2.351114   1.544155    -1.52   0.134    -5.455845    .7536164
_IfemXpol~37 |  -3.884397   1.245016    -3.12   0.003     -6.38767   -1.381123
_IfemXpol~38 |  -3.958346   1.084435    -3.65   0.001    -6.138748   -1.777944
_IfemXpol~39 |  -2.871284   1.273181    -2.26   0.029    -5.431186   -.3113822
_IfemXpol~40 |  -1.048967   1.118572    -0.94   0.353    -3.298006    1.200072
_IfemXpol~41 |  -.4870162   .9007283    -0.54   0.591    -2.298052    1.324019
_IfemXpol~42 |  -2.822592   1.262801    -2.24   0.030    -5.361624   -.2835603
_IfemXpol~43 |  -2.364224   1.390064    -1.70   0.095    -5.159135    .4306872
_IfemXpol~44 |  -.4417434   1.134028    -0.39   0.699     -2.72186    1.838373
_IfemXpol~45 |   2.765794   1.229264     2.25   0.029     .2941924    5.237396
_IfemXpol~46 |  -1.773858   1.683159    -1.05   0.297    -5.158075     1.61036
_IfemXpol~47 |  -2.768556   1.392615    -1.99   0.053    -5.568597    .0314844
_IfemXpol~48 |   .9840322   1.530186     0.64   0.523    -2.092613    4.060677
_IfemXpol~49 |  -1.700143   1.870028    -0.91   0.368    -5.460086    2.059801
       _cons |   7.674756   2.296661     3.34   0.002      3.05701     12.2925
------------------------------------------------------------------------------

 ( 1)  focs = 0

------------------------------------------------------------------------------
       PUBS9 | Coefficient  Std. err.      t    P>|t|     [95% conf. interval]
-------------+----------------------------------------------------------------
         (1) |   .6990407   .8839969     0.79   0.433    -1.078354    2.476435
------------------------------------------------------------------------------

 ( 1)  focs + f_focs = 0

------------------------------------------------------------------------------
       PUBS9 | Coefficient  Std. err.      t    P>|t|     [95% conf. interval]
-------------+----------------------------------------------------------------
         (1) |    -1.4142   1.212333    -1.17   0.249    -3.851758    1.023358
------------------------------------------------------------------------------

 ( 1)  gncs = 0

------------------------------------------------------------------------------
       PUBS9 | Coefficient  Std. err.      t    P>|t|     [95% conf. interval]
-------------+----------------------------------------------------------------
         (1) |  -.0481799   .9227732    -0.05   0.959     -1.90354     1.80718
------------------------------------------------------------------------------

 ( 1)  gncs + f_gncs = 0

------------------------------------------------------------------------------
       PUBS9 | Coefficient  Std. err.      t    P>|t|     [95% conf. interval]
-------------+----------------------------------------------------------------
         (1) |  -1.192207   1.329444    -0.90   0.374    -3.865234     1.48082
------------------------------------------------------------------------------

 ( 1)  - f_focs = 0

------------------------------------------------------------------------------
       PUBS9 | Coefficient  Std. err.      t    P>|t|     [95% conf. interval]
-------------+----------------------------------------------------------------
         (1) |   2.113241   1.436779     1.47   0.148    -.7755963    5.002078
------------------------------------------------------------------------------

 ( 1)  - f_gncs = 0

------------------------------------------------------------------------------
       PUBS9 | Coefficient  Std. err.      t    P>|t|     [95% conf. interval]
-------------+----------------------------------------------------------------
         (1) |   1.144027   1.419511     0.81   0.424    -1.710091    3.998145
------------------------------------------------------------------------------

. 
. log close t6
      name:  t6
       log:  C:/Users/Usuario/Documents/GitHub/twfe_survey/replications/2015-20
> 19/Antecol et al. (2018)/full/table6.log
  log type:  text
 closed on:   6 May 2026, 00:04:00
-------------------------------------------------------------------------------
