-------------------------------------------------------------------------------
      name:  t4
       log:  C:/Users/Usuario/Documents/GitHub/twfe_survey/replications/2015-20
> 19/Antecol et al. (2018)/full/table4.log
  log type:  text
 opened on:   6 May 2026, 00:03:55

. 
. * Col 1: Baseline
. di _n "--- Col 1: Baseline ---"

--- Col 1: Baseline ---

. clear

. use aer_primarysample

. xi: reg tenure_policy_school `plist' `ulist' i.pol_job_start*i.female i.femal
> e*i.pol_u, cluster(pol_u)
i.pol_job_start   _Ipol_job_s_1-26    (naturally coded; _Ipol_job_s_1 omitted)
i.female          _Ifemale_0-1        (naturally coded; _Ifemale_0 omitted)
i.pol~t*i.fem~e   _IpolXfem_#_#       (coded as above)
i.pol_u           _Ipol_u_1-49        (naturally coded; _Ipol_u_1 omitted)
i.fem~e*i.pol_u   _IfemXpol_#_#       (coded as above)
note: faculty_miss omitted because of collinearity.
note: female_ratio_miss omitted because of collinearity.
note: full_ratio_miss omitted because of collinearity.
note: _Ifemale_1 omitted because of collinearity.

Linear regression                               Number of obs     =      1,392
                                                F(47, 48)         =          .
                                                Prob > F          =          .
                                                R-squared         =     0.1649
                                                Root MSE          =      .4439

                                 (Std. err. adjusted for 49 clusters in pol_u)
------------------------------------------------------------------------------
             |               Robust
tenure_pol~l | Coefficient  std. err.      t    P>|t|     [95% conf. interval]
-------------+----------------------------------------------------------------
        focs |   .0022634   .0747303     0.03   0.976    -.1479919    .1525186
      f_focs |   .0470282   .1279755     0.37   0.715    -.2102837    .3043401
        gncs |   .1756504   .0825895     2.13   0.039      .009593    .3417078
      f_gncs |  -.3701384   .1459844    -2.54   0.015    -.6636597   -.0766171
       focs0 |  -.0107254   .0738723    -0.15   0.885    -.1592556    .1378048
     f_focs0 |   .1337221   .1510169     0.89   0.380    -.1699176    .4373619
       gncs0 |  -.1245286   .0624865    -1.99   0.052    -.2501661    .0011089
     f_gncs0 |   .3024066   .1145988     2.64   0.011     .0719902    .5328229
    phd_rank |   .0141205   .0117559     1.20   0.236    -.0095163    .0377573
phd_rank_m~s |  -.3226589   .0703713    -4.59   0.000    -.4641498   -.1811681
    post_doc |   .1309922   .0838666     1.56   0.125    -.0376328    .2996172
 ug_students |  -.0055808   .0112735    -0.50   0.623    -.0282477    .0170861
grad_stude~s |   .0025035   .0177033     0.14   0.888    -.0330913    .0380984
     faculty |  -.0017812   .0049978    -0.36   0.723    -.0118299    .0082676
full_av_sa~y |   .0024467   .0039325     0.62   0.537    -.0054601    .0103535
assist_av_~y |   .0028615   .0076372     0.37   0.710    -.0124942    .0182171
     revenue |  -.0010887   .0033752    -0.32   0.748     -.007875    .0056975
female_ratio |   .5145031   .6858073     0.75   0.457    -.8644049    1.893411
  full_ratio |  -.2321352    .247231    -0.94   0.352    -.7292264     .264956
faculty_miss |          0  (omitted)
revenue_miss |  -.2452686   .0877194    -2.80   0.007    -.4216402   -.0688971
female_rat~s |          0  (omitted)
full_ratio~s |          0  (omitted)
_Ipol_job~_2 |  -.5807758   .1810532    -3.21   0.002    -.9448077   -.2167438
_Ipol_job~_3 |  -.3686421   .1500999    -2.46   0.018    -.6704382    -.066846
_Ipol_job~_4 |  -.4645768   .1913251    -2.43   0.019    -.8492617   -.0798919
_Ipol_job~_5 |  -.2058097   .0980002    -2.10   0.041    -.4028524    -.008767
_Ipol_job~_6 |  -.3740615   .1654202    -2.26   0.028    -.7066611   -.0414619
_Ipol_job~_7 |  -.6069573   .2564986    -2.37   0.022    -1.122682   -.0912324
_Ipol_job~_8 |   -.261724   .1056889    -2.48   0.017    -.4742259   -.0492222
_Ipol_job~_9 |  -.1074406   .0841849    -1.28   0.208    -.2767057    .0618244
_Ipol_job~10 |  -.5604659   .2671111    -2.10   0.041    -1.097529   -.0234032
_Ipol_job~11 |  -.1604388   .1032103    -1.55   0.127     -.367957    .0470793
_Ipol_job~12 |  -.1423154    .125095    -1.14   0.261    -.3938358    .1092051
_Ipol_job~13 |  -.2043222    .100937    -2.02   0.049    -.4072696   -.0013748
_Ipol_job~14 |  -.2749415   .0991656    -2.77   0.008    -.4743273   -.0755558
_Ipol_job~15 |  -.0057145   .1093164    -0.05   0.959    -.2255098    .2140808
_Ipol_job~16 |  -.4155239   .1578148    -2.63   0.011    -.7328317    -.098216
_Ipol_job~17 |  -.4975724   .2251324    -2.21   0.032    -.9502315   -.0449134
_Ipol_job~18 |  -.3465006    .100344    -3.45   0.001    -.5482558   -.1447454
_Ipol_job~19 |  -.1740738   .0913823    -1.90   0.063    -.3578102    .0096627
_Ipol_job~20 |  -.5360571   .2146018    -2.50   0.016     -.967543   -.1045713
_Ipol_job~21 |  -.2809608   .1596728    -1.76   0.085    -.6020045     .040083
_Ipol_job~22 |  -.3408882   .1180212    -2.89   0.006    -.5781857   -.1035907
_Ipol_job~23 |  -.3274795   .1279654    -2.56   0.014    -.5847712   -.0701878
_Ipol_job~24 |  -.4560787   .1880185    -2.43   0.019    -.8341152   -.0780421
_Ipol_job~25 |  -.4123672   .1971807    -2.09   0.042    -.8088255   -.0159088
_Ipol_job~26 |  -.7177372   .2963133    -2.42   0.019    -1.313515   -.1219594
  _Ifemale_1 |  -.3815647   .1395196    -2.73   0.009    -.6620877   -.1010417
_IpolXf~_2_1 |   .3696126   .1723604     2.14   0.037     .0230588    .7161664
_IpolXf~_3_1 |   .7111277   .2060087     3.45   0.001     .2969194    1.125336
_IpolXf~_4_1 |   .7770745   .2209288     3.52   0.001     .3328673    1.221282
_IpolXf~_5_1 |   .3860861   .1405872     2.75   0.008     .1034167    .6687556
_IpolXf~_6_1 |   .2403639   .2215851     1.08   0.283    -.2051628    .6858907
_IpolXf~_7_1 |    .575505   .1985438     2.90   0.006     .1763058    .9747041
_IpolXf~_8_1 |   .5924761   .1856544     3.19   0.002     .2191929    .9657593
_IpolXf~_9_1 |   .4837645   .2013962     2.40   0.020     .0788303    .8886986
_IpolXf~10_1 |   .5303625   .1847715     2.87   0.006     .1588546    .9018704
_IpolXf~11_1 |   .1311189   .1329164     0.99   0.329    -.1361275    .3983652
_IpolXf~12_1 |   .3282827    .188629     1.74   0.088    -.0509813    .7075467
_IpolXf~13_1 |   .5614337   .1971319     2.85   0.006     .1650734    .9577939
_IpolXf~14_1 |   .5421916   .1637326     3.31   0.002     .2129851    .8713981
_IpolXf~15_1 |   .1203306   .1863026     0.65   0.521    -.2542559     .494917
_IpolXf~16_1 |   .6353427   .2540666     2.50   0.016     .1245075    1.146178
_IpolXf~17_1 |   .6406295   .2072069     3.09   0.003     .2240121    1.057247
_IpolXf~18_1 |   .2586962   .1055596     2.45   0.018     .0464544    .4709379
_IpolXf~19_1 |    .733022   .2568871     2.85   0.006     .2165158    1.249528
_IpolXf~20_1 |   .6460448   .2063529     3.13   0.003     .2311445    1.060945
_IpolXf~21_1 |   .3971645   .2211421     1.80   0.079    -.0474716    .8418005
_IpolXf~22_1 |   .5308099   .2011416     2.64   0.011     .1263876    .9352322
_IpolXf~23_1 |   .4830501   .1539168     3.14   0.003     .1735796    .7925206
_IpolXf~24_1 |   .4854836   .2197568     2.21   0.032      .043633    .9273343
_IpolXf~25_1 |   .3495335   .1943746     1.80   0.078    -.0412828    .7403498
_IpolXf~26_1 |   .6979536   .2511326     2.78   0.008     .1930177     1.20289
  _Ifemale_1 |          0  (omitted)
   _Ipol_u_2 |   .4326329   .2027762     2.13   0.038      .024924    .8403417
   _Ipol_u_3 |   .2435549   .2392288     1.02   0.314    -.2374469    .7245566
   _Ipol_u_4 |   .1315597   .2932007     0.45   0.656    -.4579598    .7210793
   _Ipol_u_5 |     .12989    .280332     0.46   0.645    -.4337553    .6935352
   _Ipol_u_6 |   .3042811   .2745575     1.11   0.273    -.2477538     .856316
   _Ipol_u_7 |   .4025057   .1725648     2.33   0.024      .055541    .7494704
   _Ipol_u_8 |   .4901318   .2695022     1.82   0.075    -.0517387    1.032002
   _Ipol_u_9 |   .3555876   .4091466     0.87   0.389    -.4670568    1.178232
  _Ipol_u_10 |     .78155   .3653129     2.14   0.038     .0470391    1.516061
  _Ipol_u_11 |    .004501   .1248969     0.04   0.971    -.2466211    .2556232
  _Ipol_u_12 |   .0822954   .2147811     0.38   0.703     -.349551    .5141417
  _Ipol_u_13 |   .2105773   .0701889     3.00   0.004      .069453    .3517015
  _Ipol_u_14 |   .6018003   .1827601     3.29   0.002     .2343366    .9692641
  _Ipol_u_15 |   .1829949   .0973961     1.88   0.066     -.012833    .3788228
  _Ipol_u_16 |   .4033448   .3481373     1.16   0.252     -.296632    1.103322
  _Ipol_u_17 |   .2327398   .0946636     2.46   0.018      .042406    .4230737
  _Ipol_u_18 |   .2422674   .3199451     0.76   0.453    -.4010252      .88556
  _Ipol_u_19 |     .40298   .3256381     1.24   0.222    -.2517592    1.057719
  _Ipol_u_20 |   .5128988   .2944364     1.74   0.088    -.0791053    1.104903
  _Ipol_u_21 |    .287775   .1155589     2.49   0.016     .0554282    .5201218
  _Ipol_u_22 |   .4142564   .3768926     1.10   0.277    -.3435369     1.17205
  _Ipol_u_23 |   .4370564   .2564267     1.70   0.095     -.078524    .9526369
  _Ipol_u_24 |    .651182   .4803025     1.36   0.182    -.3145308    1.616895
  _Ipol_u_25 |   .4217165    .172357     2.45   0.018     .0751695    .7682635
  _Ipol_u_26 |   .3606349   .2948546     1.22   0.227      -.23221    .9534798
  _Ipol_u_27 |   .0604993   .1141566     0.53   0.599    -.1690279    .2900264
  _Ipol_u_28 |   .2054671   .0876314     2.34   0.023     .0292723    .3816619
  _Ipol_u_29 |   .1496476   .1193545     1.25   0.216    -.0903306    .3896258
  _Ipol_u_30 |   .2777806   .3178697     0.87   0.387    -.3613393    .9169005
  _Ipol_u_31 |   .3633943   .1980406     1.83   0.073     -.034793    .7615817
  _Ipol_u_32 |    .448505   .0972468     4.61   0.000     .2529772    .6440329
  _Ipol_u_33 |   .0344953   .1118566     0.31   0.759    -.1904075     .259398
  _Ipol_u_34 |     .05699    .105714     0.54   0.592    -.1555624    .2695423
  _Ipol_u_35 |   .1463726   .1004883     1.46   0.152    -.0556726    .3484178
  _Ipol_u_36 |   .1345394   .1771684     0.76   0.451    -.2216816    .4907604
  _Ipol_u_37 |   .1006811   .0833325     1.21   0.233    -.0668701    .2682323
  _Ipol_u_38 |    .401532   .1659745     2.42   0.019     .0678179    .7352462
  _Ipol_u_39 |   .6094007   .3265294     1.87   0.068    -.0471307    1.265932
  _Ipol_u_40 |   .4717691   .2309611     2.04   0.047     .0073908    .9361475
  _Ipol_u_41 |   .2243588    .112856     1.99   0.053    -.0025534     .451271
  _Ipol_u_42 |   .1689296   .1166581     1.45   0.154    -.0656273    .4034865
  _Ipol_u_43 |   .3613754   .3004849     1.20   0.235      -.24279    .9655407
  _Ipol_u_44 |   .7770793   .2221824     3.50   0.001     .3303518    1.223807
  _Ipol_u_45 |   .2583088   .0641314     4.03   0.000     .1293639    .3872538
  _Ipol_u_46 |   .1364977   .1489852     0.92   0.364     -.163057    .4360525
  _Ipol_u_47 |   .0476336   .1012351     0.47   0.640    -.1559132    .2511804
  _Ipol_u_48 |   .3942515   .1782526     2.21   0.032     .0358505    .7526524
  _Ipol_u_49 |   -.029168   .1105111    -0.26   0.793    -.2513653    .1930294
_IfemXpol~_2 |  -.2955048   .1536454    -1.92   0.060    -.6044295      .01342
_IfemXpol~_3 |   .0866778   .1043223     0.83   0.410    -.1230763    .2964319
_IfemXpol~_4 |   -.136704   .1229483    -1.11   0.272     -.383908    .1105001
_IfemXpol~_5 |   -.231914   .1062235    -2.18   0.034    -.4454907   -.0183373
_IfemXpol~_6 |   .1205689   .1193398     1.01   0.317    -.1193799    .3605177
_IfemXpol~_7 |  -.5178237   .1205578    -4.30   0.000    -.7602215    -.275426
_IfemXpol~_8 |  -.0585536   .1031561    -0.57   0.573    -.2659629    .1488557
_IfemXpol~_9 |  -.4224826   .1228098    -3.44   0.001    -.6694083   -.1755569
_IfemXpol~10 |  -.3445477   .0961953    -3.58   0.001    -.5379612   -.1511342
_IfemXpol~11 |   .9959979    .111408     8.94   0.000     .7719971    1.219999
_IfemXpol~12 |  -.4331341   .1409515    -3.07   0.003    -.7165361   -.1497322
_IfemXpol~13 |  -.2274148   .0925637    -2.46   0.018    -.4135265    -.041303
_IfemXpol~14 |  -.0226619   .1168443    -0.19   0.847    -.2575931    .2122694
_IfemXpol~15 |  -.0495867   .1064499    -0.47   0.643    -.2636186    .1644452
_IfemXpol~16 |  -.2601671   .0975539    -2.67   0.010    -.4563124   -.0640217
_IfemXpol~17 |  -.5360909   .1721997    -3.11   0.003    -.8823216   -.1898602
_IfemXpol~18 |  -.1829845   .0994171    -1.84   0.072     -.382876    .0169071
_IfemXpol~19 |   .0407533   .1156593     0.35   0.726    -.1917954     .273302
_IfemXpol~20 |  -.6235943   .1743423    -3.58   0.001    -.9741331   -.2730556
_IfemXpol~21 |   .1658563   .1239658     1.34   0.187    -.0833937    .4151064
_IfemXpol~22 |  -.2312022   .0968293    -2.39   0.021    -.4258906   -.0365137
_IfemXpol~23 |  -.4276638   .1294301    -3.30   0.002    -.6879004   -.1674272
_IfemXpol~24 |  -.4804459   .1656896    -2.90   0.006    -.8135872   -.1473046
_IfemXpol~25 |  -.3830062   .0974262    -3.93   0.000    -.5788948   -.1871177
_IfemXpol~26 |   .1939723   .1166305     1.66   0.103    -.0405291    .4284737
_IfemXpol~27 |  -.1163066    .091376    -1.27   0.209    -.3000304    .0674173
_IfemXpol~28 |   -.232685   .0680907    -3.42   0.001    -.3695905   -.0957796
_IfemXpol~29 |  -.2083981   .1540867    -1.35   0.183    -.5182103     .101414
_IfemXpol~30 |    .159558   .1669914     0.96   0.344    -.1762007    .4953167
_IfemXpol~31 |   -.116385   .0835652    -1.39   0.170    -.2844041     .051634
_IfemXpol~32 |  -.5573338    .128434    -4.34   0.000    -.8155677   -.2990999
_IfemXpol~33 |  -.0411657   .0785602    -0.52   0.603    -.1991216    .1167903
_IfemXpol~34 |  -.1752896   .0856931    -2.05   0.046    -.3475872    -.002992
_IfemXpol~35 |   .0501595   .1318463     0.38   0.705    -.2149353    .3152542
_IfemXpol~36 |    .135366   .1306931     1.04   0.306      -.12741    .3981421
_IfemXpol~37 |  -.2263039   .1133145    -2.00   0.051     -.454138    .0015301
_IfemXpol~38 |  -.3243185   .0918014    -3.53   0.001    -.5088977   -.1397394
_IfemXpol~39 |  -.7407676   .1288723    -5.75   0.000    -.9998827   -.4816524
_IfemXpol~40 |   -.242221    .119714    -2.02   0.049    -.4829222   -.0015198
_IfemXpol~41 |  -.2157551   .0968901    -2.23   0.031    -.4105657   -.0209446
_IfemXpol~42 |  -.1145492   .0939093    -1.22   0.229    -.3033665     .074268
_IfemXpol~43 |  -.4363597   .1191914    -3.66   0.001    -.6760101   -.1967093
_IfemXpol~44 |  -.5062008   .1440832    -3.51   0.001    -.7958995   -.2165022
_IfemXpol~45 |   .1689577   .1042202     1.62   0.112    -.0405911    .3785065
_IfemXpol~46 |  -.2231688    .111832    -2.00   0.052    -.4480222    .0016846
_IfemXpol~47 |   -.244113   .1188825    -2.05   0.046    -.4831422   -.0050838
_IfemXpol~48 |  -.2052708   .1240638    -1.65   0.105    -.4547178    .0441763
_IfemXpol~49 |  -.2529783   .1630886    -1.55   0.127    -.5808899    .0749333
       _cons |    .078841    .236585     0.33   0.740     -.396845     .554527
------------------------------------------------------------------------------

. lincom focs

 ( 1)  focs = 0

------------------------------------------------------------------------------
tenure_pol~l | Coefficient  Std. err.      t    P>|t|     [95% conf. interval]
-------------+----------------------------------------------------------------
         (1) |   .0022634   .0747303     0.03   0.976    -.1479919    .1525186
------------------------------------------------------------------------------

. lincom focs+f_focs

 ( 1)  focs + f_focs = 0

------------------------------------------------------------------------------
tenure_pol~l | Coefficient  Std. err.      t    P>|t|     [95% conf. interval]
-------------+----------------------------------------------------------------
         (1) |   .0492915   .1014593     0.49   0.629    -.1547061    .2532892
------------------------------------------------------------------------------

. lincom gncs

 ( 1)  gncs = 0

------------------------------------------------------------------------------
tenure_pol~l | Coefficient  Std. err.      t    P>|t|     [95% conf. interval]
-------------+----------------------------------------------------------------
         (1) |   .1756504   .0825895     2.13   0.039      .009593    .3417078
------------------------------------------------------------------------------

. lincom gncs+f_gncs

 ( 1)  gncs + f_gncs = 0

------------------------------------------------------------------------------
tenure_pol~l | Coefficient  Std. err.      t    P>|t|     [95% conf. interval]
-------------+----------------------------------------------------------------
         (1) |   -.194488    .105691    -1.84   0.072     -.406994    .0180179
------------------------------------------------------------------------------

. lincom -f_focs

 ( 1)  - f_focs = 0

------------------------------------------------------------------------------
tenure_pol~l | Coefficient  Std. err.      t    P>|t|     [95% conf. interval]
-------------+----------------------------------------------------------------
         (1) |  -.0470282   .1279755    -0.37   0.715    -.3043401    .2102837
------------------------------------------------------------------------------

. lincom -f_gncs

 ( 1)  - f_gncs = 0

------------------------------------------------------------------------------
tenure_pol~l | Coefficient  Std. err.      t    P>|t|     [95% conf. interval]
-------------+----------------------------------------------------------------
         (1) |   .3701384   .1459844     2.54   0.015     .0766171    .6636597
------------------------------------------------------------------------------

. 
. * Col 2: No controls
. di _n "--- Col 2: No controls ---"

--- Col 2: No controls ---

. xi: reg tenure_policy_school `plist' i.pol_job_start*i.female i.female*i.pol_
> u, cluster(pol_u)
i.pol_job_start   _Ipol_job_s_1-26    (naturally coded; _Ipol_job_s_1 omitted)
i.female          _Ifemale_0-1        (naturally coded; _Ifemale_0 omitted)
i.pol~t*i.fem~e   _IpolXfem_#_#       (coded as above)
i.pol_u           _Ipol_u_1-49        (naturally coded; _Ipol_u_1 omitted)
i.fem~e*i.pol_u   _IfemXpol_#_#       (coded as above)
note: _Ifemale_1 omitted because of collinearity.

Linear regression                               Number of obs     =      1,392
                                                F(47, 48)         =          .
                                                Prob > F          =          .
                                                R-squared         =     0.1563
                                                Root MSE          =     .44403

                                 (Std. err. adjusted for 49 clusters in pol_u)
------------------------------------------------------------------------------
             |               Robust
tenure_pol~l | Coefficient  std. err.      t    P>|t|     [95% conf. interval]
-------------+----------------------------------------------------------------
        focs |  -.0053149   .0721429    -0.07   0.942    -.1503679    .1397382
      f_focs |   .0506028   .1179172     0.43   0.670    -.1864856    .2876912
        gncs |   .1575885   .0751906     2.10   0.041     .0064076    .3087694
      f_gncs |  -.3455072   .1341012    -2.58   0.013    -.6151358   -.0758786
       focs0 |   .0017918   .0728025     0.02   0.980    -.1445873    .1481709
     f_focs0 |   .1438708   .1453083     0.99   0.327    -.1482911    .4360328
       gncs0 |  -.1111361   .0620218    -1.79   0.079    -.2358393     .013567
     f_gncs0 |   .2985565   .1121091     2.66   0.011     .0731461     .523967
_Ipol_job~_2 |  -.3493031   .1123872    -3.11   0.003    -.5752729   -.1233334
_Ipol_job~_3 |  -.1954826   .1000329    -1.95   0.057    -.3966122     .005647
_Ipol_job~_4 |  -.2510143   .1161748    -2.16   0.036    -.4845994   -.0174291
_Ipol_job~_5 |   -.195197   .0952539    -2.05   0.046    -.3867179   -.0036762
_Ipol_job~_6 |  -.1674444   .1119617    -1.50   0.141    -.3925585    .0576697
_Ipol_job~_7 |  -.2168572   .1216292    -1.78   0.081    -.4614091    .0276946
_Ipol_job~_8 |  -.1877445   .0952695    -1.97   0.055    -.3792968    .0038077
_Ipol_job~_9 |  -.1549454   .0815272    -1.90   0.063    -.3188667    .0089759
_Ipol_job~10 |  -.1983596    .125074    -1.59   0.119    -.4498378    .0531185
_Ipol_job~11 |  -.0411701   .0869243    -0.47   0.638    -.2159432     .133603
_Ipol_job~12 |  -.1017046   .1225124    -0.83   0.411    -.3480323    .1446231
_Ipol_job~13 |  -.1765142   .0996669    -1.77   0.083     -.376908    .0238796
_Ipol_job~14 |  -.1918469    .086548    -2.22   0.031    -.3658634   -.0178305
_Ipol_job~15 |   -.026364   .1094208    -0.24   0.811    -.2463693    .1936412
_Ipol_job~16 |   -.217649   .1044371    -2.08   0.043     -.427634   -.0076641
_Ipol_job~17 |  -.1533833   .1070585    -1.43   0.158    -.3686388    .0618723
_Ipol_job~18 |  -.2382568   .0857409    -2.78   0.008    -.4106504   -.0658633
_Ipol_job~19 |  -.2180707   .0877947    -2.48   0.017    -.3945938   -.0415475
_Ipol_job~20 |  -.1741631   .1105425    -1.58   0.122    -.3964237    .0480974
_Ipol_job~21 |  -.1087312   .1306166    -0.83   0.409    -.3713534     .153891
_Ipol_job~22 |  -.2255194   .0908706    -2.48   0.017     -.408227   -.0428118
_Ipol_job~23 |    -.17979   .0907787    -1.98   0.053    -.3623127    .0027328
_Ipol_job~24 |  -.1504946   .0961802    -1.56   0.124    -.3438779    .0428886
_Ipol_job~25 |  -.1306979    .107721    -1.21   0.231    -.3472855    .0858897
_Ipol_job~26 |  -.2906028   .1380927    -2.10   0.041    -.5682568   -.0129487
  _Ifemale_1 |  -.3839362   .1352066    -2.84   0.007    -.6557872   -.1120852
_IpolXf~_2_1 |   .3599648   .1666839     2.16   0.036     .0248244    .6951052
_IpolXf~_3_1 |   .6916404   .2037464     3.39   0.001     .2819808      1.1013
_IpolXf~_4_1 |   .7746239   .2276153     3.40   0.001     .3169726    1.232275
_IpolXf~_5_1 |   .3959005   .1386447     2.86   0.006     .1171365    .6746644
_IpolXf~_6_1 |   .2402195   .2171625     1.11   0.274    -.1964151     .676854
_IpolXf~_7_1 |   .5455353   .1987439     2.74   0.008     .1459339    .9451367
_IpolXf~_8_1 |   .6018375   .1864927     3.23   0.002     .2268688    .9768062
_IpolXf~_9_1 |   .5215779   .1967074     2.65   0.011     .1260711    .9170847
_IpolXf~10_1 |   .5076354   .1738587     2.92   0.005     .1580691    .8572018
_IpolXf~11_1 |   .1257543   .1302431     0.97   0.339     -.136117    .3876256
_IpolXf~12_1 |   .3274139   .1901676     1.72   0.092    -.0549436    .7097714
_IpolXf~13_1 |   .5838344   .1925785     3.03   0.004     .1966294    .9710395
_IpolXf~14_1 |   .5523006   .1685087     3.28   0.002     .2134911    .8911101
_IpolXf~15_1 |   .1774772   .2049343     0.87   0.391    -.2345708    .5895252
_IpolXf~16_1 |   .6458312   .2410057     2.68   0.010     .1612568    1.130406
_IpolXf~17_1 |   .6487079   .1999292     3.24   0.002     .2467233    1.050693
_IpolXf~18_1 |   .2639528     .10341     2.55   0.014      .056033    .4718726
_IpolXf~19_1 |   .7480675   .2442193     3.06   0.004     .2570318    1.239103
_IpolXf~20_1 |   .6100215   .1958658     3.11   0.003     .2162068    1.003836
_IpolXf~21_1 |   .3880224   .2189809     1.77   0.083    -.0522681     .828313
_IpolXf~22_1 |    .505388   .2056432     2.46   0.018     .0919147    .9188614
_IpolXf~23_1 |   .4774851   .1515599     3.15   0.003     .1727535    .7822166
_IpolXf~24_1 |   .4769738   .2086923     2.29   0.027     .0573698    .8965778
_IpolXf~25_1 |   .3498914    .190435     1.84   0.072    -.0330039    .7327867
_IpolXf~26_1 |   .6454815     .23724     2.72   0.009     .1684785    1.122484
  _Ifemale_1 |          0  (omitted)
   _Ipol_u_2 |   .3087403    .038831     7.95   0.000     .2306654    .3868153
   _Ipol_u_3 |   .0991851   .0266742     3.72   0.001      .045553    .1528171
   _Ipol_u_4 |  -.0283664   .0389801    -0.73   0.470    -.1067411    .0500083
   _Ipol_u_5 |   .0376556   .0386941     0.97   0.335     -.040144    .1154552
   _Ipol_u_6 |   .1539231   .0484261     3.18   0.003     .0565559    .2512903
   _Ipol_u_7 |   .3065282   .0363002     8.44   0.000     .2335417    .3795147
   _Ipol_u_8 |   .3098515   .0361582     8.57   0.000     .2371506    .3825524
   _Ipol_u_9 |   .1015841   .0427601     2.38   0.022     .0156091    .1875591
  _Ipol_u_10 |   .5394618   .0346082    15.59   0.000     .4698774    .6090462
  _Ipol_u_11 |   .0401271   .0414121     0.97   0.337    -.0431375    .1233916
  _Ipol_u_12 |   .0653329   .0197526     3.31   0.002     .0256176    .1050483
  _Ipol_u_13 |   .1555415   .0421198     3.69   0.001      .070854    .2402291
  _Ipol_u_14 |   .5005256    .030306    16.52   0.000     .4395913    .5614599
  _Ipol_u_15 |   .1561135   .0416962     3.74   0.000     .0722777    .2399493
  _Ipol_u_16 |   .1456183   .0350278     4.16   0.000     .0751902    .2160465
  _Ipol_u_17 |   .2073955   .0375476     5.52   0.000      .131901      .28289
  _Ipol_u_18 |   .0614018   .0280176     2.19   0.033     .0050687     .117735
  _Ipol_u_19 |   .1498152   .0407863     3.67   0.001     .0678087    .2318216
  _Ipol_u_20 |   .3050486   .0390614     7.81   0.000     .2265105    .3835867
  _Ipol_u_21 |   .2119605   .0234977     9.02   0.000     .1647151    .2592058
  _Ipol_u_22 |   .1769875   .0283881     6.23   0.000     .1199094    .2340657
  _Ipol_u_23 |   .2891452   .0427093     6.77   0.000     .2032724    .3750181
  _Ipol_u_24 |   .3677895   .0519141     7.08   0.000     .2634092    .4721698
  _Ipol_u_25 |   .3363565   .0375445     8.96   0.000     .2608681    .4118448
  _Ipol_u_26 |   .2222136   .0461021     4.82   0.000     .1295191    .3149081
  _Ipol_u_27 |   .0037306   .0350821     0.11   0.916    -.0668066    .0742679
  _Ipol_u_28 |   .1805614   .0174836    10.33   0.000     .1454083    .2157145
  _Ipol_u_29 |   .1015449   .0757234     1.34   0.186    -.0507071     .253797
  _Ipol_u_30 |   .0662854   .0499205     1.33   0.191    -.0340865    .1666574
  _Ipol_u_31 |   .2576959   .0393051     6.56   0.000     .1786678     .336724
  _Ipol_u_32 |   .3980109   .0433437     9.18   0.000     .3108626    .4851593
  _Ipol_u_33 |    .031843   .0212062     1.50   0.140     -.010795     .074481
  _Ipol_u_34 |   .0220788   .0347655     0.64   0.528     -.047822    .0919796
  _Ipol_u_35 |   .0999111   .0472043     2.12   0.040     .0050004    .1948217
  _Ipol_u_36 |   .0838252   .0380019     2.21   0.032     .0074173     .160233
  _Ipol_u_37 |   .0728376   .0394581     1.85   0.071    -.0064982    .1521734
  _Ipol_u_38 |   .2707745   .0335292     8.08   0.000     .2033594    .3381895
  _Ipol_u_39 |    .486449   .0403695    12.05   0.000     .4052807    .5676172
  _Ipol_u_40 |   .3745905   .0419327     8.93   0.000     .2902791    .4589019
  _Ipol_u_41 |   .1788216   .0307667     5.81   0.000     .1169609    .2406822
  _Ipol_u_42 |   .1082538   .0388698     2.79   0.008     .0301009    .1864067
  _Ipol_u_43 |   .1924883   .0423056     4.55   0.000     .1074271    .2775495
  _Ipol_u_44 |   .6195027   .0357844    17.31   0.000     .5475533     .691452
  _Ipol_u_45 |    .185265    .037572     4.93   0.000     .1097215    .2608085
  _Ipol_u_46 |   .1517923    .035934     4.22   0.000     .0795421    .2240426
  _Ipol_u_47 |   .0273883   .0327829     0.84   0.408    -.0385262    .0933028
  _Ipol_u_48 |   .2741305   .0360796     7.60   0.000     .2015875    .3466735
  _Ipol_u_49 |  -.0198529   .0421407    -0.47   0.640    -.1045824    .0648766
_IfemXpol~_2 |  -.3354671    .134036    -2.50   0.016    -.6049644   -.0659697
_IfemXpol~_3 |   .0686723   .0900055     0.76   0.449     -.112296    .2496406
_IfemXpol~_4 |  -.1431127   .1199993    -1.19   0.239    -.3843874    .0981619
_IfemXpol~_5 |  -.2200028   .1014927    -2.17   0.035    -.4240675   -.0159381
_IfemXpol~_6 |   .0813634    .110014     0.74   0.463    -.1398345    .3025613
_IfemXpol~_7 |  -.5112311   .1227863    -4.16   0.000    -.7581094   -.2643527
_IfemXpol~_8 |  -.0640764    .100898    -0.64   0.528    -.2669455    .1387927
_IfemXpol~_9 |  -.3739811   .1252409    -2.99   0.004    -.6257949   -.1221673
_IfemXpol~10 |  -.3644874    .086893    -4.19   0.000    -.5391975   -.1897773
_IfemXpol~11 |    .992406     .10811     9.18   0.000     .7750363    1.209776
_IfemXpol~12 |  -.4309195   .1212769    -3.55   0.001     -.674763    -.187076
_IfemXpol~13 |  -.2172219     .09103    -2.39   0.021      -.40025   -.0341937
_IfemXpol~14 |   -.113235   .0922658    -1.23   0.226    -.2987477    .0722778
_IfemXpol~15 |  -.0694202   .1081635    -0.64   0.524    -.2868974    .1480571
_IfemXpol~16 |  -.2466137   .0991531    -2.49   0.016    -.4459744   -.0472531
_IfemXpol~17 |  -.5306266   .1520629    -3.49   0.001    -.8363695   -.2248837
_IfemXpol~18 |  -.1723076   .0877995    -1.96   0.056    -.3488404    .0042251
_IfemXpol~19 |    .045312   .1162499     0.39   0.698    -.1884239     .279048
_IfemXpol~20 |  -.7066633   .1519292    -4.65   0.000    -1.012137   -.4011891
_IfemXpol~21 |   .1391313   .1152579     1.21   0.233    -.0926102    .3708729
_IfemXpol~22 |  -.2318182   .0961663    -2.41   0.020    -.4251735   -.0384629
_IfemXpol~23 |  -.3815514   .1301881    -2.93   0.005    -.6433121   -.1197907
_IfemXpol~24 |  -.4565686   .1258423    -3.63   0.001    -.7095914   -.2035457
_IfemXpol~25 |  -.3846806   .0998392    -3.85   0.000    -.5854207   -.1839405
_IfemXpol~26 |   .2058945   .1186377     1.74   0.089    -.0326426    .4444315
_IfemXpol~27 |  -.1168729   .0885139    -1.32   0.193     -.294842    .0610962
_IfemXpol~28 |  -.2081264   .0635634    -3.27   0.002    -.3359292   -.0803236
_IfemXpol~29 |  -.1791107   .1521449    -1.18   0.245    -.4850185    .1267971
_IfemXpol~30 |   .1187963   .1612049     0.74   0.465     -.205328    .4429205
_IfemXpol~31 |   -.117337   .0844928    -1.39   0.171     -.287221    .0525471
_IfemXpol~32 |  -.5114304   .1242823    -4.12   0.000    -.7613167   -.2615442
_IfemXpol~33 |  -.0370725   .0749377    -0.49   0.623    -.1877449       .1136
_IfemXpol~34 |   -.161404    .088359    -1.83   0.074    -.3390616    .0162537
_IfemXpol~35 |   .0225624   .1140529     0.20   0.844    -.2067563    .2518811
_IfemXpol~36 |   .1487021   .1282622     1.16   0.252    -.1091863    .4065904
_IfemXpol~37 |  -.1655327   .1097858    -1.51   0.138    -.3862719    .0552066
_IfemXpol~38 |  -.3512586   .0892648    -3.94   0.000    -.5307374   -.1717797
_IfemXpol~39 |   -.805006   .1189452    -6.77   0.000    -1.044161   -.5658507
_IfemXpol~40 |  -.2636196   .1132651    -2.33   0.024    -.4913543   -.0358849
_IfemXpol~41 |  -.1996135   .0931747    -2.14   0.037    -.3869538   -.0122732
_IfemXpol~42 |  -.1190681   .0945888    -1.26   0.214    -.3092515    .0711153
_IfemXpol~43 |  -.4756386   .1232494    -3.86   0.000    -.7234482    -.227829
_IfemXpol~44 |  -.5374106    .131395    -4.09   0.000    -.8015979   -.2732233
_IfemXpol~45 |   .1616084   .0988688     1.63   0.109    -.0371807    .3603975
_IfemXpol~46 |  -.1731298   .1112906    -1.56   0.126    -.3968945    .0506349
_IfemXpol~47 |  -.2037572   .1271985    -1.60   0.116    -.4595068    .0519925
_IfemXpol~48 |  -.2194078   .1295773    -1.69   0.097    -.4799404    .0411249
_IfemXpol~49 |  -.2473891   .1571171    -1.57   0.122    -.5632943     .068516
       _cons |   .2907246    .081356     3.57   0.001     .1271474    .4543017
------------------------------------------------------------------------------

. lincom focs

 ( 1)  focs = 0

------------------------------------------------------------------------------
tenure_pol~l | Coefficient  Std. err.      t    P>|t|     [95% conf. interval]
-------------+----------------------------------------------------------------
         (1) |  -.0053149   .0721429    -0.07   0.942    -.1503679    .1397382
------------------------------------------------------------------------------

. lincom focs+f_focs

 ( 1)  focs + f_focs = 0

------------------------------------------------------------------------------
tenure_pol~l | Coefficient  Std. err.      t    P>|t|     [95% conf. interval]
-------------+----------------------------------------------------------------
         (1) |   .0452879   .0979015     0.46   0.646    -.1515561     .242132
------------------------------------------------------------------------------

. lincom gncs

 ( 1)  gncs = 0

------------------------------------------------------------------------------
tenure_pol~l | Coefficient  Std. err.      t    P>|t|     [95% conf. interval]
-------------+----------------------------------------------------------------
         (1) |   .1575885   .0751906     2.10   0.041     .0064076    .3087694
------------------------------------------------------------------------------

. lincom gncs+f_gncs

 ( 1)  gncs + f_gncs = 0

------------------------------------------------------------------------------
tenure_pol~l | Coefficient  Std. err.      t    P>|t|     [95% conf. interval]
-------------+----------------------------------------------------------------
         (1) |  -.1879187   .1039468    -1.81   0.077    -.3969179    .0210804
------------------------------------------------------------------------------

. lincom -f_focs

 ( 1)  - f_focs = 0

------------------------------------------------------------------------------
tenure_pol~l | Coefficient  Std. err.      t    P>|t|     [95% conf. interval]
-------------+----------------------------------------------------------------
         (1) |  -.0506028   .1179172    -0.43   0.670    -.2876912    .1864856
------------------------------------------------------------------------------

. lincom -f_gncs

 ( 1)  - f_gncs = 0

------------------------------------------------------------------------------
tenure_pol~l | Coefficient  Std. err.      t    P>|t|     [95% conf. interval]
-------------+----------------------------------------------------------------
         (1) |   .3455072   .1341012     2.58   0.013     .0758786    .6151358
------------------------------------------------------------------------------

. 
. * Col 3: Expanded sample
. di _n "--- Col 3: Expanded sample ---"

--- Col 3: Expanded sample ---

. clear

. use aer_expandedsample

. xi: reg tenure_policy_school `plist' `ulist' i.pol_job_start*i.female i.femal
> e*i.pol_u, cluster(pol_u)
i.pol_job_start   _Ipol_job_s_1-26    (naturally coded; _Ipol_job_s_1 omitted)
i.female          _Ifemale_0-1        (naturally coded; _Ifemale_0 omitted)
i.pol~t*i.fem~e   _IpolXfem_#_#       (coded as above)
i.pol_u           _Ipol_u_1-49        (naturally coded; _Ipol_u_1 omitted)
i.fem~e*i.pol_u   _IfemXpol_#_#       (coded as above)
note: faculty_miss omitted because of collinearity.
note: female_ratio_miss omitted because of collinearity.
note: full_ratio_miss omitted because of collinearity.
note: _Ifemale_1 omitted because of collinearity.

Linear regression                               Number of obs     =      1,591
                                                F(47, 48)         =          .
                                                Prob > F          =          .
                                                R-squared         =     0.1514
                                                Root MSE          =     .43195

                                 (Std. err. adjusted for 49 clusters in pol_u)
------------------------------------------------------------------------------
             |               Robust
tenure_pol~l | Coefficient  std. err.      t    P>|t|     [95% conf. interval]
-------------+----------------------------------------------------------------
        focs |  -.0241635   .0736176    -0.33   0.744    -.1721815    .1238545
      f_focs |   .0989192   .1114016     0.89   0.379    -.1250688    .3229072
        gncs |   .1399838   .0844166     1.66   0.104    -.0297472    .3097149
      f_gncs |  -.2962997   .1375753    -2.15   0.036    -.5729135    -.019686
       focs0 |   .0143004   .0665604     0.21   0.831    -.1195283     .148129
     f_focs0 |   .0390758   .1575604     0.25   0.805    -.2777207    .3558723
       gncs0 |  -.1265076   .0546807    -2.31   0.025    -.2364506   -.0165647
     f_gncs0 |    .302312   .1150951     2.63   0.012     .0708979    .5337261
    phd_rank |   .0178633    .010158     1.76   0.085    -.0025607    .0382874
phd_rank_m~s |  -.2958353   .0679058    -4.36   0.000    -.4323691   -.1593015
    post_doc |   .1145991   .0690247     1.66   0.103    -.0241843    .2533826
 ug_students |  -.0072863   .0095822    -0.76   0.451    -.0265526      .01198
grad_stude~s |   .0063673   .0169696     0.38   0.709    -.0277523    .0404869
     faculty |  -.0019692   .0040724    -0.48   0.631    -.0101573     .006219
full_av_sa~y |   .0002049   .0037418     0.05   0.957    -.0073186    .0077284
assist_av_~y |   .0048329   .0067549     0.72   0.478    -.0087487    .0184145
     revenue |  -.0006055   .0032504    -0.19   0.853    -.0071409    .0059298
female_ratio |   .6169115   .6527744     0.95   0.349    -.6955793    1.929402
  full_ratio |  -.1444738   .2261228    -0.64   0.526    -.5991242    .3101767
faculty_miss |          0  (omitted)
revenue_miss |   -.305255   .0768721    -3.97   0.000    -.4598166   -.1506933
female_rat~s |          0  (omitted)
full_ratio~s |          0  (omitted)
_Ipol_job~_2 |  -.2751132   .2325526    -1.18   0.243    -.7426915    .1924651
_Ipol_job~_3 |  -.1384486   .1735079    -0.80   0.429    -.4873096    .2104123
_Ipol_job~_4 |  -.2067277   .1902897    -1.09   0.283    -.5893308    .1758755
_Ipol_job~_5 |   .1637555   .1010571     1.62   0.112    -.0394333    .3669444
_Ipol_job~_6 |   .0475208   .1272515     0.37   0.710    -.2083355    .3033772
_Ipol_job~_7 |   .0899739   .0919865     0.98   0.333    -.0949774    .2749252
_Ipol_job~_8 |   .1739986   .0920994     1.89   0.065    -.0111797    .3591769
_Ipol_job~_9 |  -.2148216   .1206532    -1.78   0.081    -.4574111    .0277679
_Ipol_job~10 |  -.1202896    .180941    -0.66   0.509    -.4840958    .2435166
_Ipol_job~11 |  -.1635269   .2074879    -0.79   0.434    -.5807093    .2536555
_Ipol_job~12 |  -.0134721   .1245132    -0.11   0.914    -.2638228    .2368786
_Ipol_job~13 |    .278647   .1082871     2.57   0.013     .0609213    .4963728
_Ipol_job~14 |  -.0028114   .0828604    -0.03   0.973    -.1694134    .1637906
_Ipol_job~15 |   .0127598   .0874151     0.15   0.885        -.163    .1885195
_Ipol_job~16 |   .0696534   .0907996     0.77   0.447    -.1129114    .2522182
_Ipol_job~17 |   .0999209   .0749346     1.33   0.189    -.0507453    .2505871
_Ipol_job~18 |   .1683637   .0786112     2.14   0.037     .0103052    .3264222
_Ipol_job~19 |  -.1087417   .1605476    -0.68   0.501    -.4315443    .2140609
_Ipol_job~20 |  -.0196712   .1605207    -0.12   0.903    -.3424197    .3030774
_Ipol_job~21 |   .2580416   .0879216     2.93   0.005     .0812634    .4348197
_Ipol_job~22 |   .0440444   .0765879     0.58   0.568    -.1099459    .1980348
_Ipol_job~23 |  -.0739479   .1176611    -0.63   0.533    -.3105215    .1626256
_Ipol_job~24 |  -.1157751    .118835    -0.97   0.335    -.3547088    .1231586
_Ipol_job~25 |    .101303   .0888802     1.14   0.260    -.0774026    .2800085
_Ipol_job~26 |   .0048261   .1185468     0.04   0.968    -.2335283    .2431805
  _Ifemale_1 |  -.2896187   .0971289    -2.98   0.004    -.4849095   -.0943279
_IpolXf~_2_1 |   .2943656   .2103097     1.40   0.168    -.1284904    .7172216
_IpolXf~_3_1 |   .2795393   .2004398     1.39   0.170    -.1234718    .6825505
_IpolXf~_4_1 |   .2438748   .1691045     1.44   0.156    -.0961325    .5838821
_IpolXf~_5_1 |   .0485267   .1462437     0.33   0.741    -.2455159    .3425693
_IpolXf~_6_1 |   .0881939    .176571     0.50   0.620    -.2668258    .4432137
_IpolXf~_7_1 |   .4955738   .2205893     2.25   0.029     .0520493    .9390983
_IpolXf~_8_1 |    .211379   .1841881     1.15   0.257     -.158956     .581714
_IpolXf~_9_1 |   .0711821   .1224131     0.58   0.564    -.1749459    .3173101
_IpolXf~10_1 |    .266927   .1750583     1.52   0.134    -.0850512    .6189052
_IpolXf~11_1 |   .2689132   .1497122     1.80   0.079    -.0321033    .5699297
_IpolXf~12_1 |   .3577566   .1699007     2.11   0.040     .0161483     .699365
_IpolXf~13_1 |  -.1174449   .1475377    -0.80   0.430    -.4140893    .1791994
_IpolXf~14_1 |   .2058502   .1496026     1.38   0.175     -.094946    .5066464
_IpolXf~15_1 |   .1128697   .1379387     0.82   0.417    -.1644746    .3902141
_IpolXf~16_1 |   .2657375   .1734458     1.53   0.132    -.0829987    .6144738
_IpolXf~17_1 |   .2065388   .1811935     1.14   0.260    -.1577752    .5708528
_IpolXf~18_1 |  -.1604982   .1144186    -1.40   0.167    -.3905522    .0695557
_IpolXf~19_1 |   .2337712   .1974786     1.18   0.242    -.1632861    .6308285
_IpolXf~20_1 |   .0819678   .1500454     0.55   0.587    -.2197186    .3836543
_IpolXf~21_1 |  -.0670793   .1445293    -0.46   0.645    -.3576751    .2235164
_IpolXf~22_1 |   .2056506   .1471727     1.40   0.169      -.09026    .5015612
_IpolXf~23_1 |    .292844    .231957     1.26   0.213    -.1735367    .7592247
_IpolXf~24_1 |   .3578791   .1595351     2.24   0.030     .0371122     .678646
_IpolXf~25_1 |   .1076957   .1138644     0.95   0.349     -.121244    .3366354
_IpolXf~26_1 |  -.0995614   .2151249    -0.46   0.646     -.532099    .3329763
  _Ifemale_1 |          0  (omitted)
   _Ipol_u_2 |   .4052074    .044148     9.18   0.000      .316442    .4939728
   _Ipol_u_3 |  -.2231298   .1053515    -2.12   0.039    -.4349532   -.0113063
   _Ipol_u_4 |  -.0986178   .1322849    -0.75   0.460    -.3645944    .1673589
   _Ipol_u_5 |   -.227919   .3005514    -0.76   0.452    -.8322181      .37638
   _Ipol_u_6 |  -.2903252   .2936453    -0.99   0.328    -.8807386    .3000882
   _Ipol_u_7 |   .1017097   .1638558     0.62   0.538    -.2277445    .4311638
   _Ipol_u_8 |   .0348101   .0451946     0.77   0.445    -.0560597    .1256799
   _Ipol_u_9 |  -.2802254   .2652785    -1.06   0.296    -.8136036    .2531528
  _Ipol_u_10 |   .1166666   .2141891     0.54   0.588    -.3139896    .5473227
  _Ipol_u_11 |   .0814715   .1341753     0.61   0.547     -.188306     .351249
  _Ipol_u_12 |  -.1180383   .3041336    -0.39   0.700    -.7295399    .4934633
  _Ipol_u_13 |   .0166203   .1018968     0.16   0.871     -.188257    .2214975
  _Ipol_u_14 |  -.2035786   .2705614    -0.75   0.455    -.7475788    .3404216
  _Ipol_u_15 |   .0786914   .0907727     0.87   0.390    -.1038193    .2612021
  _Ipol_u_16 |   .0783782   .2235663     0.35   0.727    -.3711319    .5278883
  _Ipol_u_17 |  -.1454993    .104525    -1.39   0.170    -.3556609    .0646622
  _Ipol_u_18 |  -.2818769   .2262219    -1.25   0.219    -.7367264    .1729726
  _Ipol_u_19 |  -.0278361   .2296276    -0.12   0.904    -.4895335    .4338612
  _Ipol_u_20 |   .3102952    .094183     3.29   0.002     .1209275    .4996629
  _Ipol_u_21 |   .0141923   .1162679     0.12   0.903    -.2195799    .2479645
  _Ipol_u_22 |  -.1775491   .2456246    -0.72   0.473    -.6714104    .3163122
  _Ipol_u_23 |  -.3876586   .2999954    -1.29   0.202    -.9908397    .2155225
  _Ipol_u_24 |  -.2314052   .1952834    -1.18   0.242    -.6240487    .1612383
  _Ipol_u_25 |  -.2323516   .3259568    -0.71   0.479    -.8877318    .4230285
  _Ipol_u_26 |  -.1112725   .3052509    -0.36   0.717    -.7250205    .5024755
  _Ipol_u_27 |  -.0519717   .0877834    -0.59   0.557    -.2284721    .1245286
  _Ipol_u_28 |   .0124488   .0867462     0.14   0.886    -.1619661    .1868638
  _Ipol_u_29 |   .0625246   .0750037     0.83   0.409    -.0882804    .2133297
  _Ipol_u_30 |   .4724843     .13851     3.41   0.001     .1939913    .7509774
  _Ipol_u_31 |  -.0843905   .3057664    -0.28   0.784     -.699175    .5303941
  _Ipol_u_32 |   -.150411   .3169041    -0.47   0.637    -.7875895    .4867674
  _Ipol_u_33 |   .3211091   .1966544     1.63   0.109    -.0742911    .7165093
  _Ipol_u_34 |   .0793869   .2825071     0.28   0.780    -.4886318    .6474055
  _Ipol_u_35 |  -.2779401   .3020156    -0.92   0.362    -.8851831    .3293029
  _Ipol_u_36 |  -.0109525    .183161    -0.06   0.953    -.3792223    .3573173
  _Ipol_u_37 |  -.2355143   .2569824    -0.92   0.364     -.752212    .2811835
  _Ipol_u_38 |  -.0113815   .2009266    -0.06   0.955    -.4153715    .3926085
  _Ipol_u_39 |   .0381193   .0876292     0.44   0.666     -.138071    .2143095
  _Ipol_u_40 |  -.0081988   .1053468    -0.08   0.938    -.2200127     .203615
  _Ipol_u_41 |   .1697003   .0873985     1.94   0.058    -.0060262    .3454268
  _Ipol_u_42 |  -.3039192   .3196205    -0.95   0.346    -.9465593     .338721
  _Ipol_u_43 |   .0561033   .2133979     0.26   0.794    -.3729619    .4851685
  _Ipol_u_44 |   .1503907   .0743667     2.02   0.049     .0008663     .299915
  _Ipol_u_45 |   .0085629   .1635697     0.05   0.958    -.3203161    .3374418
  _Ipol_u_46 |  -.1229615   .3140026    -0.39   0.697    -.7543059     .508383
  _Ipol_u_47 |  -.2684281   .2969241    -0.90   0.370     -.865434    .3285779
  _Ipol_u_48 |  -.0803261   .3003349    -0.27   0.790    -.6841899    .5235377
  _Ipol_u_49 |  -.2334084   .2345296    -1.00   0.325    -.7049617    .2381449
_IfemXpol~_2 |  -.1059897   .0837993    -1.26   0.212    -.2744794    .0625001
_IfemXpol~_3 |  -.0013442   .1056041    -0.01   0.990    -.2136755    .2109871
_IfemXpol~_4 |    .353724   .1039331     3.40   0.001     .1447524    .5626956
_IfemXpol~_5 |   .0213559   .0649702     0.33   0.744    -.1092756    .1519873
_IfemXpol~_6 |   .1599731   .0693404     2.31   0.025     .0205548    .2993914
_IfemXpol~_7 |   .0698044   .0961251     0.73   0.471    -.1234681    .2630769
_IfemXpol~_8 |  -.1458723   .0920858    -1.58   0.120    -.3310233    .0392786
_IfemXpol~_9 |   .0707508   .0783833     0.90   0.371    -.0868493     .228351
_IfemXpol~10 |  -.0650827   .0853461    -0.76   0.449    -.2366826    .1065172
_IfemXpol~11 |  -.2361957   .0993722    -2.38   0.021    -.4359969   -.0363944
_IfemXpol~12 |  -.2481574   .0722441    -3.43   0.001    -.3934139   -.1029009
_IfemXpol~13 |   -.155841   .0917274    -1.70   0.096    -.3402712    .0285893
_IfemXpol~14 |   .1139691   .0689046     1.65   0.105    -.0245729    .2525111
_IfemXpol~15 |  -.0100338   .0695387    -0.14   0.886    -.1498507    .1297832
_IfemXpol~16 |  -.0919169   .0749145    -1.23   0.226    -.2425425    .0587088
_IfemXpol~17 |   .0071416   .0916599     0.08   0.938     -.177153    .1914362
_IfemXpol~18 |  -.1823305   .1572117    -1.16   0.252    -.4984257    .1337647
_IfemXpol~19 |    .364123   .1119504     3.25   0.002     .1390316    .5892144
_IfemXpol~20 |   -.301726   .1274724    -2.37   0.022    -.5580265   -.0454256
_IfemXpol~21 |    .202791   .0776656     2.61   0.012     .0466339    .3589482
_IfemXpol~22 |  -.0331262   .1379951    -0.24   0.811    -.3105839    .2443316
_IfemXpol~23 |   .0022101   .1332063     0.02   0.987    -.2656192    .2700394
_IfemXpol~24 |   .5243879   .0935197     5.61   0.000      .336354    .7124219
_IfemXpol~25 |   .2157015   .0902346     2.39   0.021     .0342727    .3971304
_IfemXpol~26 |   .0348725   .0711138     0.49   0.626    -.1081115    .1778564
_IfemXpol~27 |   .0097163   .0811441     0.12   0.905    -.1534348    .1728675
_IfemXpol~28 |   .3316423    .124378     2.67   0.010     .0815635    .5817211
_IfemXpol~29 |   .0629485   .1010134     0.62   0.536    -.1401527    .2660496
_IfemXpol~30 |  -.2951112   .0935461    -3.15   0.003    -.4831982   -.1070243
_IfemXpol~31 |   .3797128   .0874513     4.34   0.000     .2038801    .5555455
_IfemXpol~32 |   .2072535    .107942     1.92   0.061    -.0097784    .4242854
_IfemXpol~33 |   .1085912   .0937925     1.16   0.253    -.0799913    .2971737
_IfemXpol~34 |  -.3046129   .1018478    -2.99   0.004    -.5093915   -.0998342
_IfemXpol~35 |   .0073925   .0772366     0.10   0.924     -.147902     .162687
_IfemXpol~36 |   .1860867   .0859356     2.17   0.035     .0133017    .3588717
_IfemXpol~37 |  -.0352612   .0876181    -0.40   0.689    -.2114291    .1409067
_IfemXpol~38 |  -.1507098   .0755351    -2.00   0.052    -.3025832    .0011636
_IfemXpol~39 |   .2447163   .0856063     2.86   0.006     .0725932    .4168394
_IfemXpol~40 |    .208158   .0961798     2.16   0.035     .0147755    .4015405
_IfemXpol~41 |  -.3650595   .1762682    -2.07   0.044    -.7194704   -.0106486
_IfemXpol~42 |   .1230263   .0930961     1.32   0.193     -.064156    .3102086
_IfemXpol~43 |  -.3100942   .1120957    -2.77   0.008    -.5354778   -.0847107
_IfemXpol~44 |  -.3659153   .1432693    -2.55   0.014    -.6539774   -.0778531
_IfemXpol~45 |  -.0369122   .0937567    -0.39   0.696    -.2254227    .1515984
_IfemXpol~46 |  -.0489838   .1011686    -0.48   0.630    -.2523969    .1544293
_IfemXpol~47 |   .7595637   .0634667    11.97   0.000     .6319554    .8871721
_IfemXpol~48 |  -.0964327   .1053702    -0.92   0.365    -.3082936    .1154282
_IfemXpol~49 |   .0616081   .0849546     0.73   0.472    -.1092045    .2324208
       _cons |   .0859225   .4397747     0.20   0.846    -.7983038    .9701488
------------------------------------------------------------------------------

. lincom focs

 ( 1)  focs = 0

------------------------------------------------------------------------------
tenure_pol~l | Coefficient  Std. err.      t    P>|t|     [95% conf. interval]
-------------+----------------------------------------------------------------
         (1) |  -.0241635   .0736176    -0.33   0.744    -.1721815    .1238545
------------------------------------------------------------------------------

. lincom focs+f_focs

 ( 1)  focs + f_focs = 0

------------------------------------------------------------------------------
tenure_pol~l | Coefficient  Std. err.      t    P>|t|     [95% conf. interval]
-------------+----------------------------------------------------------------
         (1) |   .0747557    .095452     0.78   0.437    -.1171634    .2666747
------------------------------------------------------------------------------

. lincom gncs

 ( 1)  gncs = 0

------------------------------------------------------------------------------
tenure_pol~l | Coefficient  Std. err.      t    P>|t|     [95% conf. interval]
-------------+----------------------------------------------------------------
         (1) |   .1399838   .0844166     1.66   0.104    -.0297472    .3097149
------------------------------------------------------------------------------

. lincom gncs+f_gncs

 ( 1)  gncs + f_gncs = 0

------------------------------------------------------------------------------
tenure_pol~l | Coefficient  Std. err.      t    P>|t|     [95% conf. interval]
-------------+----------------------------------------------------------------
         (1) |  -.1563159   .0947695    -1.65   0.106    -.3468627     .034231
------------------------------------------------------------------------------

. lincom -f_focs

 ( 1)  - f_focs = 0

------------------------------------------------------------------------------
tenure_pol~l | Coefficient  Std. err.      t    P>|t|     [95% conf. interval]
-------------+----------------------------------------------------------------
         (1) |  -.0989192   .1114016    -0.89   0.379    -.3229072    .1250688
------------------------------------------------------------------------------

. lincom -f_gncs

 ( 1)  - f_gncs = 0

------------------------------------------------------------------------------
tenure_pol~l | Coefficient  Std. err.      t    P>|t|     [95% conf. interval]
-------------+----------------------------------------------------------------
         (1) |   .2962997   .1375753     2.15   0.036      .019686    .5729135
------------------------------------------------------------------------------

. 
. * Col 4: Top-10 department x gender dummies
. di _n "--- Col 4: Top-10 dept x gender ---"

--- Col 4: Top-10 dept x gender ---

. clear

. use aer_primarysample

. gen RANK_female=RANK*10+female

. xi: reg tenure_policy_school `plist' `ulist' i.pol_job_start*i.RANK_female i.
> female*i.pol_u, cluster(pol_u)
i.pol_job_start   _Ipol_job_s_1-26    (naturally coded; _Ipol_job_s_1 omitted)
i.RANK_female     _IRANK_fema_10-21   (naturally coded; _IRANK_fema_10 omitted)
i.pol~t*i.RAN~e   _IpolXRAN_#_#       (coded as above)
i.female          _Ifemale_0-1        (naturally coded; _Ifemale_0 omitted)
i.pol_u           _Ipol_u_1-49        (naturally coded; _Ipol_u_1 omitted)
i.fem~e*i.pol_u   _IfemXpol_#_#       (coded as above)
note: faculty_miss omitted because of collinearity.
note: female_ratio_miss omitted because of collinearity.
note: full_ratio_miss omitted because of collinearity.
note: _IRANK_fema_11 omitted because of collinearity.
note: _IpolXRAN_15_11 omitted because of collinearity.
note: _Ipol_u_24 omitted because of collinearity.
note: _IfemXpol_1_20 omitted because of collinearity.

Linear regression                               Number of obs     =      1,392
                                                F(47, 48)         =          .
                                                Prob > F          =          .
                                                R-squared         =     0.1926
                                                Root MSE          =      .4455

                                 (Std. err. adjusted for 49 clusters in pol_u)
------------------------------------------------------------------------------
             |               Robust
tenure_pol~l | Coefficient  std. err.      t    P>|t|     [95% conf. interval]
-------------+----------------------------------------------------------------
        focs |  -.0387375   .0779121    -0.50   0.621    -.1953903    .1179153
      f_focs |   .1587588   .1446937     1.10   0.278    -.1321673    .4496849
        gncs |   .1584856   .0862263     1.84   0.072     -.014884    .3318553
      f_gncs |  -.2996432   .1736338    -1.73   0.091    -.6487573     .049471
       focs0 |   .0185291   .0716148     0.26   0.797    -.1254621    .1625204
     f_focs0 |   .0190108   .1430973     0.13   0.895    -.2687056    .3067271
       gncs0 |  -.1324957   .0626112    -2.12   0.040    -.2583839   -.0066075
     f_gncs0 |   .2221368   .1181562     1.88   0.066    -.0154321    .4597057
    phd_rank |   .0125572   .0118015     1.06   0.293    -.0111714    .0362858
phd_rank_m~s |  -.3223284   .0833306    -3.87   0.000    -.4898758   -.1547811
    post_doc |   .1205742   .0884523     1.36   0.179     -.057271    .2984194
 ug_students |  -.0016801    .010865    -0.15   0.878    -.0235256    .0201653
grad_stude~s |   .0025367   .0194858     0.13   0.897    -.0366422    .0417157
     faculty |  -.0039184   .0052085    -0.75   0.456    -.0143907     .006554
full_av_sa~y |   .0037672   .0034125     1.10   0.275     -.003094    .0106284
assist_av_~y |    .004681    .007272     0.64   0.523    -.0099403    .0193023
     revenue |  -.0015788   .0036114    -0.44   0.664    -.0088401    .0056824
female_ratio |   .4619525   .6444201     0.72   0.477    -.8337409    1.757646
  full_ratio |  -.2983185   .2635542    -1.13   0.263    -.8282297    .2315926
faculty_miss |          0  (omitted)
revenue_miss |  -.2485507   .0971099    -2.56   0.014    -.4438033   -.0532982
female_rat~s |          0  (omitted)
full_ratio~s |          0  (omitted)
_Ipol_job~_2 |  -.7882423   .2140642    -3.68   0.001    -1.218647   -.3578374
_Ipol_job~_3 |  -.3085276   .2129625    -1.45   0.154    -.7367174    .1196623
_Ipol_job~_4 |  -.6219194   .2197656    -2.83   0.007    -1.063788   -.1800511
_Ipol_job~_5 |  -.1470399   .1034263    -1.42   0.162    -.3549925    .0609126
_Ipol_job~_6 |  -.4381801   .2493058    -1.76   0.085    -.9394431    .0630829
_Ipol_job~_7 |  -.8692532   .2902187    -3.00   0.004    -1.452777   -.2857293
_Ipol_job~_8 |   -.046829   .2301379    -0.20   0.840    -.5095522    .4158942
_Ipol_job~_9 |   .0919903   .1291681     0.71   0.480    -.1677196    .3517003
_Ipol_job~10 |  -.7302773    .278483    -2.62   0.012    -1.290205   -.1703497
_Ipol_job~11 |  -.2400196   .1697544    -1.41   0.164    -.5813337    .1012946
_Ipol_job~12 |   .0542398   .2548612     0.21   0.832    -.4581929    .5666725
_Ipol_job~13 |  -.1167178   .1982958    -0.59   0.559    -.5154182    .2819825
_Ipol_job~14 |  -.2787846   .1964005    -1.42   0.162    -.6736744    .1161051
_Ipol_job~15 |     .02207   .1686471     0.13   0.896    -.3170177    .3611577
_Ipol_job~16 |  -.4968658   .1984827    -2.50   0.016    -.8959421   -.0977895
_Ipol_job~17 |  -.3495566   .2747175    -1.27   0.209    -.9019131    .2027999
_Ipol_job~18 |  -.3413815   .2270626    -1.50   0.139    -.7979215    .1151585
_Ipol_job~19 |  -.2427026   .1322703    -1.83   0.073    -.5086498    .0232447
_Ipol_job~20 |  -.6153915   .2743787    -2.24   0.030    -1.167067   -.0637161
_Ipol_job~21 |  -.3752093   .2062073    -1.82   0.075    -.7898169    .0393982
_Ipol_job~22 |  -.3834224   .1836531    -2.09   0.042    -.7526816   -.0141632
_Ipol_job~23 |  -.2068173   .2221296    -0.93   0.356    -.6534387    .2398042
_Ipol_job~24 |  -.4712372   .1887997    -2.50   0.016    -.8508445   -.0916299
_Ipol_job~25 |  -.5605705   .1717336    -3.26   0.002    -.9058639    -.215277
_Ipol_job~26 |  -.9080132   .3096973    -2.93   0.005    -1.530701    -.285325
_IRANK_fe~11 |          0  (omitted)
_IRANK_fe~20 |   .6218023   .5023203     1.24   0.222    -.3881804    1.631785
_IRANK_fe~21 |  -.0960453    .532092    -0.18   0.858    -1.165888    .9737973
_IpolX~_2_11 |   .5705084   .2859278     2.00   0.052     -.004388    1.145405
_IpolX~_2_20 |   .1680662   .2135196     0.79   0.435    -.2612437    .5973761
_IpolX~_2_21 |   .4617667   .2359461     1.96   0.056    -.0126348    .9361682
_IpolX~_3_11 |   .8466176   .3633841     2.33   0.024     .1159849     1.57725
_IpolX~_3_20 |  -.1934222   .2214606    -0.87   0.387    -.6386986    .2518543
_IpolX~_3_21 |     .58357   .2888519     2.02   0.049     .0027943    1.164346
_IpolX~_4_11 |   .8513488   .2942138     2.89   0.006     .2597922    1.442905
_IpolX~_4_20 |   .0953489   .2179517     0.44   0.664    -.3428723      .53357
_IpolX~_4_21 |   .8619996   .2786909     3.09   0.003     .3016539    1.422345
_IpolX~_5_11 |   .5065372   .3236636     1.57   0.124    -.1442319    1.157306
_IpolX~_5_20 |  -.0893021   .1657006    -0.54   0.592    -.4224655    .2438612
_IpolX~_5_21 |   .2616982   .1788332     1.46   0.150      -.09787    .6212665
_IpolX~_6_11 |   .2564606   .3474428     0.74   0.464      -.44212    .9550411
_IpolX~_6_20 |   .0020341     .26152     0.01   0.994    -.5237871    .5278553
_IpolX~_6_21 |   .3119419   .3447216     0.90   0.370    -.3811672    1.005051
_IpolX~_7_11 |    1.20804   .5795704     2.08   0.042     .0427356    2.373345
_IpolX~_7_20 |   .2342406   .2503267     0.94   0.354    -.2690749    .7375561
_IpolX~_7_21 |     .61128   .2664255     2.29   0.026     .0755956    1.146964
_IpolX~_8_11 |    .796881   .2777594     2.87   0.006     .2384083    1.355354
_IpolX~_8_20 |  -.3022654   .2410473    -1.25   0.216    -.7869235    .1823927
_IpolX~_8_21 |   .2093474   .3069481     0.68   0.498    -.4078132    .8265079
_IpolX~_9_11 |   .3999854   .2355792     1.70   0.096    -.0736784    .8736491
_IpolX~_9_20 |    -.25026   .1608654    -1.56   0.126    -.5737015    .0731815
_IpolX~_9_21 |   .3458719   .2481204     1.39   0.170    -.1530077    .8447515
_IpolX~10_11 |   .7541182   .2990059     2.52   0.015     .1529266     1.35531
_IpolX~10_20 |   .0714497   .2348098     0.30   0.762     -.400667    .5435664
_IpolX~10_21 |   .5558088   .2689481     2.07   0.044     .0150523    1.096565
_IpolX~11_11 |   .1812572   .2009796     0.90   0.372    -.2228395    .5853538
_IpolX~11_20 |   .0328258   .1837309     0.18   0.859    -.3365899    .4022416
_IpolX~11_21 |    .170153   .1984087     0.86   0.395    -.2287744    .5690804
_IpolX~12_11 |   .3692729   .3613349     1.02   0.312    -.3572395    1.095785
_IpolX~12_20 |  -.3573471   .2757675    -1.30   0.201    -.9118147    .1971206
_IpolX~12_21 |   .1067375   .3330489     0.32   0.750    -.5629022    .7763771
_IpolX~13_11 |   .2456102   .1700253     1.44   0.155    -.0962485     .587469
_IpolX~13_20 |  -.1374355   .2262663    -0.61   0.546    -.5923744    .3175034
_IpolX~13_21 |   .6424301   .2820038     2.28   0.027     .0754234    1.209437
_IpolX~14_11 |   .5181015     .33916     1.53   0.133    -.1638253    1.200028
_IpolX~14_20 |  -.0446512    .208198    -0.21   0.831    -.4632614     .373959
_IpolX~14_21 |   .6083471   .2805623     2.17   0.035     .0442387    1.172455
_IpolX~15_11 |          0  (omitted)
_IpolX~15_20 |   -.023566    .223677    -0.11   0.917    -.4732988    .4261667
_IpolX~15_21 |   .0481823   .2596538     0.19   0.854    -.4738867    .5702513
_IpolX~16_11 |   .5047611   .2172444     2.32   0.024      .067962    .9415602
_IpolX~16_20 |   .0187355   .2051811     0.09   0.928    -.3938089    .4312798
_IpolX~16_21 |   .8301884   .4526782     1.83   0.073    -.0799821    1.740359
_IpolX~17_11 |   .0542454   .3268183     0.17   0.869    -.6028668    .7113575
_IpolX~17_20 |  -.3505645   .2419165    -1.45   0.154    -.8369703    .1358413
_IpolX~17_21 |   .5643896   .3042964     1.85   0.070    -.0474394    1.176219
_IpolX~18_11 |   .5534563   .3818635     1.45   0.154    -.2143317    1.321244
_IpolX~18_20 |  -.0702376   .2382604    -0.29   0.769    -.5492922    .4088169
_IpolX~18_21 |   .1835703   .2365025     0.78   0.441      -.29195    .6590905
_IpolX~19_11 |   .7086309   .3293694     2.15   0.036     .0463894    1.370872
_IpolX~19_20 |   .0916649   .1678215     0.55   0.587    -.2457628    .4290927
_IpolX~19_21 |   .8469755   .2877938     2.94   0.005     .2683272    1.425624
_IpolX~20_11 |   .9154732   .3733381     2.45   0.018     .1648267     1.66612
_IpolX~20_20 |  -.0688994   .2329549    -0.30   0.769    -.5372865    .3994878
_IpolX~20_21 |   .4760838    .283486     1.68   0.100     -.093903     1.04607
_IpolX~21_11 |   .6045755   .4369168     1.38   0.173    -.2739046    1.483056
_IpolX~21_20 |   .0625038   .2483281     0.25   0.802    -.4367933     .561801
_IpolX~21_21 |   .4602539   .2758258     1.67   0.102    -.0943311    1.014839
_IpolX~22_11 |   .6028628   .3415162     1.77   0.084    -.0838016    1.289527
_IpolX~22_20 |    -.01542   .1973573    -0.08   0.938    -.4122334    .3813934
_IpolX~22_21 |   .5551826   .2740347     2.03   0.048     .0041989    1.106166
_IpolX~23_11 |   .6408067   .2449053     2.62   0.012     .1483915    1.133222
_IpolX~23_20 |  -.2363405   .2267292    -1.04   0.302    -.6922101     .219529
_IpolX~23_21 |      .2218   .2560292     0.87   0.391    -.2929813    .7365812
_IpolX~24_11 |   .7533577   .3066023     2.46   0.018     .1368924    1.369823
_IpolX~24_20 |  -.1319032   .1650213    -0.80   0.428    -.4637008    .1998943
_IpolX~24_21 |   .2884321    .243773     1.18   0.243    -.2017063    .7785706
_IpolX~25_11 |   .8414501   .5090332     1.65   0.105    -.1820297     1.86493
_IpolX~25_20 |   .0941108   .1699363     0.55   0.582     -.247569    .4357906
_IpolX~25_21 |   .2823259    .197857     1.43   0.160    -.1154924    .6801442
_IpolX~26_11 |   .6602239   .4110098     1.61   0.115    -.1661666    1.486614
_IpolX~26_20 |   .0782324   .2512976     0.31   0.757    -.4270354    .5835001
_IpolX~26_21 |   .7161702   .2946751     2.43   0.019     .1236863    1.308654
  _Ifemale_1 |  -.4498162   .2998217    -1.50   0.140    -1.052648    .1530158
   _Ipol_u_2 |   -.133114    .289431    -0.46   0.648    -.7150541     .448826
   _Ipol_u_3 |  -.3432342    .245791    -1.40   0.169    -.8374302    .1509617
   _Ipol_u_4 |  -.4857841   .2119265    -2.29   0.026    -.9118908   -.0596774
   _Ipol_u_5 |  -.4644787   .2224761    -2.09   0.042     -.911797   -.0171605
   _Ipol_u_6 |  -.2876682   .2198189    -1.31   0.197    -.7296438    .1543074
   _Ipol_u_7 |  -.1875143   .3578869    -0.52   0.603    -.9070943    .5320656
   _Ipol_u_8 |  -.0942751   .2238654    -0.42   0.676    -.5443865    .3558364
   _Ipol_u_9 |  -.2755938   .0900868    -3.06   0.004    -.4567254   -.0944621
  _Ipol_u_10 |    .171811   .1294341     1.33   0.191    -.0884336    .4320557
  _Ipol_u_11 |  -.5658668   .4595621    -1.23   0.224    -1.489878    .3581448
  _Ipol_u_12 |  -.5089058   .3411851    -1.49   0.142    -1.194904    .1770929
  _Ipol_u_13 |   .2323094    .076178     3.05   0.004     .0791433    .3854756
  _Ipol_u_14 |   .0320592   .3303825     0.10   0.923    -.6322192    .6963377
  _Ipol_u_15 |  -.3747969   .4903719    -0.76   0.448    -1.360756    .6111619
  _Ipol_u_16 |  -.2372177   .1736334    -1.37   0.178     -.586331    .1118955
  _Ipol_u_17 |   .2384568   .0969946     2.46   0.018     .0434361    .4334775
  _Ipol_u_18 |  -.3641954   .1893201    -1.92   0.060     -.744849    .0164583
  _Ipol_u_19 |  -.2050004   .1650542    -1.24   0.220     -.536864    .1268633
  _Ipol_u_20 |  -.1053123   .1945019    -0.54   0.591    -.4963846    .2857599
  _Ipol_u_21 |  -.2671752   .3733299    -0.72   0.478    -1.017805    .4834549
  _Ipol_u_22 |  -.2311385   .1154157    -2.00   0.051    -.4631974    .0009203
  _Ipol_u_23 |  -.1388549   .2415516    -0.57   0.568     -.624527    .3468173
  _Ipol_u_24 |          0  (omitted)
  _Ipol_u_25 |  -.1425523   .3353835    -0.43   0.673     -.816886    .5317815
  _Ipol_u_26 |  -.2532885   .2035222    -1.24   0.219    -.6624973    .1559203
  _Ipol_u_27 |  -.5092667   .3691184    -1.38   0.174    -1.251429    .2328957
  _Ipol_u_28 |    -.35162   .4736459    -0.74   0.461    -1.303949    .6007088
  _Ipol_u_29 |   .1327476    .126757     1.05   0.300    -.1221144    .3876097
  _Ipol_u_30 |  -.3420569    .188267    -1.82   0.075    -.7205931    .0364793
  _Ipol_u_31 |  -.2439626   .3186956    -0.77   0.448    -.8847431    .3968178
  _Ipol_u_32 |  -.1163471   .4334552    -0.27   0.790    -.9878671     .755173
  _Ipol_u_33 |  -.5299503   .4361213    -1.22   0.230    -1.406831    .3469303
  _Ipol_u_34 |   .0304011   .1019132     0.30   0.767     -.174509    .2353112
  _Ipol_u_35 |   .1645229   .1021163     1.61   0.114    -.0407957    .3698414
  _Ipol_u_36 |  -.4625299   .3188548    -1.45   0.153     -1.10363    .1785706
  _Ipol_u_37 |   .1147406   .0782472     1.47   0.149    -.0425859    .2720671
  _Ipol_u_38 |   .3871853   .1660501     2.33   0.024     .0533191    .7210515
  _Ipol_u_39 |  -.0176434    .178033    -0.10   0.921    -.3756028     .340316
  _Ipol_u_40 |  -.1238565   .2881253    -0.43   0.669    -.7031712    .4554583
  _Ipol_u_41 |  -.3037638   .4643086    -0.65   0.516    -1.237319    .6297912
  _Ipol_u_42 |   -.416862   .4138502    -1.01   0.319    -1.248964    .4152396
  _Ipol_u_43 |   -.232416   .2112317    -1.10   0.277    -.6571259    .1922939
  _Ipol_u_44 |   .7833756   .2264359     3.46   0.001     .3280956    1.238656
  _Ipol_u_45 |   .2621834   .0692875     3.78   0.000     .1228716    .4014952
  _Ipol_u_46 |  -.4321957   .4062058    -1.06   0.293    -1.248927    .3845358
  _Ipol_u_47 |  -.5045078   .4608864    -1.09   0.279    -1.431182    .4221664
  _Ipol_u_48 |  -.1799069   .3562031    -0.51   0.616    -.8961012    .5362874
  _Ipol_u_49 |   -.571965   .4493564    -1.27   0.209    -1.475457    .3315265
_IfemXpol~_2 |    .487119   .2558752     1.90   0.063    -.0273525    1.001591
_IfemXpol~_3 |   .7261582   .2307774     3.15   0.003     .2621492    1.190167
_IfemXpol~_4 |   .7189374   .2355096     3.05   0.004     .2454136    1.192461
_IfemXpol~_5 |   .5013899   .2184497     2.30   0.026     .0621673    .9406125
_IfemXpol~_6 |   .8440175   .2244245     3.76   0.000     .3927818    1.295253
_IfemXpol~_7 |   .3113164   .2301908     1.35   0.183    -.1515133     .774146
_IfemXpol~_8 |   .7534401   .2711845     2.78   0.008     .2081872    1.298693
_IfemXpol~_9 |   .2944691   .2839135     1.04   0.305    -.2763773    .8653155
_IfemXpol~10 |   .3746454   .1799948     2.08   0.043     .0127416    .7365491
_IfemXpol~11 |   1.745054   .2174028     8.03   0.000     1.307937    2.182172
_IfemXpol~12 |   .3470696   .2668773     1.30   0.200    -.1895232    .8836623
_IfemXpol~13 |  -.4466362    .129517    -3.45   0.001    -.7070477   -.1862248
_IfemXpol~14 |   .7317564   .2373552     3.08   0.003     .2545218    1.208991
_IfemXpol~15 |    .716743   .2128718     3.37   0.002     .2887356     1.14475
_IfemXpol~16 |   .5609261   .2061626     2.72   0.009     .1464084    .9754437
_IfemXpol~17 |  -.5150244   .1125267    -4.58   0.000    -.7412745   -.2887743
_IfemXpol~18 |   .5864439   .2251671     2.60   0.012     .1337151    1.039173
_IfemXpol~19 |   .8286558    .227332     3.65   0.001     .3715742    1.285737
_IfemXpol~20 |          0  (omitted)
_IfemXpol~21 |   .8776827   .2341676     3.75   0.000     .4068573    1.348508
_IfemXpol~22 |   .5581168   .1980667     2.82   0.007     .1598771    .9563566
_IfemXpol~23 |   .3020102   .2290508     1.32   0.194    -.1585273    .7625478
_IfemXpol~24 |   .3663905   .2436557     1.50   0.139     -.123512    .8562931
_IfemXpol~25 |    .399319   .2136592     1.87   0.068    -.0302716    .8289096
_IfemXpol~26 |   .9778377    .205035     4.77   0.000     .5655872    1.390088
_IfemXpol~27 |   .5304136   .2352541     2.25   0.029     .0574036    1.003424
_IfemXpol~28 |   .4978251    .228825     2.18   0.035     .0377415    .9579087
_IfemXpol~29 |  -.4430087   .2012942    -2.20   0.033    -.8477379   -.0382796
_IfemXpol~30 |   .9394909    .246916     3.80   0.000     .4430331    1.435949
_IfemXpol~31 |   .6456439   .2249198     2.87   0.006     .1934123    1.097876
_IfemXpol~32 |   .2445552   .2508646     0.97   0.335    -.2598419    .7489523
_IfemXpol~33 |   .7599385   .2232485     3.40   0.001     .3110674     1.20881
_IfemXpol~34 |  -.1682708   .1226274    -1.37   0.176    -.4148297    .0782881
_IfemXpol~35 |   .0202865     .21458     0.09   0.925    -.4111555    .4517285
_IfemXpol~36 |    .925249    .239383     3.87   0.000     .4439373    1.406561
_IfemXpol~37 |  -.4111341   .1399479    -2.94   0.005    -.6925183   -.1297499
_IfemXpol~38 |  -.4211732   .1456911    -2.89   0.006    -.7141048   -.1282415
_IfemXpol~39 |  -.0301381   .2561772    -0.12   0.907    -.5452168    .4849406
_IfemXpol~40 |   .5367805   .2223423     2.41   0.020     .0897313    .9838296
_IfemXpol~41 |   .4920529   .2326004     2.12   0.040     .0243784    .9597274
_IfemXpol~42 |    .675308   .2486922     2.72   0.009     .1752789    1.175337
_IfemXpol~43 |    .373889   .2357033     1.59   0.119    -.1000242    .8478021
_IfemXpol~44 |  -.8520702   .2458649    -3.47   0.001    -1.346415   -.3577257
_IfemXpol~45 |  -.0079353   .1220355    -0.07   0.948    -.2533042    .2374335
_IfemXpol~46 |   .5303151   .2207301     2.40   0.020     .0865074    .9741228
_IfemXpol~47 |   .4772932    .270795     1.76   0.084    -.0671765    1.021763
_IfemXpol~48 |   .6089484   .2154983     2.83   0.007     .1756599    1.042237
_IfemXpol~49 |    .408017   .3306859     1.23   0.223    -.2568715    1.072906
       _cons |  -.0461494    .243998    -0.19   0.851    -.5367404    .4444415
------------------------------------------------------------------------------

. lincom focs

 ( 1)  focs = 0

------------------------------------------------------------------------------
tenure_pol~l | Coefficient  Std. err.      t    P>|t|     [95% conf. interval]
-------------+----------------------------------------------------------------
         (1) |  -.0387375   .0779121    -0.50   0.621    -.1953903    .1179153
------------------------------------------------------------------------------

. lincom focs+f_focs

 ( 1)  focs + f_focs = 0

------------------------------------------------------------------------------
tenure_pol~l | Coefficient  Std. err.      t    P>|t|     [95% conf. interval]
-------------+----------------------------------------------------------------
         (1) |   .1200213   .1167456     1.03   0.309    -.1147114     .354754
------------------------------------------------------------------------------

. lincom gncs

 ( 1)  gncs = 0

------------------------------------------------------------------------------
tenure_pol~l | Coefficient  Std. err.      t    P>|t|     [95% conf. interval]
-------------+----------------------------------------------------------------
         (1) |   .1584856   .0862263     1.84   0.072     -.014884    .3318553
------------------------------------------------------------------------------

. lincom gncs+f_gncs

 ( 1)  gncs + f_gncs = 0

------------------------------------------------------------------------------
tenure_pol~l | Coefficient  Std. err.      t    P>|t|     [95% conf. interval]
-------------+----------------------------------------------------------------
         (1) |  -.1411575   .1375647    -1.03   0.310    -.4177498    .1354348
------------------------------------------------------------------------------

. lincom -f_focs

 ( 1)  - f_focs = 0

------------------------------------------------------------------------------
tenure_pol~l | Coefficient  Std. err.      t    P>|t|     [95% conf. interval]
-------------+----------------------------------------------------------------
         (1) |  -.1587588   .1446937    -1.10   0.278    -.4496849    .1321673
------------------------------------------------------------------------------

. lincom -f_gncs

 ( 1)  - f_gncs = 0

------------------------------------------------------------------------------
tenure_pol~l | Coefficient  Std. err.      t    P>|t|     [95% conf. interval]
-------------+----------------------------------------------------------------
         (1) |   .2996432   .1736338     1.73   0.091     -.049471    .6487573
------------------------------------------------------------------------------

. 
. * Col 5: No female interactions
. di _n "--- Col 5: No female interactions ---"

--- Col 5: No female interactions ---

. xi: reg tenure_policy_school `plist' `ulist' female i.pol_job_start i.pol_u, 
> cluster(pol_u)
i.pol_job_start   _Ipol_job_s_1-26    (naturally coded; _Ipol_job_s_1 omitted)
i.pol_u           _Ipol_u_1-49        (naturally coded; _Ipol_u_1 omitted)
note: faculty_miss omitted because of collinearity.
note: female_ratio_miss omitted because of collinearity.
note: full_ratio_miss omitted because of collinearity.

Linear regression                               Number of obs     =      1,392
                                                F(44, 48)         =          .
                                                Prob > F          =          .
                                                R-squared         =     0.1224
                                                Root MSE          =     .44207

                                 (Std. err. adjusted for 49 clusters in pol_u)
------------------------------------------------------------------------------
             |               Robust
tenure_pol~l | Coefficient  std. err.      t    P>|t|     [95% conf. interval]
-------------+----------------------------------------------------------------
        focs |  -.0156121   .0637811    -0.24   0.808    -.1438526    .1126284
      f_focs |   .1359898   .0924744     1.47   0.148    -.0499424    .3219219
        gncs |   .1611339   .0665312     2.42   0.019      .027364    .2949039
      f_gncs |  -.2062901   .0685795    -3.01   0.004    -.3441784   -.0684017
       focs0 |   .0094612   .0692064     0.14   0.892    -.1296876    .1486101
     f_focs0 |   .0284318   .1671557     0.17   0.866    -.3076572    .3645208
       gncs0 |   -.131024   .0586318    -2.23   0.030    -.2489111   -.0131369
     f_gncs0 |   .1645812   .0994116     1.66   0.104    -.0352993    .3644616
    phd_rank |    .011119    .010697     1.04   0.304    -.0103887    .0326267
phd_rank_m~s |  -.3281952   .0427734    -7.67   0.000    -.4141968   -.2421936
    post_doc |   .1161042   .0787683     1.47   0.147      -.04227    .2744785
 ug_students |  -.0050561   .0110579    -0.46   0.650    -.0272894    .0171773
grad_stude~s |    .005935   .0174069     0.34   0.735    -.0290638    .0409338
     faculty |  -.0010501   .0046322    -0.23   0.822    -.0103637    .0082635
full_av_sa~y |   .0018853   .0036095     0.52   0.604    -.0053721    .0091427
assist_av_~y |   .0031425   .0070418     0.45   0.657     -.011016    .0173011
     revenue |  -.0014061   .0030763    -0.46   0.650    -.0075914    .0047793
female_ratio |    .631844   .6816482     0.93   0.359    -.7387015    2.002389
  full_ratio |  -.1807359   .2565089    -0.70   0.484    -.6964816    .3350097
faculty_miss |          0  (omitted)
revenue_miss |  -.2229153   .0675257    -3.30   0.002    -.3586847   -.0871458
female_rat~s |          0  (omitted)
full_ratio~s |          0  (omitted)
      female |  -.1118626   .0328054    -3.41   0.001    -.1778224   -.0459029
_Ipol_job~_2 |  -.5601132   .1563072    -3.58   0.001    -.8743899   -.2458366
_Ipol_job~_3 |  -.2918561   .1473434    -1.98   0.053    -.5881098    .0043977
_Ipol_job~_4 |  -.3680574   .1761898    -2.09   0.042    -.7223108    -.013804
_Ipol_job~_5 |  -.1984953   .0830276    -2.39   0.021    -.3654334   -.0315572
_Ipol_job~_6 |  -.3574087   .1491832    -2.40   0.021    -.6573617   -.0574558
_Ipol_job~_7 |  -.5397303   .2195848    -2.46   0.018    -.9812352   -.0982254
_Ipol_job~_8 |  -.2164682   .1011772    -2.14   0.038    -.4198986   -.0130379
_Ipol_job~_9 |  -.0876128   .0701546    -1.25   0.218     -.228668    .0534424
_Ipol_job~10 |  -.4916067   .2238228    -2.20   0.033    -.9416326   -.0415807
_Ipol_job~11 |  -.1836525   .1005766    -1.83   0.074    -.3858753    .0185702
_Ipol_job~12 |  -.1393354   .1007203    -1.38   0.173    -.3418471    .0631764
_Ipol_job~13 |  -.1594403   .0868111    -1.84   0.072    -.3339858    .0151052
_Ipol_job~14 |  -.2263753   .0879833    -2.57   0.013    -.4032776   -.0494731
_Ipol_job~15 |  -.0077193   .1023183    -0.08   0.940    -.2134441    .1980055
_Ipol_job~16 |  -.3683067   .1313772    -2.80   0.007    -.6324582   -.1041552
_Ipol_job~17 |  -.4285982   .2072857    -2.07   0.044    -.8453739   -.0118224
_Ipol_job~18 |  -.3444128   .0906108    -3.80   0.000     -.526598   -.1622275
_Ipol_job~19 |  -.1262807   .0754908    -1.67   0.101    -.2780652    .0255038
_Ipol_job~20 |  -.4825252   .1811186    -2.66   0.010    -.8466886   -.1183618
_Ipol_job~21 |   -.271226   .1190013    -2.28   0.027    -.5104941   -.0319579
_Ipol_job~22 |  -.3134829   .1081614    -2.90   0.006     -.530956   -.0960097
_Ipol_job~23 |  -.2940808   .1142228    -2.57   0.013    -.5237413   -.0644204
_Ipol_job~24 |  -.4311079   .1693018    -2.55   0.014     -.771512   -.0907039
_Ipol_job~25 |  -.3995631   .1770387    -2.26   0.029    -.7555232   -.0436031
_Ipol_job~26 |  -.6637491   .2370165    -2.80   0.007    -1.140303   -.1871954
   _Ipol_u_2 |   .3356981   .1887014     1.78   0.082    -.0437116    .7151078
   _Ipol_u_3 |   .2200556   .2244493     0.98   0.332    -.2312301    .6713412
   _Ipol_u_4 |   .0806656   .2725929     0.30   0.769    -.4674193    .6287504
   _Ipol_u_5 |   .0643365   .2581283     0.25   0.804    -.4546652    .5833383
   _Ipol_u_6 |   .2992247   .2555588     1.17   0.247    -.2146106      .81306
   _Ipol_u_7 |   .3186423   .1656515     1.92   0.060    -.0144222    .6517069
   _Ipol_u_8 |   .4712145   .2554014     1.84   0.071    -.0423044    .9847334
   _Ipol_u_9 |    .260327   .3833648     0.68   0.500    -.5104795    1.031134
  _Ipol_u_10 |   .6777809   .3423122     1.98   0.053     -.010484    1.366046
  _Ipol_u_11 |   .1103941   .1192575     0.93   0.359    -.1293893    .3501774
  _Ipol_u_12 |  -.0002404    .195768    -0.00   0.999    -.3938583    .3933774
  _Ipol_u_13 |   .1860978   .0623617     2.98   0.004     .0607111    .3114845
  _Ipol_u_14 |   .5943161   .1844854     3.22   0.002     .2233833    .9652488
  _Ipol_u_15 |   .2057774   .0976268     2.11   0.040     .0094855    .4020692
  _Ipol_u_16 |    .327258   .3289427     0.99   0.325    -.3341256    .9886415
  _Ipol_u_17 |   .1979224   .0903077     2.19   0.033     .0163465    .3794982
  _Ipol_u_18 |   .2000185   .3088704     0.65   0.520    -.4210071     .821044
  _Ipol_u_19 |   .3410576   .3004052     1.14   0.262    -.2629475    .9450627
  _Ipol_u_20 |     .45079   .2702354     1.67   0.102    -.0925547    .9941347
  _Ipol_u_21 |    .293222   .1097619     2.67   0.010     .0725308    .5139132
  _Ipol_u_22 |   .3160412   .3519306     0.90   0.374    -.3915626    1.023645
  _Ipol_u_23 |   .3516088   .2355942     1.49   0.142     -.122085    .8253027
  _Ipol_u_24 |   .4890907   .4240034     1.15   0.254    -.3634253    1.341607
  _Ipol_u_25 |   .3356367   .1550106     2.17   0.035      .023967    .6473064
  _Ipol_u_26 |   .3475867   .2667914     1.30   0.199    -.1888332    .8840067
  _Ipol_u_27 |   .0523138   .1036182     0.50   0.616    -.1560246    .2606522
  _Ipol_u_28 |   .1865257   .0858424     2.17   0.035      .013928    .3591233
  _Ipol_u_29 |   .1208717   .1014109     1.19   0.239    -.0830286    .3247721
  _Ipol_u_30 |   .3027786    .301476     1.00   0.320    -.3033796    .9089368
  _Ipol_u_31 |   .3499945   .1761316     1.99   0.053    -.0041418    .7041307
  _Ipol_u_32 |   .3568001   .0890536     4.01   0.000     .1777458    .5358543
  _Ipol_u_33 |  -.0063022   .1010819    -0.06   0.951     -.209541    .1969366
  _Ipol_u_34 |   .0361701   .0938452     0.39   0.702    -.1525184    .2248585
  _Ipol_u_35 |   .1665996   .1001415     1.66   0.103    -.0347484    .3679476
  _Ipol_u_36 |   .1394036   .1556558     0.90   0.375    -.1735634    .4523705
  _Ipol_u_37 |   .0773433   .0781189     0.99   0.327    -.0797253     .234412
  _Ipol_u_38 |   .3494277    .164256     2.13   0.039     .0191688    .6796866
  _Ipol_u_39 |   .4043446   .3130581     1.29   0.203    -.2251009     1.03379
  _Ipol_u_40 |   .4422557   .2174091     2.03   0.047     .0051253     .879386
  _Ipol_u_41 |    .196264   .1052828     1.86   0.068    -.0154212    .4079492
  _Ipol_u_42 |   .1477233   .1097776     1.35   0.185    -.0729993    .3684459
  _Ipol_u_43 |   .2651472   .2854046     0.93   0.358    -.3086972    .8389916
  _Ipol_u_44 |    .669943   .2074392     3.23   0.002     .2528586    1.087027
  _Ipol_u_45 |   .2798878   .0614606     4.55   0.000     .1563131    .4034626
  _Ipol_u_46 |   .0876077    .140287     0.62   0.535    -.1944582    .3696736
  _Ipol_u_47 |   .0532782    .098276     0.54   0.590    -.1443189    .2508753
  _Ipol_u_48 |   .3346993    .175689     1.91   0.063     -.018547    .6879456
  _Ipol_u_49 |  -.0685895   .1016042    -0.68   0.503    -.2728783    .1356994
       _cons |      .0396   .2376543     0.17   0.868     -.438236    .5174361
------------------------------------------------------------------------------

. lincom focs

 ( 1)  focs = 0

------------------------------------------------------------------------------
tenure_pol~l | Coefficient  Std. err.      t    P>|t|     [95% conf. interval]
-------------+----------------------------------------------------------------
         (1) |  -.0156121   .0637811    -0.24   0.808    -.1438526    .1126284
------------------------------------------------------------------------------

. lincom focs+f_focs

 ( 1)  focs + f_focs = 0

------------------------------------------------------------------------------
tenure_pol~l | Coefficient  Std. err.      t    P>|t|     [95% conf. interval]
-------------+----------------------------------------------------------------
         (1) |   .1203777   .1037083     1.16   0.251    -.0881418    .3288971
------------------------------------------------------------------------------

. lincom gncs

 ( 1)  gncs = 0

------------------------------------------------------------------------------
tenure_pol~l | Coefficient  Std. err.      t    P>|t|     [95% conf. interval]
-------------+----------------------------------------------------------------
         (1) |   .1611339   .0665312     2.42   0.019      .027364    .2949039
------------------------------------------------------------------------------

. lincom gncs+f_gncs

 ( 1)  gncs + f_gncs = 0

------------------------------------------------------------------------------
tenure_pol~l | Coefficient  Std. err.      t    P>|t|     [95% conf. interval]
-------------+----------------------------------------------------------------
         (1) |  -.0451561    .084459    -0.53   0.595    -.2149724    .1246601
------------------------------------------------------------------------------

. lincom -f_focs

 ( 1)  - f_focs = 0

------------------------------------------------------------------------------
tenure_pol~l | Coefficient  Std. err.      t    P>|t|     [95% conf. interval]
-------------+----------------------------------------------------------------
         (1) |  -.1359898   .0924744    -1.47   0.148    -.3219219    .0499424
------------------------------------------------------------------------------

. lincom -f_gncs

 ( 1)  - f_gncs = 0

------------------------------------------------------------------------------
tenure_pol~l | Coefficient  Std. err.      t    P>|t|     [95% conf. interval]
-------------+----------------------------------------------------------------
         (1) |   .2062901   .0685795     3.01   0.004     .0684017    .3441784
------------------------------------------------------------------------------

. 
. * Col 6: With endogenous covariates
. di _n "--- Col 6: With endogenous covariates ---"

--- Col 6: With endogenous covariates ---

. xi: reg tenure_policy_school `plist' `ulist' `extralist' i.pol_job_start*i.fe
> male i.female*i.pol_u, cluster(pol_u)
i.pol_job_start   _Ipol_job_s_1-26    (naturally coded; _Ipol_job_s_1 omitted)
i.female          _Ifemale_0-1        (naturally coded; _Ifemale_0 omitted)
i.pol~t*i.fem~e   _IpolXfem_#_#       (coded as above)
i.pol_u           _Ipol_u_1-49        (naturally coded; _Ipol_u_1 omitted)
i.fem~e*i.pol_u   _IfemXpol_#_#       (coded as above)
note: faculty_miss omitted because of collinearity.
note: female_ratio_miss omitted because of collinearity.
note: full_ratio_miss omitted because of collinearity.
note: _Ifemale_1 omitted because of collinearity.

Linear regression                               Number of obs     =      1,392
                                                F(47, 48)         =          .
                                                Prob > F          =          .
                                                R-squared         =     0.2741
                                                Root MSE          =     .41471

                                 (Std. err. adjusted for 49 clusters in pol_u)
------------------------------------------------------------------------------
             |               Robust
tenure_pol~l | Coefficient  std. err.      t    P>|t|     [95% conf. interval]
-------------+----------------------------------------------------------------
        focs |  -.0402106   .0636582    -0.63   0.531     -.168204    .0877828
      f_focs |   .1675954   .0920655     1.82   0.075    -.0175146    .3527055
        gncs |   .1275301   .0815458     1.56   0.124    -.0364286    .2914889
      f_gncs |  -.2886193   .1360917    -2.12   0.039      -.56225   -.0149887
       focs0 |   .0597941   .0772791     0.77   0.443    -.0955859    .2151741
     f_focs0 |  -.0094643   .1232054    -0.08   0.939    -.2571854    .2382569
       gncs0 |  -.1142942   .0589996    -1.94   0.059    -.2329209    .0043326
     f_gncs0 |   .2475672   .1271129     1.95   0.057    -.0080103    .5031448
    phd_rank |   .0142948   .0111341     1.28   0.205    -.0080918    .0366814
phd_rank_m~s |  -.3148341   .0881821    -3.57   0.001    -.4921362    -.137532
    post_doc |    .139467   .0834518     1.67   0.101    -.0283242    .3072581
 ug_students |  -.0081176   .0107065    -0.76   0.452    -.0296445    .0134093
grad_stude~s |    .002258   .0178576     0.13   0.900    -.0336472    .0381631
     faculty |  -.0040739   .0038032    -1.07   0.289    -.0117208    .0035731
full_av_sa~y |   .0037458   .0032105     1.17   0.249    -.0027093    .0102009
assist_av_~y |  -.0000421   .0067203    -0.01   0.995    -.0135542    .0134699
     revenue |  -.0002433   .0028608    -0.09   0.933    -.0059953    .0055088
female_ratio |   .3644822   .6681645     0.55   0.588    -.9789525    1.707917
  full_ratio |   -.303938   .2329522    -1.30   0.198    -.7723199    .1644438
faculty_miss |          0  (omitted)
revenue_miss |  -.0359239   .0990457    -0.36   0.718    -.2350687    .1632208
female_rat~s |          0  (omitted)
full_ratio~s |          0  (omitted)
   top_pubs7 |   .0641254   .0107197     5.98   0.000     .0425719    .0856788
    mean_ca7 |   .0335669   .0207963     1.61   0.113    -.0082469    .0753807
       PUBS7 |   .0243608   .0037741     6.45   0.000     .0167725    .0319491
 max_csstops |   .0145302   .0235446     0.62   0.540    -.0328094    .0618698
max_cssto~ss |  -.0654947   .0308432    -2.12   0.039     -.127509   -.0034803
_Ipol_job~_2 |  -.4626327   .1786865    -2.59   0.013    -.8219059   -.1033595
_Ipol_job~_3 |  -.2230702   .1417513    -1.57   0.122    -.5080803    .0619399
_Ipol_job~_4 |  -.3302282   .1830382    -1.80   0.077    -.6982513    .0377948
_Ipol_job~_5 |  -.1557487   .0987902    -1.58   0.121    -.3543798    .0428823
_Ipol_job~_6 |  -.2329917   .1671739    -1.39   0.170    -.5691174     .103134
_Ipol_job~_7 |  -.4327516   .2621932    -1.65   0.105    -.9599264    .0944233
_Ipol_job~_8 |  -.2563118   .1033261    -2.48   0.017    -.4640629   -.0485608
_Ipol_job~_9 |  -.1114413   .0772926    -1.44   0.156    -.2668484    .0439658
_Ipol_job~10 |  -.4088511   .2743008    -1.49   0.143    -.9603697    .1426676
_Ipol_job~11 |   -.122606     .10132    -1.21   0.232    -.3263235    .0811114
_Ipol_job~12 |  -.0698687   .1114272    -0.63   0.534     -.293908    .1541707
_Ipol_job~13 |   -.206264   .0899484    -2.29   0.026    -.3871174   -.0254106
_Ipol_job~14 |  -.1954317   .0947177    -2.06   0.045    -.3858745   -.0049889
_Ipol_job~15 |   .0240868   .1033077     0.23   0.817    -.1836273    .2318009
_Ipol_job~16 |  -.3361148   .1549555    -2.17   0.035    -.6476738   -.0245558
_Ipol_job~17 |  -.3293788   .2325051    -1.42   0.163    -.7968615     .138104
_Ipol_job~18 |  -.2628659    .098463    -2.67   0.010    -.4608391   -.0648928
_Ipol_job~19 |  -.1457681   .0805401    -1.81   0.077    -.3077048    .0161686
_Ipol_job~20 |  -.4152751   .2259555    -1.84   0.072    -.8695891     .039039
_Ipol_job~21 |  -.1943153   .1548163    -1.26   0.216    -.5055942    .1169636
_Ipol_job~22 |  -.2560014   .1110305    -2.31   0.025    -.4792432   -.0327596
_Ipol_job~23 |  -.2449737   .1260026    -1.94   0.058    -.4983189    .0083714
_Ipol_job~24 |  -.3227734   .1966942    -1.64   0.107    -.7182536    .0727069
_Ipol_job~25 |  -.2603429   .1984563    -1.31   0.196     -.659366    .1386802
_Ipol_job~26 |  -.5390574   .2980674    -1.81   0.077    -1.138362    .0602472
  _Ifemale_1 |  -.1911362    .136224    -1.40   0.167    -.4650329    .0827604
_IpolXf~_2_1 |   .0483899   .1614924     0.30   0.766    -.2763124    .3730922
_IpolXf~_3_1 |   .4787566    .184603     2.59   0.013     .1075873    .8499258
_IpolXf~_4_1 |   .5271071   .2133647     2.47   0.017     .0981087    .9561056
_IpolXf~_5_1 |   .2996502   .1457532     2.06   0.045     .0065937    .5927067
_IpolXf~_6_1 |    .049263   .2426111     0.20   0.840    -.4385393    .5370652
_IpolXf~_7_1 |   .3435288   .1924006     1.79   0.081    -.0433185    .7303762
_IpolXf~_8_1 |   .4948184   .1705136     2.90   0.006     .1519779    .8376589
_IpolXf~_9_1 |   .3879415   .2103711     1.84   0.071    -.0350381     .810921
_IpolXf~10_1 |     .27445   .1780038     1.54   0.130    -.0834506    .6323507
_IpolXf~11_1 |   .0278863   .1405564     0.20   0.844    -.2547213     .310494
_IpolXf~12_1 |   .1464106   .1880998     0.78   0.440    -.2317894    .5246105
_IpolXf~13_1 |   .5057372   .2018739     2.51   0.016     .0998426    .9116318
_IpolXf~14_1 |   .3166517   .1286118     2.46   0.017     .0580604     .575243
_IpolXf~15_1 |   .0043758   .1855208     0.02   0.981    -.3686387    .3773903
_IpolXf~16_1 |   .3891784    .177109     2.20   0.033     .0330769    .7452799
_IpolXf~17_1 |   .3894344   .2008803     1.94   0.058    -.0144625    .7933312
_IpolXf~18_1 |   .0788999   .1098519     0.72   0.476     -.141972    .2997719
_IpolXf~19_1 |   .5697226   .2606054     2.19   0.034     .0457403    1.093705
_IpolXf~20_1 |   .4341313   .1957429     2.22   0.031     .0405638    .8276988
_IpolXf~21_1 |   .2371279   .2111657     1.12   0.267    -.1874493     .661705
_IpolXf~22_1 |   .3808762   .1786438     2.13   0.038     .0216887    .7400636
_IpolXf~23_1 |   .3505335   .1412616     2.48   0.017     .0665081     .634559
_IpolXf~24_1 |   .2674506   .2094498     1.28   0.208    -.1536764    .6885775
_IpolXf~25_1 |    .091908   .1748026     0.53   0.601    -.2595561    .4433721
_IpolXf~26_1 |   .4635271   .2248644     2.06   0.045      .011407    .9156472
  _Ifemale_1 |          0  (omitted)
   _Ipol_u_2 |   .5371935   .1936201     2.77   0.008     .1478942    .9264928
   _Ipol_u_3 |   .3463931   .2236263     1.55   0.128    -.1032377    .7960239
   _Ipol_u_4 |    .277295   .2733999     1.01   0.316    -.2724124    .8270024
   _Ipol_u_5 |   .3978208    .266872     1.49   0.143    -.1387614    .9344029
   _Ipol_u_6 |   .5036172   .2601071     1.94   0.059    -.0193632    1.026598
   _Ipol_u_7 |   .4319986   .1623669     2.66   0.011      .105538    .7584591
   _Ipol_u_8 |   .6571532   .2521933     2.61   0.012     .1500846    1.164222
   _Ipol_u_9 |   .5879518   .3901553     1.51   0.138    -.1965079    1.372412
  _Ipol_u_10 |    .998385   .3413711     2.92   0.005     .3120124    1.684758
  _Ipol_u_11 |    .144908   .1159859     1.25   0.218    -.0882972    .3781133
  _Ipol_u_12 |   .1629341   .2092702     0.78   0.440    -.2578318       .5837
  _Ipol_u_13 |   .1531339   .0634517     2.41   0.020     .0255557    .2807121
  _Ipol_u_14 |   .7356127    .169565     4.34   0.000     .3946793    1.076546
  _Ipol_u_15 |   .3210397   .0778103     4.13   0.000     .1645917    .4774877
  _Ipol_u_16 |    .562218   .3307566     1.70   0.096    -.1028127    1.227249
  _Ipol_u_17 |   .2416685   .0852847     2.83   0.007     .0701921    .4131449
  _Ipol_u_18 |   .3795072   .3052323     1.24   0.220    -.2342034    .9932179
  _Ipol_u_19 |   .5967065   .3064132     1.95   0.057    -.0193784    1.212791
  _Ipol_u_20 |   .6356562   .2769506     2.30   0.026     .0788097    1.192503
  _Ipol_u_21 |   .3310036   .1100859     3.01   0.004     .1096611     .552346
  _Ipol_u_22 |   .5573407   .3570995     1.56   0.125    -.1606559    1.275337
  _Ipol_u_23 |   .5451158   .2387131     2.28   0.027     .0651508    1.025081
  _Ipol_u_24 |    .837987   .4527291     1.85   0.070    -.0722858     1.74826
  _Ipol_u_25 |   .6163232   .1604341     3.84   0.000     .2937489    .9388975
  _Ipol_u_26 |    .576959   .2810037     2.05   0.046     .0119632    1.141955
  _Ipol_u_27 |   .0568658   .1028416     0.55   0.583    -.1499111    .2636428
  _Ipol_u_28 |   .2189183   .0765291     2.86   0.006     .0650462    .3727903
  _Ipol_u_29 |   .1726129   .1169037     1.48   0.146    -.0624377    .4076635
  _Ipol_u_30 |   .4746824   .3028078     1.57   0.124    -.1341534    1.083518
  _Ipol_u_31 |   .4077175   .1831058     2.23   0.031     .0395586    .7758764
  _Ipol_u_32 |   .5597219   .0868699     6.44   0.000     .3850584    .7343855
  _Ipol_u_33 |   .0893587   .1095023     0.82   0.419    -.1308104    .3095277
  _Ipol_u_34 |  -.0298046   .0933006    -0.32   0.751    -.2173981    .1577889
  _Ipol_u_35 |   .0049984   .1016311     0.05   0.961    -.1993447    .2093415
  _Ipol_u_36 |    .263119    .175527     1.50   0.140    -.0898017    .6160397
  _Ipol_u_37 |    .065916   .0697576     0.94   0.349    -.0743411    .2061731
  _Ipol_u_38 |   .4387728   .1578276     2.78   0.008      .121439    .7561065
  _Ipol_u_39 |   .8082378   .3087465     2.62   0.012     .1874613    1.429014
  _Ipol_u_40 |   .6501001   .2176328     2.99   0.004     .2125201     1.08768
  _Ipol_u_41 |   .2846362   .0995492     2.86   0.006     .0844792    .4847933
  _Ipol_u_42 |   .1800301   .1012451     1.78   0.082    -.0235368    .3835969
  _Ipol_u_43 |   .5886875   .2820023     2.09   0.042     .0216838    1.155691
  _Ipol_u_44 |   .7561935   .2068026     3.66   0.001     .3403889    1.171998
  _Ipol_u_45 |   .1287879   .0609609     2.11   0.040     .0062178    .2513581
  _Ipol_u_46 |   .2666882   .1377225     1.94   0.059    -.0102215    .5435979
  _Ipol_u_47 |   .1402486   .0880024     1.59   0.118    -.0366921    .3171893
  _Ipol_u_48 |   .5084578   .1686271     3.02   0.004     .1694103    .8475054
  _Ipol_u_49 |   .0765458   .1100147     0.70   0.490    -.1446536    .2977451
_IfemXpol~_2 |  -.2324128   .1610688    -1.44   0.156    -.5562633    .0914376
_IfemXpol~_3 |   .0440337   .0935089     0.47   0.640    -.1439785    .2320459
_IfemXpol~_4 |  -.0769938   .1208459    -0.64   0.527    -.3199708    .1659832
_IfemXpol~_5 |  -.2650587   .1060583    -2.50   0.016    -.4783032   -.0518143
_IfemXpol~_6 |   .0763963    .123757     0.62   0.540    -.1724338    .3252263
_IfemXpol~_7 |  -.3994924    .118324    -3.38   0.001    -.6373986   -.1615861
_IfemXpol~_8 |   .0649687   .0992756     0.65   0.516    -.1346382    .2645756
_IfemXpol~_9 |  -.3199751   .1049284    -3.05   0.004    -.5309478   -.1090025
_IfemXpol~10 |  -.3295033   .0948388    -3.47   0.001    -.5201895   -.1388171
_IfemXpol~11 |   .8822811    .106336     8.30   0.000     .6684782    1.096084
_IfemXpol~12 |   -.336822   .1366044    -2.47   0.017    -.6114836   -.0621604
_IfemXpol~13 |  -.1657413   .0920892    -1.80   0.078     -.350899    .0194165
_IfemXpol~14 |  -.0499415   .1094394    -0.46   0.650    -.2699842    .1701011
_IfemXpol~15 |  -.0608774   .1066988    -0.57   0.571    -.2754096    .1536549
_IfemXpol~16 |  -.2044646   .0886311    -2.31   0.025    -.3826694   -.0262598
_IfemXpol~17 |  -.5177833   .1576486    -3.28   0.002    -.8347569   -.2008096
_IfemXpol~18 |  -.1049383   .1018192    -1.03   0.308    -.3096595    .0997829
_IfemXpol~19 |   .0310241   .1098383     0.28   0.779    -.1898206    .2518689
_IfemXpol~20 |  -.4528361   .1525094    -2.97   0.005    -.7594767   -.1461955
_IfemXpol~21 |   .1772639   .1224242     1.45   0.154    -.0688865    .4234143
_IfemXpol~22 |  -.2556594   .0962777    -2.66   0.011    -.4492386   -.0620802
_IfemXpol~23 |  -.3593999   .1239921    -2.90   0.006    -.6087028    -.110097
_IfemXpol~24 |  -.4799894   .1513374    -3.17   0.003    -.7842736   -.1757051
_IfemXpol~25 |  -.3854282   .0968472    -3.98   0.000    -.5801524   -.1907039
_IfemXpol~26 |   .1315697   .1168486     1.13   0.266    -.1033703    .3665096
_IfemXpol~27 |  -.0431793   .0863886    -0.50   0.619    -.2168753    .1305166
_IfemXpol~28 |  -.1434981   .0691251    -2.08   0.043    -.2824835   -.0045127
_IfemXpol~29 |  -.1580293   .1436047    -1.10   0.277    -.4467659    .1307073
_IfemXpol~30 |   .1741902   .1581996     1.10   0.276    -.1438913    .4922717
_IfemXpol~31 |  -.1017033   .0825345    -1.23   0.224      -.26765    .0642433
_IfemXpol~32 |  -.4989499   .1291725    -3.86   0.000    -.7586687   -.2392311
_IfemXpol~33 |  -.0341487   .0790961    -0.43   0.668    -.1931821    .1248847
_IfemXpol~34 |  -.0963252   .0833776    -1.16   0.254    -.2639671    .0713166
_IfemXpol~35 |  -.0003826   .1164434    -0.00   0.997    -.2345078    .2337426
_IfemXpol~36 |   .1836953    .128738     1.43   0.160    -.0751499    .4425405
_IfemXpol~37 |  -.1200061   .1138549    -1.05   0.297    -.3489267    .1089145
_IfemXpol~38 |  -.2441578   .0848554    -2.88   0.006     -.414771   -.0735445
_IfemXpol~39 |  -.7083592   .1255589    -5.64   0.000    -.9608122   -.4559062
_IfemXpol~40 |  -.2093025   .1243691    -1.68   0.099    -.4593634    .0407584
_IfemXpol~41 |  -.1282153   .0927596    -1.38   0.173    -.3147209    .0582904
_IfemXpol~42 |   .0364371   .1004174     0.36   0.718    -.1654656    .2383399
_IfemXpol~43 |  -.4190387   .1133198    -3.70   0.001    -.6468835   -.1911939
_IfemXpol~44 |  -.4660536   .1255482    -3.71   0.001    -.7184851   -.2136221
_IfemXpol~45 |   .1339002   .0975064     1.37   0.176    -.0621495    .3299499
_IfemXpol~46 |  -.2385546   .1037929    -2.30   0.026    -.4472441   -.0298651
_IfemXpol~47 |  -.1811475   .1126037    -1.61   0.114    -.4075524    .0452574
_IfemXpol~48 |  -.2204411   .1150931    -1.92   0.061    -.4518512     .010969
_IfemXpol~49 |  -.2112054     .12529    -1.69   0.098    -.4631178    .0407069
       _cons |    -.12375   .2279626    -0.54   0.590    -.5820995    .3345995
------------------------------------------------------------------------------

. lincom focs

 ( 1)  focs = 0

------------------------------------------------------------------------------
tenure_pol~l | Coefficient  Std. err.      t    P>|t|     [95% conf. interval]
-------------+----------------------------------------------------------------
         (1) |  -.0402106   .0636582    -0.63   0.531     -.168204    .0877828
------------------------------------------------------------------------------

. lincom focs+f_focs

 ( 1)  focs + f_focs = 0

------------------------------------------------------------------------------
tenure_pol~l | Coefficient  Std. err.      t    P>|t|     [95% conf. interval]
-------------+----------------------------------------------------------------
         (1) |   .1273848   .0746562     1.71   0.094    -.0227216    .2774912
------------------------------------------------------------------------------

. lincom gncs

 ( 1)  gncs = 0

------------------------------------------------------------------------------
tenure_pol~l | Coefficient  Std. err.      t    P>|t|     [95% conf. interval]
-------------+----------------------------------------------------------------
         (1) |   .1275301   .0815458     1.56   0.124    -.0364286    .2914889
------------------------------------------------------------------------------

. lincom gncs+f_gncs

 ( 1)  gncs + f_gncs = 0

------------------------------------------------------------------------------
tenure_pol~l | Coefficient  Std. err.      t    P>|t|     [95% conf. interval]
-------------+----------------------------------------------------------------
         (1) |  -.1610892   .1027422    -1.57   0.123    -.3676663    .0454879
------------------------------------------------------------------------------

. lincom -f_focs

 ( 1)  - f_focs = 0

------------------------------------------------------------------------------
tenure_pol~l | Coefficient  Std. err.      t    P>|t|     [95% conf. interval]
-------------+----------------------------------------------------------------
         (1) |  -.1675954   .0920655    -1.82   0.075    -.3527055    .0175146
------------------------------------------------------------------------------

. lincom -f_gncs

 ( 1)  - f_gncs = 0

------------------------------------------------------------------------------
tenure_pol~l | Coefficient  Std. err.      t    P>|t|     [95% conf. interval]
-------------+----------------------------------------------------------------
         (1) |   .2886193   .1360917     2.12   0.039     .0149887      .56225
------------------------------------------------------------------------------

. 
. log close t4
      name:  t4
       log:  C:/Users/Usuario/Documents/GitHub/twfe_survey/replications/2015-20
> 19/Antecol et al. (2018)/full/table4.log
  log type:  text
 closed on:   6 May 2026, 00:03:56
-------------------------------------------------------------------------------
