-------------------------------------------------------------------------------
      name:  <unnamed>
       log:  C:\Users\Usuario\Documents\GitHub\twfe_survey\data\2010-2012\Aaron
> son et al. (2012)\Supplemental-Files-for-AAF\unix_files\cps_tableA3.log
  log type:  text
 opened on:   4 May 2026, 16:42:01

. ************
. * Table A3 *
. ************
. 
. gen tot_emp = emp1+emp2 if emp1~=. & emp2~=.
(183,664 missing values generated)

.  replace tot_emp = emp1 if emp2==.
(163,759 real changes made)

.  replace tot_emp = emp2 if emp1==.
(19,905 real changes made)

.  
. gen tot_hrs = hrs1+hrs2 if hrs1~=. & hrs2~=.
(365,924 missing values generated)

.  replace tot_hrs = hrs1 if hrs2==.
(279,911 real changes made)

.  replace tot_hrs = hrs2 if hrs1==.
(86,013 real changes made)

. 
. gen tot_wage = wage1+wage2 if wage1~=. & wage2~=.
(557,388 missing values generated)

.  replace tot_wage = wage1 if wage2==.
(343,925 real changes made)

.  replace tot_wage = wage2 if wage1==.
(213,463 real changes made)

. 
. 
. *Column 1 - Employment Total 
. xtreg tot_emp minwage y1-y27 adults kids if firstsharemw==0, fe cluster(id)

Fixed-effects (within) regression               Number of obs     =    688,354
Group variable: id                              Number of groups  =    350,236

R-squared:                                      Obs per group:
     Within  = 0.0007                                         min =          1
     Between = 0.0114                                         avg =        2.0
     Overall = 0.0099                                         max =          2

                                                F(30,350235)      =       7.34
corr(u_i, Xb) = 0.0640                          Prob > F          =     0.0000

                               (Std. err. adjusted for 350,236 clusters in id)
------------------------------------------------------------------------------
             |               Robust
     tot_emp | Coefficient  std. err.      t    P>|t|     [95% conf. interval]
-------------+----------------------------------------------------------------
     minwage |  -.0046945   .0023527    -2.00   0.046    -.0093058   -.0000832
          y1 |  -.0233105   .0156628    -1.49   0.137     -.054009    .0073881
          y2 |  -.0183242   .0153989    -1.19   0.234    -.0485056    .0118571
          y3 |  -.0234048   .0151407    -1.55   0.122    -.0530801    .0062706
          y4 |  -.0192753   .0148424    -1.30   0.194    -.0483659    .0098153
          y5 |  -.0007719   .0146163    -0.05   0.958    -.0294195    .0278757
          y6 |   .0096854   .0141001     0.69   0.492    -.0179504    .0373212
          y7 |   .0152743   .0130946     1.17   0.243    -.0103908    .0409395
          y8 |   .0221799    .012877     1.72   0.085    -.0030585    .0474184
          y9 |   .0291586   .0126695     2.30   0.021     .0043267    .0539906
         y10 |   .0315152   .0124851     2.52   0.012     .0070448    .0559856
         y11 |   .0309892   .0121111     2.56   0.011     .0072517    .0547267
         y12 |   .0215962   .0116969     1.85   0.065    -.0013293    .0445217
         y13 |   .0184977   .0113989     1.62   0.105    -.0038439    .0408393
         y14 |   .0176894   .0111474     1.59   0.113    -.0041591     .039538
         y15 |   .0189898   .0108606     1.75   0.080    -.0022968    .0402763
         y16 |   .0158106   .0100038     1.58   0.114    -.0037965    .0354177
         y17 |   .0173465    .008728     1.99   0.047     .0002398    .0344532
         y18 |   .0194107   .0081593     2.38   0.017     .0034186    .0354027
         y19 |   .0212952   .0076987     2.77   0.006      .006206    .0363844
         y20 |   .0234466   .0072653     3.23   0.001     .0092069    .0376863
         y21 |   .0268367   .0067628     3.97   0.000     .0135817    .0400916
         y22 |   .0195269     .00622     3.14   0.002     .0073357     .031718
         y23 |   .0072499   .0056684     1.28   0.201    -.0038601    .0183599
         y24 |  -.0030716   .0051236    -0.60   0.549    -.0131137    .0069704
         y25 |  -.0021799   .0043713    -0.50   0.618    -.0107476    .0063878
         y26 |   .0016332   .0035911     0.45   0.649    -.0054052    .0086716
         y27 |   .0030099   .0026355     1.14   0.253    -.0021556    .0081755
      adults |    .006358   .0013456     4.73   0.000     .0037207    .0089953
        kids |  -.0070576   .0014297    -4.94   0.000    -.0098598   -.0042554
       _cons |   1.549924   .0168465    92.00   0.000     1.516905    1.582942
-------------+----------------------------------------------------------------
     sigma_u |  .47278535
     sigma_e |  .21971254
         rho |  .82239266   (fraction of variance due to u_i)
------------------------------------------------------------------------------

. xtreg tot_emp minwage y1-y27 adults kids if firstsharemw>0 & firstsharemw<., 
> fe cluster(id)

Fixed-effects (within) regression               Number of obs     =    121,264
Group variable: id                              Number of groups  =     62,708

R-squared:                                      Obs per group:
     Within  = 0.0397                                         min =          1
     Between = 0.0011                                         avg =        1.9
     Overall = 0.0015                                         max =          2

                                                F(30,62707)       =      79.31
corr(u_i, Xb) = -0.7785                         Prob > F          =     0.0000

                                (Std. err. adjusted for 62,708 clusters in id)
------------------------------------------------------------------------------
             |               Robust
     tot_emp | Coefficient  std. err.      t    P>|t|     [95% conf. interval]
-------------+----------------------------------------------------------------
     minwage |   .0086525   .0087094     0.99   0.320    -.0084179     .025723
          y1 |   1.960384   .0476718    41.12   0.000     1.866947    2.053821
          y2 |   1.868396   .0473044    39.50   0.000     1.775679    1.961112
          y3 |   1.796944   .0469011    38.31   0.000     1.705018    1.888871
          y4 |   1.720299   .0464234    37.06   0.000     1.629309    1.811289
          y5 |   1.674042   .0461156    36.30   0.000     1.583655    1.764429
          y6 |   1.615663   .0452968    35.67   0.000     1.526881    1.704445
          y7 |   1.559972   .0434263    35.92   0.000     1.474856    1.645087
          y8 |   1.492492    .043023    34.69   0.000     1.408167    1.576817
          y9 |   1.427903   .0426975    33.44   0.000     1.344216    1.511591
         y10 |    1.36353   .0422061    32.31   0.000     1.280806    1.446254
         y11 |   1.279618   .0411424    31.10   0.000     1.198979    1.360257
         y12 |   1.169795   .0397798    29.41   0.000     1.091826    1.247763
         y13 |   1.098392   .0392004    28.02   0.000     1.021559    1.175225
         y14 |     1.0407   .0387445    26.86   0.000     .9647604    1.116639
         y15 |   .9641102   .0382068    25.23   0.000     .8892247    1.038996
         y16 |   .9071447   .0360314    25.18   0.000     .8365231    .9777662
         y17 |   .8028926   .0315608    25.44   0.000     .7410334    .8647518
         y18 |   .7440296   .0298826    24.90   0.000     .6854596    .8025996
         y19 |   .6737559   .0287631    23.42   0.000     .6173802    .7301316
         y20 |   .5990159   .0278197    21.53   0.000     .5444892    .6535426
         y21 |   .5261677   .0266162    19.77   0.000     .4739999    .5783355
         y22 |   .4416729   .0248679    17.76   0.000     .3929318     .490414
         y23 |   .3676109    .022891    16.06   0.000     .3227446    .4124773
         y24 |   .2909466   .0205816    14.14   0.000     .2506065    .3312866
         y25 |   .2042838   .0175362    11.65   0.000     .1699128    .2386548
         y26 |   .1527848   .0144609    10.57   0.000     .1244414    .1811283
         y27 |   .0742274   .0103566     7.17   0.000     .0539285    .0945263
      adults |  -.0065268   .0037098    -1.76   0.079    -.0137981    .0007444
        kids |  -.0231343   .0035354    -6.54   0.000    -.0300638   -.0162048
       _cons |   .4041582   .0635908     6.36   0.000     .2795201    .5287963
-------------+----------------------------------------------------------------
     sigma_u |  .72391838
     sigma_e |  .26267341
         rho |  .88365783   (fraction of variance due to u_i)
------------------------------------------------------------------------------

. xtreg tot_emp minwage y1-y27 adults kids if firstsharemw>=0.2 & firstsharemw<
> ., fe cluster(id)

Fixed-effects (within) regression               Number of obs     =     93,836
Group variable: id                              Number of groups  =     48,738

R-squared:                                      Obs per group:
     Within  = 0.0204                                         min =          1
     Between = 0.0092                                         avg =        1.9
     Overall = 0.0091                                         max =          2

                                                F(30,48737)       =      30.58
corr(u_i, Xb) = -0.5623                         Prob > F          =     0.0000

                                (Std. err. adjusted for 48,738 clusters in id)
------------------------------------------------------------------------------
             |               Robust
     tot_emp | Coefficient  std. err.      t    P>|t|     [95% conf. interval]
-------------+----------------------------------------------------------------
     minwage |   .0116673   .0105053     1.11   0.267    -.0089232    .0322579
          y1 |   1.272778   .0558153    22.80   0.000      1.16338    1.382177
          y2 |   1.199881   .0554545    21.64   0.000     1.091189    1.308572
          y3 |   1.152315   .0549365    20.98   0.000     1.044639    1.259992
          y4 |   1.102861   .0544478    20.26   0.000     .9961425    1.209579
          y5 |   1.085895   .0541528    20.05   0.000     .9797549    1.192035
          y6 |    1.05903    .053434    19.82   0.000     .9542986    1.163761
          y7 |   1.032761   .0517319    19.96   0.000     .9313661    1.134157
          y8 |   .9975231   .0513911    19.41   0.000      .896796     1.09825
          y9 |    .966285   .0511748    18.88   0.000     .8659817    1.066588
         y10 |   .9326725   .0507943    18.36   0.000      .833115     1.03223
         y11 |   .8771238   .0496119    17.68   0.000      .779884    .9743637
         y12 |   .7904959   .0481118    16.43   0.000     .6961961    .8847957
         y13 |    .743842   .0474927    15.66   0.000     .6507556    .8369283
         y14 |   .7087161   .0470079    15.08   0.000     .6165801    .8008521
         y15 |   .6575141   .0464484    14.16   0.000     .5664747    .7485535
         y16 |   .6397608   .0435224    14.70   0.000     .5544564    .7250652
         y17 |   .5632945   .0376618    14.96   0.000     .4894768    .6371121
         y18 |   .5357684    .035763    14.98   0.000     .4656725    .6058643
         y19 |   .4908827   .0344376    14.25   0.000     .4233844    .5583809
         y20 |   .4318093   .0333302    12.96   0.000     .3664817    .4971369
         y21 |   .3734584   .0318358    11.73   0.000     .3110598    .4358571
         y22 |   .3016054   .0298554    10.10   0.000     .2430884    .3601224
         y23 |   .2519209   .0276197     9.12   0.000      .197786    .3060558
         y24 |   .1887187   .0247959     7.61   0.000     .1401183    .2373191
         y25 |   .1269952   .0211124     6.02   0.000     .0856147    .1683757
         y26 |   .0956566   .0174611     5.48   0.000     .0614326    .1298806
         y27 |   .0397309   .0126239     3.15   0.002      .014988    .0644738
      adults |  -.0010989   .0042677    -0.26   0.797    -.0094635    .0072658
        kids |  -.0186121   .0037895    -4.91   0.000    -.0260396   -.0111845
       _cons |   .6791893   .0763283     8.90   0.000     .5295848    .8287938
-------------+----------------------------------------------------------------
     sigma_u |  .56162459
     sigma_e |  .25472113
         rho |   .8293926   (fraction of variance due to u_i)
------------------------------------------------------------------------------

. 
. *Column 2 - Employment Household Head
. xtreg emp1 minwage y1-y27 adults kids if firstsharemw==0, fe cluster(id)

Fixed-effects (within) regression               Number of obs     =    672,527
Group variable: id                              Number of groups  =    342,218

R-squared:                                      Obs per group:
     Within  = 0.0009                                         min =          1
     Between = 0.0032                                         avg =        2.0
     Overall = 0.0026                                         max =          2

                                                F(30,342217)      =      10.30
corr(u_i, Xb) = -0.0585                         Prob > F          =     0.0000

                               (Std. err. adjusted for 342,218 clusters in id)
------------------------------------------------------------------------------
             |               Robust
        emp1 | Coefficient  std. err.      t    P>|t|     [95% conf. interval]
-------------+----------------------------------------------------------------
     minwage |  -.0012845   .0016091    -0.80   0.425    -.0044383    .0018693
          y1 |   .0809272   .0103324     7.83   0.000     .0606759    .1011784
          y2 |   .0704347   .0102076     6.90   0.000     .0504282    .0904412
          y3 |   .0534016    .010026     5.33   0.000     .0337509    .0730522
          y4 |   .0467072    .009849     4.74   0.000     .0274035    .0660109
          y5 |   .0475073   .0097033     4.90   0.000      .028489    .0665255
          y6 |   .0445545   .0093994     4.74   0.000      .026132     .062977
          y7 |   .0312628   .0088524     3.53   0.000     .0139124    .0486132
          y8 |   .0272044   .0087343     3.11   0.002     .0100854    .0443233
          y9 |    .023559   .0086288     2.73   0.006     .0066468    .0404711
         y10 |    .019052   .0085338     2.23   0.026     .0023259     .035778
         y11 |   .0142239   .0083116     1.71   0.087    -.0020667    .0305145
         y12 |   .0025227   .0080366     0.31   0.754    -.0132289    .0182742
         y13 |  -.0058391   .0078368    -0.75   0.456    -.0211991    .0095209
         y14 |   -.007413    .007666    -0.97   0.334    -.0224382    .0076123
         y15 |  -.0089968   .0074837    -1.20   0.229    -.0236646    .0056711
         y16 |  -.0112434   .0068975    -1.63   0.103    -.0247622    .0022755
         y17 |  -.0138326   .0061364    -2.25   0.024    -.0258599   -.0018054
         y18 |  -.0151715   .0057652    -2.63   0.008    -.0264711   -.0038719
         y19 |  -.0134357   .0054866    -2.45   0.014    -.0241892   -.0026822
         y20 |  -.0124323   .0051889    -2.40   0.017    -.0226024   -.0022623
         y21 |  -.0081023   .0048465    -1.67   0.095    -.0176014    .0013967
         y22 |  -.0096028   .0044709    -2.15   0.032    -.0183657   -.0008399
         y23 |  -.0138696   .0040828    -3.40   0.001    -.0218717   -.0058674
         y24 |  -.0184272   .0036964    -4.99   0.000    -.0256721   -.0111824
         y25 |  -.0145931    .003138    -4.65   0.000    -.0207434   -.0084427
         y26 |  -.0080628   .0025694    -3.14   0.002    -.0130989   -.0030268
         y27 |   -.004119   .0018894    -2.18   0.029    -.0078222   -.0004159
      adults |   .0007638   .0009927     0.77   0.442     -.001182    .0027095
        kids |  -.0011591   .0009275    -1.25   0.211    -.0029769    .0006588
       _cons |   .9215177   .0116114    79.36   0.000     .8987597    .9442756
-------------+----------------------------------------------------------------
     sigma_u |   .2443418
     sigma_e |  .14544509
         rho |  .73837484   (fraction of variance due to u_i)
------------------------------------------------------------------------------

. xtreg emp1 minwage y1-y27 adults kids if firstsharemw>0 & firstsharemw<., fe 
> cluster(id)

Fixed-effects (within) regression               Number of obs     =    117,193
Group variable: id                              Number of groups  =     60,612

R-squared:                                      Obs per group:
     Within  = 0.0041                                         min =          1
     Between = 0.0004                                         avg =        1.9
     Overall = 0.0004                                         max =          2

                                                F(30,60611)       =       7.65
corr(u_i, Xb) = -0.3140                         Prob > F          =     0.0000

                                (Std. err. adjusted for 60,612 clusters in id)
------------------------------------------------------------------------------
             |               Robust
        emp1 | Coefficient  std. err.      t    P>|t|     [95% conf. interval]
-------------+----------------------------------------------------------------
     minwage |   -.002033   .0063357    -0.32   0.748     -.014451    .0103849
          y1 |   .3566689   .0336601    10.60   0.000      .290695    .4226428
          y2 |   .3433252   .0334398    10.27   0.000     .2777831    .4088673
          y3 |    .322782   .0330712     9.76   0.000     .2579624    .3876017
          y4 |    .316057   .0327218     9.66   0.000     .2519222    .3801918
          y5 |   .3225036   .0324463     9.94   0.000     .2589087    .3860985
          y6 |   .3289891   .0319175    10.31   0.000     .2664307    .3915476
          y7 |   .3325698   .0305384    10.89   0.000     .2727143    .3924252
          y8 |   .3335113   .0302205    11.04   0.000      .274279    .3927435
          y9 |   .3242194    .030013    10.80   0.000     .2653938     .383045
         y10 |   .3248053   .0296485    10.96   0.000      .266694    .3829165
         y11 |   .3054679   .0289266    10.56   0.000     .2487718    .3621641
         y12 |   .2746056   .0279017     9.84   0.000     .2199181     .329293
         y13 |   .2622999   .0274688     9.55   0.000      .208461    .3161387
         y14 |   .2563713   .0271362     9.45   0.000     .2031843    .3095584
         y15 |   .2327307   .0267131     8.71   0.000     .1803729    .2850885
         y16 |   .2355677   .0252268     9.34   0.000     .1861232    .2850122
         y17 |   .2220934   .0227144     9.78   0.000     .1775731    .2666136
         y18 |   .2087062   .0215872     9.67   0.000     .1663953    .2510171
         y19 |   .1935735   .0208885     9.27   0.000     .1526319    .2345151
         y20 |   .1734758   .0202265     8.58   0.000     .1338317    .2131198
         y21 |   .1541618   .0194171     7.94   0.000     .1161041    .1922194
         y22 |   .1232372   .0181147     6.80   0.000     .0877324     .158742
         y23 |   .1097034   .0166291     6.60   0.000     .0771103    .1422965
         y24 |   .0849969   .0151433     5.61   0.000      .055316    .1146777
         y25 |   .0608657   .0131038     4.64   0.000     .0351823    .0865492
         y26 |   .0421217   .0106583     3.95   0.000     .0212314     .063012
         y27 |   .0187627   .0077164     2.43   0.015     .0036385     .033887
      adults |   .0028932   .0028011     1.03   0.302     -.002597    .0083834
        kids |  -.0028957   .0025257    -1.15   0.252    -.0078461    .0020546
       _cons |   .6501484   .0459233    14.16   0.000     .5601387    .7401581
-------------+----------------------------------------------------------------
     sigma_u |  .28898981
     sigma_e |  .18306939
         rho |  .71362437   (fraction of variance due to u_i)
------------------------------------------------------------------------------

. xtreg emp1 minwage y1-y27 adults kids if firstsharemw>=0.2 & firstsharemw<., 
> fe cluster(id)

Fixed-effects (within) regression               Number of obs     =     90,447
Group variable: id                              Number of groups  =     46,985

R-squared:                                      Obs per group:
     Within  = 0.0027                                         min =          1
     Between = 0.0001                                         avg =        1.9
     Overall = 0.0001                                         max =          2

                                                F(30,46984)       =       3.84
corr(u_i, Xb) = -0.1453                         Prob > F          =     0.0000

                                (Std. err. adjusted for 46,985 clusters in id)
------------------------------------------------------------------------------
             |               Robust
        emp1 | Coefficient  std. err.      t    P>|t|     [95% conf. interval]
-------------+----------------------------------------------------------------
     minwage |   .0001843   .0078255     0.02   0.981    -.0151538    .0155225
          y1 |   .1549792   .0406779     3.81   0.000       .07525    .2347084
          y2 |   .1457792   .0404499     3.60   0.000     .0664967    .2250616
          y3 |   .1326745   .0399745     3.32   0.001     .0543239     .211025
          y4 |   .1331118   .0395963     3.36   0.001     .0555024    .2107212
          y5 |   .1498478   .0393016     3.81   0.000      .072816    .2268795
          y6 |   .1634412   .0387705     4.22   0.000     .0874504     .239432
          y7 |   .1744585   .0373032     4.68   0.000     .1013437    .2475733
          y8 |   .1859883   .0369853     5.03   0.000     .1134965    .2584801
          y9 |   .1848659   .0368113     5.02   0.000     .1127153    .2570166
         y10 |   .1934357   .0364497     5.31   0.000     .1219938    .2648776
         y11 |   .1731078   .0355554     4.87   0.000     .1034187     .242797
         y12 |   .1469232   .0343442     4.28   0.000     .0796081    .2142382
         y13 |   .1423787   .0338133     4.21   0.000     .0761041    .2086533
         y14 |   .1437867   .0334532     4.30   0.000      .078218    .2093555
         y15 |   .1241371   .0329905     3.76   0.000     .0594753    .1887988
         y16 |   .1434273   .0308891     4.64   0.000     .0828843    .2039704
         y17 |   .1378709   .0273515     5.04   0.000     .0842616    .1914802
         y18 |   .1301843   .0260253     5.00   0.000     .0791743    .1811943
         y19 |   .1211468   .0251503     4.82   0.000     .0718518    .1704417
         y20 |   .1054243   .0243599     4.33   0.000     .0576785    .1531701
         y21 |   .0887022   .0233553     3.80   0.000     .0429255     .134479
         y22 |   .0595919   .0218017     2.73   0.006     .0168603    .1023234
         y23 |   .0545901    .019964     2.73   0.006     .0154603    .0937199
         y24 |   .0364567   .0183164     1.99   0.047     .0005563    .0723572
         y25 |   .0220855   .0156392     1.41   0.158    -.0085676    .0527386
         y26 |   .0145311   .0129232     1.12   0.261    -.0107985    .0398608
         y27 |  -.0033587   .0094715    -0.35   0.723    -.0219231    .0152057
      adults |   .0029707   .0033837     0.88   0.380    -.0036614    .0096028
        kids |  -.0030396   .0028596    -1.06   0.288    -.0086444    .0025653
       _cons |   .7502102   .0564906    13.28   0.000     .6394877    .8609327
-------------+----------------------------------------------------------------
     sigma_u |  .29300005
     sigma_e |  .18553007
         rho |  .71379993   (fraction of variance due to u_i)
------------------------------------------------------------------------------

. 
. *Column 3 - Employment Spouse
. xtreg emp2 minwage y1-y27 adults kids if firstsharemw==0, fe cluster(id)

Fixed-effects (within) regression               Number of obs     =    543,115
Group variable: id                              Number of groups  =    276,563

R-squared:                                      Obs per group:
     Within  = 0.0015                                         min =          1
     Between = 0.0316                                         avg =        2.0
     Overall = 0.0259                                         max =          2

                                                F(30,276562)      =      12.39
corr(u_i, Xb) = 0.0422                          Prob > F          =     0.0000

                               (Std. err. adjusted for 276,563 clusters in id)
------------------------------------------------------------------------------
             |               Robust
        emp2 | Coefficient  std. err.      t    P>|t|     [95% conf. interval]
-------------+----------------------------------------------------------------
     minwage |  -.0044395   .0023794    -1.87   0.062     -.009103    .0002241
          y1 |  -.1185674   .0160132    -7.40   0.000    -.1499529    -.087182
          y2 |  -.1002348   .0157131    -6.38   0.000     -.131032   -.0694376
          y3 |   -.085938    .015442    -5.57   0.000    -.1162038   -.0556721
          y4 |  -.0731512   .0151394    -4.83   0.000     -.102824   -.0434784
          y5 |  -.0516887   .0149193    -3.46   0.001    -.0809301   -.0224474
          y6 |  -.0356566   .0143989    -2.48   0.013     -.063878   -.0074351
          y7 |  -.0127236   .0132792    -0.96   0.338    -.0387504    .0133032
          y8 |   .0005294   .0130452     0.04   0.968    -.0250388    .0260976
          y9 |   .0133727   .0128183     1.04   0.297    -.0117509    .0384963
         y10 |   .0217237   .0126085     1.72   0.085    -.0029886    .0464359
         y11 |   .0266375   .0122162     2.18   0.029      .002694    .0505809
         y12 |   .0290502   .0117972     2.46   0.014      .005928    .0521724
         y13 |   .0348247   .0115052     3.03   0.002     .0122748    .0573746
         y14 |   .0349836   .0112584     3.11   0.002     .0129174    .0570498
         y15 |   .0379947   .0109577     3.47   0.001     .0165181    .0594714
         y16 |    .036661   .0101417     3.61   0.000     .0167836    .0565384
         y17 |   .0418172   .0087573     4.78   0.000     .0246531    .0589813
         y18 |   .0460778   .0081654     5.64   0.000     .0300738    .0620818
         y19 |   .0461736   .0076731     6.02   0.000     .0311346    .0612125
         y20 |   .0475564   .0072308     6.58   0.000     .0333842    .0617285
         y21 |   .0462739   .0067354     6.87   0.000     .0330727    .0594751
         y22 |     .03862   .0061981     6.23   0.000     .0264719    .0507681
         y23 |   .0279806   .0056518     4.95   0.000     .0169033    .0390579
         y24 |   .0201588   .0050891     3.96   0.000     .0101844    .0301333
         y25 |    .016275   .0043406     3.75   0.000     .0077675    .0247826
         y26 |   .0127406   .0035826     3.56   0.000     .0057188    .0197624
         y27 |   .0093468    .002662     3.51   0.000     .0041294    .0145643
      adults |   .0058633   .0012576     4.66   0.000     .0033985    .0083282
        kids |  -.0068517   .0013861    -4.94   0.000    -.0095684   -.0041351
       _cons |   .8219832   .0172389    47.68   0.000     .7881953     .855771
-------------+----------------------------------------------------------------
     sigma_u |   .3648104
     sigma_e |  .19902259
         rho |  .77063828   (fraction of variance due to u_i)
------------------------------------------------------------------------------

. xtreg emp2 minwage y1-y27 adults kids if firstsharemw>0 & firstsharemw<., fe 
> cluster(id)

Fixed-effects (within) regression               Number of obs     =    102,753
Group variable: id                              Number of groups  =     53,172

R-squared:                                      Obs per group:
     Within  = 0.0503                                         min =          1
     Between = 0.0000                                         avg =        1.9
     Overall = 0.0001                                         max =          2

                                                F(30,53171)       =      85.26
corr(u_i, Xb) = -0.9013                         Prob > F          =     0.0000

                                (Std. err. adjusted for 53,172 clusters in id)
------------------------------------------------------------------------------
             |               Robust
        emp2 | Coefficient  std. err.      t    P>|t|     [95% conf. interval]
-------------+----------------------------------------------------------------
     minwage |   .0142045    .008111     1.75   0.080    -.0016932    .0301023
          y1 |   1.922142   .0455746    42.18   0.000     1.832816    2.011469
          y2 |   1.831619   .0452134    40.51   0.000        1.743    1.920238
          y3 |   1.771796   .0449122    39.45   0.000     1.683768    1.859824
          y4 |   1.692021   .0445013    38.02   0.000     1.604798    1.779244
          y5 |   1.633009   .0442898    36.87   0.000     1.546201    1.719818
          y6 |   1.558744   .0435384    35.80   0.000     1.473408    1.644079
          y7 |   1.491993   .0419107    35.60   0.000     1.409848    1.574138
          y8 |   1.412248   .0416127    33.94   0.000     1.330686    1.493809
          y9 |    1.34759   .0412955    32.63   0.000     1.266651     1.42853
         y10 |   1.271579   .0408607    31.12   0.000     1.191491    1.351666
         y11 |   1.194753   .0398106    30.01   0.000     1.116724    1.272782
         y12 |   1.100576   .0385892    28.52   0.000     1.024941    1.176211
         y13 |    1.02961   .0380392    27.07   0.000     .9550533    1.104168
         y14 |   .9683698   .0376493    25.72   0.000      .894577    1.042163
         y15 |   .9028407   .0371087    24.33   0.000     .8301072    .9755741
         y16 |   .8332367   .0353282    23.59   0.000     .7639931    .9024803
         y17 |   .7234136   .0307724    23.51   0.000     .6630995    .7837278
         y18 |   .6681184   .0291316    22.93   0.000     .6110201    .7252166
         y19 |   .5992639   .0279373    21.45   0.000     .5445066    .6540213
         y20 |    .531722   .0270176    19.68   0.000     .4787673    .5846766
         y21 |   .4659921   .0258386    18.03   0.000     .4153482     .516636
         y22 |   .4002927   .0241746    16.56   0.000     .3529104     .447675
         y23 |   .3245817   .0222961    14.56   0.000     .2808811    .3682823
         y24 |   .2584588     .01975    13.09   0.000     .2197487     .297169
         y25 |   .1797421   .0165742    10.84   0.000     .1472566    .2122275
         y26 |   .1387559    .014069     9.86   0.000     .1111805    .1663314
         y27 |   .0692478   .0100257     6.91   0.000     .0495974    .0888982
      adults |   -.005456    .003176    -1.72   0.086    -.0116811     .000769
        kids |  -.0228589   .0032396    -7.06   0.000    -.0292086   -.0165092
       _cons |  -.3246721   .0605539    -5.36   0.000    -.4433583   -.2059858
-------------+----------------------------------------------------------------
     sigma_u |  .64476472
     sigma_e |  .22788484
         rho |  .88895293   (fraction of variance due to u_i)
------------------------------------------------------------------------------

. xtreg emp2 minwage y1-y27 adults kids if firstsharemw>=0.2 & firstsharemw<., 
> fe cluster(id)

Fixed-effects (within) regression               Number of obs     =     75,919
Group variable: id                              Number of groups  =     39,500

R-squared:                                      Obs per group:
     Within  = 0.0306                                         min =          1
     Between = 0.0018                                         avg =        1.9
     Overall = 0.0022                                         max =          2

                                                F(30,39499)       =      37.47
corr(u_i, Xb) = -0.7973                         Prob > F          =     0.0000

                                (Std. err. adjusted for 39,500 clusters in id)
------------------------------------------------------------------------------
             |               Robust
        emp2 | Coefficient  std. err.      t    P>|t|     [95% conf. interval]
-------------+----------------------------------------------------------------
     minwage |   .0159576   .0104829     1.52   0.128     -.004589    .0365043
          y1 |   1.427926   .0575145    24.83   0.000     1.315196    1.540656
          y2 |   1.353261   .0571679    23.67   0.000      1.24121    1.465311
          y3 |   1.312141   .0567405    23.13   0.000     1.200928    1.423353
          y4 |   1.254544   .0563225    22.27   0.000     1.144151    1.364938
          y5 |   1.216871   .0561356    21.68   0.000     1.106844    1.326898
          y6 |   1.170081   .0555356    21.07   0.000      1.06123    1.278932
          y7 |   1.127846   .0542256    20.80   0.000     1.021563     1.23413
          y8 |   1.072331    .054027    19.85   0.000     .9664365    1.178225
          y9 |   1.036353   .0538521    19.24   0.000     .9308016    1.141904
         y10 |   .9860336   .0535835    18.40   0.000     .8810086    1.091059
         y11 |   .9399873    .052418    17.93   0.000     .8372467    1.042728
         y12 |   .8643559   .0510945    16.92   0.000     .7642094    .9645025
         y13 |   .8108413   .0505303    16.05   0.000     .7118007    .9098819
         y14 |     .76581   .0500969    15.29   0.000     .6676189    .8640012
         y15 |   .7238718   .0495071    14.62   0.000     .6268367    .8209068
         y16 |   .6770975   .0469499    14.42   0.000     .5850745    .7691205
         y17 |   .5825694   .0404815    14.39   0.000     .5032248    .6619141
         y18 |   .5562459   .0385335    14.44   0.000     .4807194    .6317725
         y19 |    .507158   .0370594    13.68   0.000     .4345206    .5797954
         y20 |   .4485467   .0358861    12.50   0.000     .3782091    .5188843
         y21 |   .3928383   .0343214    11.45   0.000     .3255675    .4601091
         y22 |   .3359557   .0323374    10.39   0.000     .2725736    .3993377
         y23 |   .2746108   .0301529     9.11   0.000     .2155103    .3337113
         y24 |   .2115174   .0264421     8.00   0.000     .1596902    .2633445
         y25 |   .1453294   .0222767     6.52   0.000     .1016666    .1889922
         y26 |   .1127502   .0189705     5.94   0.000     .0755675    .1499329
         y27 |    .059565   .0136914     4.35   0.000     .0327296    .0864004
      adults |  -.0004832   .0035848    -0.13   0.893    -.0075096    .0065432
        kids |  -.0179473   .0034978    -5.13   0.000    -.0248031   -.0110916
       _cons |  -.1445667   .0781969    -1.85   0.065    -.2978346    .0087012
-------------+----------------------------------------------------------------
     sigma_u |  .49432842
     sigma_e |  .22236459
         rho |  .83170558   (fraction of variance due to u_i)
------------------------------------------------------------------------------

. 
. *Column 4 - Hours Total 
. xtreg tot_hrs minwage y1-y27 adults kids if firstsharemw==0, fe cluster(id)

Fixed-effects (within) regression               Number of obs     =    688,354
Group variable: id                              Number of groups  =    350,236

R-squared:                                      Obs per group:
     Within  = 0.0013                                         min =          1
     Between = 0.0000                                         avg =        2.0
     Overall = 0.0000                                         max =          2

                                                F(30,350235)      =      13.75
corr(u_i, Xb) = -0.0836                         Prob > F          =     0.0000

                               (Std. err. adjusted for 350,236 clusters in id)
------------------------------------------------------------------------------
             |               Robust
     tot_hrs | Coefficient  std. err.      t    P>|t|     [95% conf. interval]
-------------+----------------------------------------------------------------
     minwage |   -.155538    .108694    -1.43   0.152    -.3685751    .0574991
          y1 |   4.878593   .7011264     6.96   0.000     3.504405     6.25278
          y2 |   4.515953   .6910152     6.54   0.000     3.161584    5.870323
          y3 |   3.646854   .6799793     5.36   0.000     2.314115    4.979594
          y4 |   3.480023   .6684586     5.21   0.000     2.169863    4.790182
          y5 |   4.095907   .6591663     6.21   0.000      2.80396    5.387854
          y6 |   4.209314   .6381041     6.60   0.000     2.958649    5.459979
          y7 |   4.277141   .5956202     7.18   0.000     3.109743    5.444539
          y8 |   4.410383   .5866254     7.52   0.000     3.260615    5.560152
          y9 |   4.377449    .577697     7.58   0.000      3.24518    5.509718
         y10 |   4.500821   .5699146     7.90   0.000     3.383805    5.617837
         y11 |   4.227979   .5539986     7.63   0.000     3.142158      5.3138
         y12 |   3.344555    .535752     6.24   0.000     2.294497    4.394613
         y13 |   3.034925   .5233568     5.80   0.000     2.009161    4.060689
         y14 |   2.865423   .5127232     5.59   0.000       1.8605    3.870345
         y15 |   2.687112   .5008533     5.37   0.000     1.705454     3.66877
         y16 |   2.259741   .4632046     4.88   0.000     1.351874    3.167609
         y17 |   2.323025   .4074994     5.70   0.000     1.524338    3.121712
         y18 |   2.421375   .3807315     6.36   0.000     1.675152    3.167598
         y19 |   2.287267   .3594268     6.36   0.000     1.582801    2.991733
         y20 |   2.110387   .3385989     6.23   0.000     1.446743    2.774032
         y21 |   2.057777   .3154915     6.52   0.000     1.439423    2.676131
         y22 |   1.367818    .289121     4.73   0.000     .8011493    1.934487
         y23 |   .5499626   .2633116     2.09   0.037     .0338795    1.066046
         y24 |   .0663218    .237864     0.28   0.780    -.3998848    .5325284
         y25 |   .0777169   .2044246     0.38   0.704    -.3229494    .4783831
         y26 |   .1521327   .1683734     0.90   0.366    -.1778744    .4821397
         y27 |   .2398819   .1250635     1.92   0.055    -.0052388    .4850027
      adults |   .2684958   .0627931     4.28   0.000     .1454233    .3915684
        kids |  -.5519245   .0628195    -8.79   0.000    -.6750489   -.4288002
       _cons |   57.94085   .7801581    74.27   0.000     56.41177    59.46994
-------------+----------------------------------------------------------------
     sigma_u |  20.437774
     sigma_e |  9.8843771
         rho |  .81043803   (fraction of variance due to u_i)
------------------------------------------------------------------------------

. xtreg tot_hrs minwage y1-y27 adults kids if firstsharemw>0 & firstsharemw<., 
> fe cluster(id)

Fixed-effects (within) regression               Number of obs     =    121,264
Group variable: id                              Number of groups  =     62,708

R-squared:                                      Obs per group:
     Within  = 0.0055                                         min =          1
     Between = 0.0019                                         avg =        1.9
     Overall = 0.0018                                         max =          2

                                                F(30,62707)       =      10.91
corr(u_i, Xb) = -0.1390                         Prob > F          =     0.0000

                                (Std. err. adjusted for 62,708 clusters in id)
------------------------------------------------------------------------------
             |               Robust
     tot_hrs | Coefficient  std. err.      t    P>|t|     [95% conf. interval]
-------------+----------------------------------------------------------------
     minwage |   1.135138   .4029094     2.82   0.005     .3454348    1.924841
          y1 |   12.35037   2.164547     5.71   0.000     8.107858    16.59289
          y2 |   10.22662   2.148079     4.76   0.000     6.016377    14.43685
          y3 |   8.613013   2.126117     4.05   0.000     4.445819    12.78021
          y4 |   7.598827   2.105327     3.61   0.000     3.472382    11.72527
          y5 |   8.634369   2.089893     4.13   0.000     4.538175    12.73056
          y6 |    9.01549    2.05575     4.39   0.000     4.986216    13.04476
          y7 |   9.436069   1.961576     4.81   0.000     5.591377    13.28076
          y8 |   9.469425   1.941349     4.88   0.000     5.664377    13.27447
          y9 |   9.583327    1.92612     4.98   0.000     5.808128    13.35853
         y10 |   9.460228   1.903112     4.97   0.000     5.730125    13.19033
         y11 |   8.233905   1.856094     4.44   0.000     4.595957    11.87185
         y12 |    5.60655   1.795879     3.12   0.002     2.086624    9.126476
         y13 |   4.823033   1.771247     2.72   0.006     1.351386     8.29468
         y14 |    4.74998   1.749727     2.71   0.007     1.320511    8.179449
         y15 |   4.338369   1.725028     2.51   0.012     .9573103    7.719428
         y16 |   5.502973   1.641729     3.35   0.001      2.28518    8.720766
         y17 |   3.729218   1.448233     2.58   0.010     .8906776    6.567758
         y18 |    3.74016   1.369412     2.73   0.006      1.05611    6.424211
         y19 |   3.124248   1.320259     2.37   0.018     .5365378    5.711958
         y20 |   3.212433   1.275174     2.52   0.012      .713089    5.711777
         y21 |   3.072431   1.215842     2.53   0.012      .689379    5.455483
         y22 |   1.733154   1.133019     1.53   0.126    -.4875648    3.953873
         y23 |   1.009932   1.047945     0.96   0.335    -1.044043    3.063907
         y24 |   .6446245   .9428854     0.68   0.494    -1.203433    2.492682
         y25 |  -.1798237   .8069946    -0.22   0.824    -1.761535    1.401887
         y26 |   .6713533   .6683058     1.00   0.315    -.6385273    1.981234
         y27 |   1.075427   .4698573     2.29   0.022     .1545059    1.996348
      adults |   .1641777   .1711851     0.96   0.338    -.1713455    .4997008
        kids |  -.8540789   .1555172    -5.49   0.000    -1.158893   -.5492648
       _cons |   44.26973   2.931137    15.10   0.000      38.5247    50.01476
-------------+----------------------------------------------------------------
     sigma_u |  20.996341
     sigma_e |  11.926005
         rho |   .7560702   (fraction of variance due to u_i)
------------------------------------------------------------------------------

. xtreg tot_hrs minwage y1-y27 adults kids if firstsharemw>=0.2 & firstsharemw<
> ., fe cluster(id)

Fixed-effects (within) regression               Number of obs     =     93,836
Group variable: id                              Number of groups  =     48,738

R-squared:                                      Obs per group:
     Within  = 0.0083                                         min =          1
     Between = 0.0060                                         avg =        1.9
     Overall = 0.0055                                         max =          2

                                                F(30,48737)       =      12.69
corr(u_i, Xb) = -0.2281                         Prob > F          =     0.0000

                                (Std. err. adjusted for 48,738 clusters in id)
------------------------------------------------------------------------------
             |               Robust
     tot_hrs | Coefficient  std. err.      t    P>|t|     [95% conf. interval]
-------------+----------------------------------------------------------------
     minwage |   .8484318   .4937165     1.72   0.086    -.1192588    1.816122
          y1 |   24.61465   2.560883     9.61   0.000     19.59529    29.63401
          y2 |   22.30276   2.543589     8.77   0.000     17.31729    27.28823
          y3 |   20.70605   2.514086     8.24   0.000     15.77841    25.63369
          y4 |   19.91786   2.489767     8.00   0.000     15.03789    24.79784
          y5 |   21.15893   2.472038     8.56   0.000      16.3137    26.00415
          y6 |   21.57969   2.438001     8.85   0.000     16.80118     26.3582
          y7 |   22.35229   2.344377     9.53   0.000     17.75728     26.9473
          y8 |   22.67382   2.323067     9.76   0.000     18.12058    27.22706
          y9 |   22.98934   2.309192     9.96   0.000     18.46329    27.51538
         y10 |   22.93601   2.287713    10.03   0.000     18.45207    27.41996
         y11 |   21.16603   2.230266     9.49   0.000     16.79468    25.53738
         y12 |   17.96892   2.162254     8.31   0.000     13.73088    22.20697
         y13 |   16.64818   2.134551     7.80   0.000     12.46443    20.83193
         y14 |    15.7401   2.111395     7.45   0.000     11.60174    19.87846
         y15 |   14.50685   2.082684     6.97   0.000     10.42477    18.58894
         y16 |    15.9038   1.972072     8.06   0.000     12.03852    19.76909
         y17 |   13.14155   1.716603     7.66   0.000      9.77699    16.50612
         y18 |   12.89069   1.622813     7.94   0.000     9.709956    16.07142
         y19 |   11.76823   1.566295     7.51   0.000     8.698277    14.83819
         y20 |   10.77903   1.512661     7.13   0.000     7.814199    13.74387
         y21 |   9.462779   1.438443     6.58   0.000     6.643413    12.28215
         y22 |   6.726742   1.343912     5.01   0.000     4.092657    9.360826
         y23 |   5.163009   1.248383     4.14   0.000     2.716163    7.609856
         y24 |   3.863205   1.118578     3.45   0.001     1.670778    6.055632
         y25 |   2.284867   .9528008     2.40   0.016     .4173657    4.152369
         y26 |   2.379318   .7935805     3.00   0.003     .8238897    3.934746
         y27 |   1.632545    .576197     2.83   0.005     .5031911    2.761898
      adults |   .3214592   .2000633     1.61   0.108    -.0706673    .7135857
        kids |  -.7463967   .1722464    -4.33   0.000    -1.084002   -.4087916
       _cons |   33.98485   3.536647     9.61   0.000     27.05298    40.91672
-------------+----------------------------------------------------------------
     sigma_u |  22.194261
     sigma_e |  11.879496
         rho |  .77730674   (fraction of variance due to u_i)
------------------------------------------------------------------------------

. 
. *Column 5 - Hours Household Head
. xtreg hrs1 minwage y1-y27 adults kids if firstsharemw==0, fe cluster(id)

Fixed-effects (within) regression               Number of obs     =    619,077
Group variable: id                              Number of groups  =    322,385

R-squared:                                      Obs per group:
     Within  = 0.0007                                         min =          1
     Between = 0.0101                                         avg =        1.9
     Overall = 0.0080                                         max =          2

                                                F(30,322384)      =       7.83
corr(u_i, Xb) = -0.0298                         Prob > F          =     0.0000

                               (Std. err. adjusted for 322,385 clusters in id)
------------------------------------------------------------------------------
             |               Robust
        hrs1 | Coefficient  std. err.      t    P>|t|     [95% conf. interval]
-------------+----------------------------------------------------------------
     minwage |  -.0319457   .0567754    -0.56   0.574    -.1432239    .0793325
          y1 |   2.670405   .3390173     7.88   0.000     2.005941    3.334869
          y2 |   2.410266   .3354192     7.19   0.000     1.752854    3.067678
          y3 |   2.003838   .3310167     6.05   0.000     1.355054    2.652621
          y4 |   1.949796   .3274428     5.95   0.000     1.308018    2.591575
          y5 |   2.057862   .3243969     6.34   0.000     1.422053     2.69367
          y6 |    1.95811   .3165091     6.19   0.000     1.337761    2.578458
          y7 |   2.129756   .2984704     7.14   0.000     1.544762    2.714749
          y8 |   2.083017   .2956899     7.04   0.000     1.503473    2.662561
          y9 |   1.916884   .2922044     6.56   0.000     1.344172    2.489596
         y10 |    1.96485   .2889527     6.80   0.000     1.398511    2.531189
         y11 |   1.764109   .2817226     6.26   0.000      1.21194    2.316277
         y12 |    1.43766   .2732074     5.26   0.000     .9021816    1.973139
         y13 |   1.364878   .2679347     5.09   0.000     .8397339    1.890022
         y14 |   1.346912   .2631678     5.12   0.000     .8311107    1.862713
         y15 |   1.328704   .2576403     5.16   0.000      .823736    1.833671
         y16 |   .9933703   .2415719     4.11   0.000     .5198964    1.466844
         y17 |   .8063921   .2141386     3.77   0.000     .3866865    1.226098
         y18 |    .829267   .1996559     4.15   0.000     .4379472    1.220587
         y19 |   .6943878   .1883817     3.69   0.000      .325165    1.063611
         y20 |   .5482073    .177122     3.10   0.002     .2010533    .8953614
         y21 |    .451707   .1651547     2.74   0.006     .1280084    .7754055
         y22 |   .1907964   .1524493     1.25   0.211    -.1079999    .4895926
         y23 |  -.0411087   .1399028    -0.29   0.769    -.3153141    .2330968
         y24 |  -.1355658   .1267587    -1.07   0.285    -.3840093    .1128777
         y25 |   -.088611   .1098319    -0.81   0.420    -.3038784    .1266563
         y26 |   -.121221   .0908119    -1.33   0.182    -.2992097    .0567676
         y27 |  -.0565937   .0674691    -0.84   0.402    -.1888311    .0756437
      adults |   .0597672   .0309694     1.93   0.054    -.0009319    .1204662
        kids |  -.0017194   .0285992    -0.06   0.952     -.057773    .0543342
       _cons |    39.4885    .407665    96.87   0.000     38.68949    40.28751
-------------+----------------------------------------------------------------
     sigma_u |  7.1194586
     sigma_e |  4.5221887
         rho |  .71252338   (fraction of variance due to u_i)
------------------------------------------------------------------------------

. xtreg hrs1 minwage y1-y27 adults kids if firstsharemw>0 & firstsharemw<., fe 
> cluster(id)

Fixed-effects (within) regression               Number of obs     =    104,545
Group variable: id                              Number of groups  =     56,032

R-squared:                                      Obs per group:
     Within  = 0.0040                                         min =          1
     Between = 0.0196                                         avg =        1.9
     Overall = 0.0155                                         max =          2

                                                F(30,56031)       =       6.09
corr(u_i, Xb) = -0.4307                         Prob > F          =     0.0000

                                (Std. err. adjusted for 56,032 clusters in id)
------------------------------------------------------------------------------
             |               Robust
        hrs1 | Coefficient  std. err.      t    P>|t|     [95% conf. interval]
-------------+----------------------------------------------------------------
     minwage |   .3087822   .2139223     1.44   0.149    -.1105068    .7280712
          y1 |  -10.74424   1.123961    -9.56   0.000    -12.94721   -8.541268
          y2 |  -10.88412   1.117037    -9.74   0.000    -13.07352   -8.694723
          y3 |  -11.20885   1.104257   -10.15   0.000     -13.3732   -9.044494
          y4 |  -10.88833   1.094274    -9.95   0.000    -13.03311   -8.743544
          y5 |  -10.10145   1.086269    -9.30   0.000    -12.23054   -7.972354
          y6 |  -9.996342   1.070711    -9.34   0.000    -12.09494   -7.897741
          y7 |  -9.451237   1.025606    -9.22   0.000    -11.46143   -7.441043
          y8 |  -9.147201   1.017462    -8.99   0.000    -11.14143   -7.152969
          y9 |  -8.609334    1.00923    -8.53   0.000    -10.58743   -6.631237
         y10 |  -8.292205   .9963298    -8.32   0.000    -10.24502   -6.339393
         y11 |   -8.01489   .9746417    -8.22   0.000    -9.925194   -6.104586
         y12 |  -7.965882   .9500377    -8.38   0.000    -9.827962   -6.103802
         y13 |  -7.710145    .938308    -8.22   0.000    -9.549235   -5.871056
         y14 |  -7.586982   .9277307    -8.18   0.000     -9.40534   -5.768624
         y15 |  -7.077095    .913765    -7.74   0.000     -8.86808   -5.286109
         y16 |  -6.179418   .8661624    -7.13   0.000    -7.877101   -4.481734
         y17 |  -6.240386   .7690792    -8.11   0.000    -7.747786   -4.732986
         y18 |  -6.042216   .7290092    -8.29   0.000    -7.471079   -4.613353
         y19 |   -5.59349   .7039623    -7.95   0.000    -6.973261    -4.21372
         y20 |  -4.656714    .678697    -6.86   0.000    -5.986964   -3.326463
         y21 |  -3.974202   .6484272    -6.13   0.000    -5.245124   -2.703281
         y22 |  -3.771818   .6047613    -6.24   0.000    -4.957154   -2.586482
         y23 |  -3.380824   .5623105    -6.01   0.000    -4.482956   -2.278692
         y24 |  -3.162978   .5157651    -6.13   0.000    -4.173881   -2.152075
         y25 |   -2.17209   .4449859    -4.88   0.000    -3.044266   -1.299915
         y26 |  -1.271349   .3625132    -3.51   0.000    -1.981877    -.560821
         y27 |   -.495497   .2554887    -1.94   0.052    -.9962565    .0052625
      adults |  -.0691658   .0851923    -0.81   0.417    -.2361434    .0978117
        kids |  -.0278055   .0726479    -0.38   0.702    -.1701959    .1145849
       _cons |   44.78137   1.535838    29.16   0.000     41.77112    47.79162
-------------+----------------------------------------------------------------
     sigma_u |  9.9282662
     sigma_e |  5.3638231
         rho |  .77406662   (fraction of variance due to u_i)
------------------------------------------------------------------------------

. xtreg hrs1 minwage y1-y27 adults kids if firstsharemw>=0.2 & firstsharemw<., 
> fe cluster(id)

Fixed-effects (within) regression               Number of obs     =     79,486
Group variable: id                              Number of groups  =     42,849

R-squared:                                      Obs per group:
     Within  = 0.0029                                         min =          1
     Between = 0.0195                                         avg =        1.9
     Overall = 0.0157                                         max =          2

                                                F(30,42848)       =       3.59
corr(u_i, Xb) = -0.3894                         Prob > F          =     0.0000

                                (Std. err. adjusted for 42,849 clusters in id)
------------------------------------------------------------------------------
             |               Robust
        hrs1 | Coefficient  std. err.      t    P>|t|     [95% conf. interval]
-------------+----------------------------------------------------------------
     minwage |  -.0228278   .2569474    -0.09   0.929    -.5264497    .4807942
          y1 |  -7.632763   1.325422    -5.76   0.000    -10.23062   -5.034911
          y2 |  -7.839994   1.318163    -5.95   0.000    -10.42362    -5.25637
          y3 |  -8.280802   1.302313    -6.36   0.000    -10.83336   -5.728243
          y4 |   -7.93375   1.290869    -6.15   0.000    -10.46388   -5.403622
          y5 |  -7.177777   1.281843    -5.60   0.000    -9.690215   -4.665339
          y6 |  -7.150724    1.26582    -5.65   0.000    -9.631755   -4.669694
          y7 |  -6.420406   1.223374    -5.25   0.000    -8.818243    -4.02257
          y8 |  -6.100898   1.213595    -5.03   0.000    -8.479567   -3.722229
          y9 |  -5.671823   1.205343    -4.71   0.000    -8.034319   -3.309327
         y10 |  -5.488788   1.192504    -4.60   0.000    -7.826118   -3.151457
         y11 |  -5.126012   1.163048    -4.41   0.000    -7.405607   -2.846416
         y12 |  -4.981552   1.133369    -4.40   0.000    -7.202978   -2.760126
         y13 |  -4.715879   1.119817    -4.21   0.000    -6.910742   -2.521016
         y14 |  -4.654724   1.106652    -4.21   0.000    -6.823783   -2.485664
         y15 |  -4.339431   1.089075    -3.98   0.000     -6.47404   -2.204823
         y16 |  -3.325763    1.02078    -3.26   0.001    -5.326512   -1.325014
         y17 |  -3.575031   .9100119    -3.93   0.000    -5.358672    -1.79139
         y18 |  -3.200178   .8552746    -3.74   0.000    -4.876533   -1.523823
         y19 |  -2.662436   .8271857    -3.22   0.001    -4.283736   -1.041136
         y20 |  -1.985084    .796824    -2.49   0.013    -3.546875   -.4232939
         y21 |  -1.670046   .7597213    -2.20   0.028    -3.159115   -.1809779
         y22 |  -1.904881    .709855    -2.68   0.007     -3.29621   -.5135512
         y23 |  -1.665565   .6639413    -2.51   0.012    -2.966903   -.3642276
         y24 |   -1.49439   .6092636    -2.45   0.014    -2.688559    -.300222
         y25 |  -.9464815   .5200914    -1.82   0.069    -1.965871    .0729077
         y26 |  -.5266946   .4343805    -1.21   0.225    -1.378089    .3246997
         y27 |  -.1656315    .311879    -0.53   0.595    -.7769205    .4456575
      adults |   .0336411   .0986255     0.34   0.733    -.1596669    .2269491
        kids |  -.0112587   .0818263    -0.14   0.891    -.1716397    .1491223
       _cons |   43.78402   1.835541    23.85   0.000     40.18632    47.38171
-------------+----------------------------------------------------------------
     sigma_u |  9.4674016
     sigma_e |  5.3594071
         rho |  .75731266   (fraction of variance due to u_i)
------------------------------------------------------------------------------

. 
. *Column 6 - Hours Spouse
. xtreg hrs2 minwage y1-y27 adults kids if firstsharemw==0, fe cluster(id)

Fixed-effects (within) regression               Number of obs     =    438,699
Group variable: id                              Number of groups  =    233,301

R-squared:                                      Obs per group:
     Within  = 0.0014                                         min =          1
     Between = 0.0187                                         avg =        1.9
     Overall = 0.0163                                         max =          2

                                                F(30,233300)      =       9.71
corr(u_i, Xb) = 0.0083                          Prob > F          =     0.0000

                               (Std. err. adjusted for 233,301 clusters in id)
------------------------------------------------------------------------------
             |               Robust
        hrs2 | Coefficient  std. err.      t    P>|t|     [95% conf. interval]
-------------+----------------------------------------------------------------
     minwage |   .0252943   .0690721     0.37   0.714    -.1100852    .1606738
          y1 |  -3.173169   .4461925    -7.11   0.000    -4.047695   -2.298643
          y2 |  -3.221308   .4395006    -7.33   0.000    -4.082718   -2.359898
          y3 |  -3.249153   .4326409    -7.51   0.000    -4.097118   -2.401188
          y4 |  -3.112241   .4253466    -7.32   0.000     -3.94591   -2.278573
          y5 |  -2.721228   .4196394    -6.48   0.000     -3.54371   -1.898746
          y6 |  -2.453068   .4074864    -6.02   0.000    -3.251731   -1.654405
          y7 |   -2.38486    .378746    -6.30   0.000    -3.127193   -1.642528
          y8 |  -2.115748   .3731553    -5.67   0.000    -2.847123   -1.384373
          y9 |  -1.849908   .3676944    -5.03   0.000    -2.570579   -1.129236
         y10 |  -1.647727   .3625592    -4.54   0.000    -2.358334   -.9371208
         y11 |  -1.399002   .3522733    -3.97   0.000    -2.089448   -.7085551
         y12 |  -1.443339    .340979    -4.23   0.000    -2.111649    -.775029
         y13 |  -1.278989   .3338295    -3.83   0.000    -1.933286   -.6246915
         y14 |  -1.242105    .327511    -3.79   0.000    -1.884018   -.6001917
         y15 |  -1.117901   .3202191    -3.49   0.000    -1.745522   -.4902801
         y16 |  -.9164721   .2980801    -3.07   0.002    -1.500701   -.3322428
         y17 |  -.5326493   .2636055    -2.02   0.043    -1.049309   -.0159894
         y18 |  -.2886365   .2468515    -1.17   0.242    -.7724591    .1951861
         y19 |  -.1924959   .2337635    -0.82   0.410    -.6506664    .2656746
         y20 |  -.2276311   .2199907    -1.03   0.301    -.6588072     .203545
         y21 |  -.1435406   .2044931    -0.70   0.483    -.5443418    .2572606
         y22 |  -.1699968   .1876933    -0.91   0.365    -.5378708    .1978771
         y23 |  -.2670215   .1717587    -1.55   0.120    -.6036641    .0696211
         y24 |  -.2209646   .1555519    -1.42   0.155    -.5258422     .083913
         y25 |  -.2352352   .1334067    -1.76   0.078    -.4967089    .0262384
         y26 |  -.1051583   .1105095    -0.95   0.341     -.321754    .1114374
         y27 |   .0107314   .0813057     0.13   0.895    -.1486257    .1700885
      adults |    .024103   .0378172     0.64   0.524    -.0500177    .0982237
        kids |  -.4456534   .0385675   -11.56   0.000    -.5212447   -.3700621
       _cons |   37.90198   .4993183    75.91   0.000     36.92333    38.88063
-------------+----------------------------------------------------------------
     sigma_u |  9.0870836
     sigma_e |  4.9199185
         rho |  .77331483   (fraction of variance due to u_i)
------------------------------------------------------------------------------

. xtreg hrs2 minwage y1-y27 adults kids if firstsharemw>0 & firstsharemw<., fe 
> cluster(id)

Fixed-effects (within) regression               Number of obs     =     91,025
Group variable: id                              Number of groups  =     49,764

R-squared:                                      Obs per group:
     Within  = 0.0300                                         min =          1
     Between = 0.0019                                         avg =        1.8
     Overall = 0.0027                                         max =          2

                                                F(30,49763)       =      41.14
corr(u_i, Xb) = -0.7708                         Prob > F          =     0.0000

                                (Std. err. adjusted for 49,764 clusters in id)
------------------------------------------------------------------------------
             |               Robust
        hrs2 | Coefficient  std. err.      t    P>|t|     [95% conf. interval]
-------------+----------------------------------------------------------------
     minwage |    .725594   .2685318     2.70   0.007     .1992684     1.25192
          y1 |   -44.8588   1.456073   -30.81   0.000    -47.71272   -42.00488
          y2 |  -43.77919   1.445988   -30.28   0.000    -46.61334   -40.94504
          y3 |  -42.60301    1.43425   -29.70   0.000    -45.41415   -39.79186
          y4 |  -41.27346   1.424928   -28.97   0.000    -44.06633   -38.48058
          y5 |  -39.37977    1.41558   -27.82   0.000    -42.15433   -36.60522
          y6 |  -37.24681   1.394901   -26.70   0.000    -39.98083   -34.51278
          y7 |  -35.75717   1.330714   -26.87   0.000    -38.36538   -33.14895
          y8 |  -33.69705   1.319764   -25.53   0.000    -36.28381    -31.1103
          y9 |   -31.6607   1.307186   -24.22   0.000     -34.2228    -29.0986
         y10 |  -29.91658   1.293684   -23.13   0.000    -32.45222   -27.38095
         y11 |  -28.56786   1.260531   -22.66   0.000    -31.03852   -26.09721
         y12 |   -27.8692   1.223275   -22.78   0.000    -30.26684   -25.47157
         y13 |  -26.30111   1.208513   -21.76   0.000    -28.66981   -23.93241
         y14 |  -24.42238   1.196153   -20.42   0.000    -26.76685    -22.0779
         y15 |  -22.60988   1.178452   -19.19   0.000    -24.91966    -20.3001
         y16 |  -20.58515   1.132055   -18.18   0.000    -22.80399    -18.3663
         y17 |  -18.79698   1.002478   -18.75   0.000    -20.76184   -16.83211
         y18 |  -16.98164   .9442412   -17.98   0.000    -18.83236   -15.13092
         y19 |  -15.64607   .9062444   -17.26   0.000    -17.42232   -13.86982
         y20 |  -13.80696    .874332   -15.79   0.000    -15.52066   -12.09326
         y21 |  -11.93951    .834355   -14.31   0.000    -13.57486   -10.30417
         y22 |  -10.74542      .7834   -13.72   0.000     -12.2809   -9.209949
         y23 |    -9.3301   .7220209   -12.92   0.000    -10.74527    -7.91493
         y24 |  -6.991468   .6527522   -10.71   0.000     -8.27087   -5.712066
         y25 |  -5.693474   .5560348   -10.24   0.000    -6.783308   -4.603639
         y26 |  -3.503167   .4641062    -7.55   0.000    -4.412821   -2.593514
         y27 |  -.8964111   .3229671    -2.78   0.006     -1.52943   -.2633918
      adults |    .237297   .1079025     2.20   0.028     .0258068    .4487872
        kids |    -.20705   .0962759    -2.15   0.032     -.395752    -.018348
       _cons |   55.13615   2.002231    27.54   0.000     51.21176    59.06055
-------------+----------------------------------------------------------------
     sigma_u |  16.492113
     sigma_e |  6.5967218
         rho |  .86207341   (fraction of variance due to u_i)
------------------------------------------------------------------------------

. xtreg hrs2 minwage y1-y27 adults kids if firstsharemw>=0.2 & firstsharemw<., 
> fe cluster(id)

Fixed-effects (within) regression               Number of obs     =     66,247
Group variable: id                              Number of groups  =     36,308

R-squared:                                      Obs per group:
     Within  = 0.0088                                         min =          1
     Between = 0.0131                                         avg =        1.8
     Overall = 0.0140                                         max =          2

                                                F(30,36307)       =       8.24
corr(u_i, Xb) = -0.3523                         Prob > F          =     0.0000

                                (Std. err. adjusted for 36,308 clusters in id)
------------------------------------------------------------------------------
             |               Robust
        hrs2 | Coefficient  std. err.      t    P>|t|     [95% conf. interval]
-------------+----------------------------------------------------------------
     minwage |   .7020098   .3263062     2.15   0.031     .0624401     1.34158
          y1 |  -15.61908   1.703976    -9.17   0.000    -18.95893   -12.27924
          y2 |  -15.19445   1.693732    -8.97   0.000    -18.51422   -11.87469
          y3 |  -14.58552   1.676649    -8.70   0.000     -17.8718   -11.29924
          y4 |  -13.73561   1.665219    -8.25   0.000    -16.99949   -10.47173
          y5 |  -12.41222    1.65443    -7.50   0.000    -15.65495    -9.16949
          y6 |  -10.96272   1.635919    -6.70   0.000    -14.16917   -7.756269
          y7 |  -9.998965    1.57205    -6.36   0.000    -13.08023   -6.917701
          y8 |  -8.498005   1.561176    -5.44   0.000    -11.55796   -5.438054
          y9 |  -6.991301   1.549129    -4.51   0.000    -10.02764   -3.954962
         y10 |  -5.798423   1.536649    -3.77   0.000      -8.8103   -2.786547
         y11 |  -5.933628   1.498752    -3.96   0.000    -8.871226   -2.996029
         y12 |  -6.541404    1.45974    -4.48   0.000    -9.402537    -3.68027
         y13 |  -6.351402   1.443699    -4.40   0.000    -9.181094   -3.521709
         y14 |  -6.006849   1.432657    -4.19   0.000    -8.814899     -3.1988
         y15 |  -5.605103   1.412844    -3.97   0.000    -8.374318   -2.835889
         y16 |  -4.478383   1.355631    -3.30   0.001    -7.135459   -1.821306
         y17 |  -4.508964   1.175041    -3.84   0.000    -6.812078    -2.20585
         y18 |  -4.237181   1.106171    -3.83   0.000    -6.405309   -2.069053
         y19 |  -4.421795   1.066312    -4.15   0.000    -6.511799   -2.331792
         y20 |  -3.795255   1.028847    -3.69   0.000    -5.811826   -1.778684
         y21 |  -3.253873   .9794403    -3.32   0.001    -5.173605   -1.334141
         y22 |  -3.480741   .9230701    -3.77   0.000    -5.289986   -1.671497
         y23 |  -3.622105   .8515507    -4.25   0.000     -5.29117   -1.953041
         y24 |  -2.380326   .7634616    -3.12   0.002    -3.876733   -.8839188
         y25 |  -2.252045   .6547542    -3.44   0.001    -3.535383    -.968708
         y26 |  -.9615055   .5435698    -1.77   0.077    -2.026918    .1039072
         y27 |   .3886692   .3738124     1.04   0.298    -.3440141    1.121353
      adults |   .2387301   .1200923     1.99   0.047     .0033456    .4741145
        kids |  -.1409913   .1017003    -1.39   0.166     -.340327    .0583443
       _cons |   38.10443   2.391831    15.93   0.000     33.41637    42.79249
-------------+----------------------------------------------------------------
     sigma_u |  9.9713167
     sigma_e |   6.166542
         rho |  .72335176   (fraction of variance due to u_i)
------------------------------------------------------------------------------

. 
. *Column 7 - Hourly Wage Total 
. xtreg tot_wage minwage y1-y27 adults kids if firstsharemw==0, fe cluster(id)

Fixed-effects (within) regression               Number of obs     =    688,354
Group variable: id                              Number of groups  =    350,236

R-squared:                                      Obs per group:
     Within  = 0.0004                                         min =          1
     Between = 0.0029                                         avg =        2.0
     Overall = 0.0027                                         max =          2

                                                F(30,350235)      =       4.97
corr(u_i, Xb) = 0.0229                          Prob > F          =     0.0000

                               (Std. err. adjusted for 350,236 clusters in id)
------------------------------------------------------------------------------
             |               Robust
    tot_wage | Coefficient  std. err.      t    P>|t|     [95% conf. interval]
-------------+----------------------------------------------------------------
     minwage |  -.0335986   .0763171    -0.44   0.660    -.1831779    .1159808
          y1 |   1.278488   .4420561     2.89   0.004     .4120706    2.144905
          y2 |   1.030988   .4372937     2.36   0.018     .1739051    1.888071
          y3 |   .7506025   .4306226     1.74   0.081    -.0934052     1.59461
          y4 |   .6101998   .4255554     1.43   0.152    -.2238763    1.444276
          y5 |    .667068    .421603     1.58   0.114    -.1592615    1.493398
          y6 |   .7205771   .4133563     1.74   0.081    -.0895892    1.530743
          y7 |   .7778199   .3966639     1.96   0.050     .0003702     1.55527
          y8 |   .7582225   .3937759     1.93   0.054    -.0135668    1.530012
          y9 |     .73487   .3909773     1.88   0.060     -.031434    1.501174
         y10 |    .733626   .3882117     1.89   0.059    -.0272575     1.49451
         y11 |   .6526706   .3802116     1.72   0.086    -.0925331    1.397874
         y12 |    .472544   .3707967     1.27   0.203    -.2542068    1.199295
         y13 |   .2667335   .3651522     0.73   0.465     -.448954    .9824211
         y14 |   .2627412    .360905     0.73   0.467     -.444622    .9701043
         y15 |   .6621418   .3530956     1.88   0.061    -.0299153    1.354199
         y16 |   .1477833   .3204948     0.46   0.645    -.4803772    .7759438
         y17 |   .1823058   .2850868     0.64   0.523    -.3764559    .7410675
         y18 |   .3564594   .2700079     1.32   0.187    -.1727482     .885667
         y19 |   .5426304    .257198     2.11   0.035     .0385297    1.046731
         y20 |   .5502844   .2416515     2.28   0.023     .0766545    1.023914
         y21 |   .5701318   .2252439     2.53   0.011     .1286602    1.011603
         y22 |    .702349   .2070525     3.39   0.001     .2965322    1.108166
         y23 |   .6386942   .1895904     3.37   0.001     .2671026    1.010286
         y24 |   .5028714   .1723911     2.92   0.004       .16499    .8407529
         y25 |   .3456174   .1483407     2.33   0.020      .054874    .6363609
         y26 |   .3110615   .1212736     2.56   0.010     .0733688    .5487541
         y27 |   .2604591   .0903764     2.88   0.004     .0833241    .4375941
      adults |   .1911869   .0394362     4.85   0.000     .1138931    .2684807
        kids |   .1073102   .0352454     3.04   0.002     .0382303    .1763902
       _cons |   18.06919   .5397351    33.48   0.000     17.01133    19.12706
-------------+----------------------------------------------------------------
     sigma_u |  9.2316183
     sigma_e |  6.2750628
         rho |  .68397537   (fraction of variance due to u_i)
------------------------------------------------------------------------------

. xtreg tot_wage minwage y1-y27 adults kids if firstsharemw>0 & firstsharemw<.,
>  fe cluster(id)

Fixed-effects (within) regression               Number of obs     =    121,264
Group variable: id                              Number of groups  =     62,708

R-squared:                                      Obs per group:
     Within  = 0.0260                                         min =          1
     Between = 0.0012                                         avg =        1.9
     Overall = 0.0017                                         max =          2

                                                F(30,62707)       =      46.77
corr(u_i, Xb) = -0.7765                         Prob > F          =     0.0000

                                (Std. err. adjusted for 62,708 clusters in id)
------------------------------------------------------------------------------
             |               Robust
    tot_wage | Coefficient  std. err.      t    P>|t|     [95% conf. interval]
-------------+----------------------------------------------------------------
     minwage |    .475686   .1897578     2.51   0.012     .1037604    .8476115
          y1 |  -33.37178   .9750467   -34.23   0.000    -35.28287   -31.46068
          y2 |  -33.08514   .9683159   -34.17   0.000    -34.98304   -31.18724
          y3 |    -32.649   .9562729   -34.14   0.000    -34.52329    -30.7747
          y4 |  -32.19613   .9489582   -33.93   0.000    -34.05609   -30.33617
          y5 |   -31.2718   .9434125   -33.15   0.000    -33.12089   -29.42271
          y6 |  -30.28129   .9314628   -32.51   0.000    -32.10695   -28.45562
          y7 |  -29.32766   .9113197   -32.18   0.000    -31.11385   -27.54147
          y8 |  -28.60683   .9059477   -31.58   0.000    -30.38249   -26.83117
          y9 |  -27.78612   .9033145   -30.76   0.000    -29.55662   -26.01562
         y10 |  -26.69593   .8986557   -29.71   0.000     -28.4573   -24.93456
         y11 |  -25.70211   .8803918   -29.19   0.000    -27.42768   -23.97654
         y12 |  -25.07409   .8593826   -29.18   0.000    -26.75848    -23.3897
         y13 |  -24.16452   .8522081   -28.36   0.000    -25.83485   -22.49419
         y14 |  -23.33833   .8476225   -27.53   0.000    -24.99967   -21.67699
         y15 |  -21.78505   .8333055   -26.14   0.000    -23.41834   -20.15177
         y16 |  -20.41427   .7956295   -25.66   0.000    -21.97371   -18.85483
         y17 |  -19.09305   .7085763   -26.95   0.000    -20.48187   -17.70424
         y18 |  -17.62253   .6809798   -25.88   0.000    -18.95726   -16.28781
         y19 |  -15.89759   .6600282   -24.09   0.000    -17.19125   -14.60394
         y20 |   -14.4787   .6429167   -22.52   0.000    -15.73881   -13.21858
         y21 |  -12.69862   .6113576   -20.77   0.000    -13.89688   -11.50036
         y22 |  -10.89629   .5746691   -18.96   0.000    -12.02264   -9.769938
         y23 |  -9.030065   .5288779   -17.07   0.000    -10.06667   -7.993463
         y24 |  -7.454203   .4822409   -15.46   0.000    -8.399396    -6.50901
         y25 |  -5.854353   .4219457   -13.87   0.000    -6.681367   -5.027339
         y26 |  -3.374789   .3406966    -9.91   0.000    -4.042555   -2.707023
         y27 |  -1.654393   .2515195    -6.58   0.000    -2.147372   -1.161414
      adults |    .064312   .0710987     0.90   0.366    -.0750415    .2036655
        kids |  -.0988372   .0643823    -1.54   0.125    -.2250266    .0273523
       _cons |    33.4219   1.375815    24.29   0.000      30.7253     36.1185
-------------+----------------------------------------------------------------
     sigma_u |  11.668842
     sigma_e |  5.1627508
         rho |  .83629363   (fraction of variance due to u_i)
------------------------------------------------------------------------------

. xtreg tot_wage minwage y1-y27 adults kids if firstsharemw>=0.2 & firstsharemw
> <., fe cluster(id)

Fixed-effects (within) regression               Number of obs     =     93,836
Group variable: id                              Number of groups  =     48,738

R-squared:                                      Obs per group:
     Within  = 0.0579                                         min =          1
     Between = 0.0007                                         avg =        1.9
     Overall = 0.0016                                         max =          2

                                                F(30,48737)       =      89.66
corr(u_i, Xb) = -0.8953                         Prob > F          =     0.0000

                                (Std. err. adjusted for 48,738 clusters in id)
------------------------------------------------------------------------------
             |               Robust
    tot_wage | Coefficient  std. err.      t    P>|t|     [95% conf. interval]
-------------+----------------------------------------------------------------
     minwage |   .5444469    .196526     2.77   0.006     .1592534    .9296404
          y1 |  -45.06531     .98478   -45.76   0.000    -46.99549   -43.13512
          y2 |  -44.20867   .9780195   -45.20   0.000     -46.1256   -42.29174
          y3 |  -43.05323   .9665065   -44.55   0.000     -44.9476   -41.15887
          y4 |  -41.85971   .9592753   -43.64   0.000     -43.7399   -39.97952
          y5 |  -40.25205   .9534949   -42.22   0.000    -42.12091   -38.38318
          y6 |  -38.50452   .9418709   -40.88   0.000     -40.3506   -36.65844
          y7 |  -37.06788   .9221048   -40.20   0.000    -38.87522   -35.26055
          y8 |  -35.47725   .9175449   -38.67   0.000    -37.27565   -33.67885
          y9 |  -34.01999   .9151498   -37.17   0.000    -35.81369   -32.22628
         y10 |  -32.24274   .9105006   -35.41   0.000    -34.02733   -30.45815
         y11 |  -31.04859   .8918712   -34.81   0.000    -32.79666   -29.30051
         y12 |  -30.15175   .8710905   -34.61   0.000    -31.85909    -28.4444
         y13 |  -28.80999   .8637411   -33.35   0.000    -30.50293   -27.11705
         y14 |  -27.71053    .860045   -32.22   0.000    -29.39623   -26.02483
         y15 |  -25.79323   .8435971   -30.58   0.000     -27.4467   -24.13977
         y16 |  -23.75587   .8089209   -29.37   0.000    -25.34137   -22.17038
         y17 |  -22.50266   .7211902   -31.20   0.000     -23.9162   -21.08912
         y18 |   -20.6505   .6926414   -29.81   0.000    -22.00808   -19.29291
         y19 |  -18.66826   .6701469   -27.86   0.000    -19.98176   -17.35477
         y20 |  -17.07051    .652754   -26.15   0.000    -18.34992   -15.79111
         y21 |  -15.12454   .6281991   -24.08   0.000    -16.35582   -13.89326
         y22 |  -12.92178   .5853701   -22.07   0.000    -14.06912   -11.77445
         y23 |  -10.69257   .5488359   -19.48   0.000     -11.7683   -9.616847
         y24 |  -8.978066   .4991905   -17.99   0.000    -9.956486   -7.999647
         y25 |  -7.000071   .4324542   -16.19   0.000    -7.847687   -6.152455
         y26 |  -4.314979   .3512956   -12.28   0.000    -5.003523   -3.626435
         y27 |  -2.340447   .2610922    -8.96   0.000    -2.852191   -1.828703
      adults |    .118193   .0718545     1.64   0.100    -.0226428    .2590287
        kids |  -.0783246   .0623772    -1.26   0.209    -.2005847    .0439355
       _cons |   38.78012   1.424074    27.23   0.000     35.98891    41.57132
-------------+----------------------------------------------------------------
     sigma_u |  13.702667
     sigma_e |  4.4425422
         rho |  .90488554   (fraction of variance due to u_i)
------------------------------------------------------------------------------

. 
. *Column 8 - Hourly Wage Household Head
. xtreg wage1 minwage y1-y27 adults kids if firstsharemw==0, fe cluster(id)

Fixed-effects (within) regression               Number of obs     =    513,899
Group variable: id                              Number of groups  =    278,878

R-squared:                                      Obs per group:
     Within  = 0.0011                                         min =          1
     Between = 0.0004                                         avg =        1.8
     Overall = 0.0003                                         max =          2

                                                F(30,278877)      =       7.94
corr(u_i, Xb) = -0.1692                         Prob > F          =     0.0000

                               (Std. err. adjusted for 278,878 clusters in id)
------------------------------------------------------------------------------
             |               Robust
       wage1 | Coefficient  std. err.      t    P>|t|     [95% conf. interval]
-------------+----------------------------------------------------------------
     minwage |   .0087336   .0561183     0.16   0.876    -.1012567     .118724
          y1 |  -3.022462   .3282392    -9.21   0.000    -3.665801   -2.379122
          y2 |  -3.013656   .3245764    -9.28   0.000    -3.649817   -2.377496
          y3 |  -2.895342   .3193451    -9.07   0.000    -3.521249   -2.269434
          y4 |  -2.900109   .3157232    -9.19   0.000    -3.518918     -2.2813
          y5 |  -2.820375   .3129247    -9.01   0.000    -3.433698   -2.207051
          y6 |  -2.681164   .3070423    -8.73   0.000    -3.282958   -2.079369
          y7 |  -2.437608   .2964879    -8.22   0.000    -3.018716     -1.8565
          y8 |  -2.401421   .2949038    -8.14   0.000    -2.979425   -1.823418
          y9 |  -2.418602    .292776    -8.26   0.000    -2.992435   -1.844769
         y10 |  -2.396446    .290707    -8.24   0.000    -2.966223   -1.826668
         y11 |  -2.397723   .2858095    -8.39   0.000    -2.957902   -1.837544
         y12 |  -2.435235   .2797717    -8.70   0.000     -2.98358    -1.88689
         y13 |  -2.323176   .2762933    -8.41   0.000    -2.864703   -1.781649
         y14 |  -2.224273   .2735612    -8.13   0.000    -2.760446   -1.688101
         y15 |  -1.995489    .266287    -7.49   0.000    -2.517404   -1.473574
         y16 |  -2.260217   .2342419    -9.65   0.000    -2.719325    -1.80111
         y17 |   -2.15634   .2055135   -10.49   0.000    -2.559141    -1.75354
         y18 |  -1.892891   .1960449    -9.66   0.000    -2.277134   -1.508648
         y19 |  -1.508019   .1866167    -8.08   0.000    -1.873782   -1.142255
         y20 |  -1.336604   .1745638    -7.66   0.000    -1.678744   -.9944635
         y21 |  -1.080497   .1621998    -6.66   0.000    -1.398404   -.7625897
         y22 |  -.6387828   .1497126    -4.27   0.000    -.9322154   -.3453502
         y23 |  -.3914169   .1365248    -2.87   0.004    -.6590017   -.1238321
         y24 |  -.2388856   .1239108    -1.93   0.054    -.4817475    .0039762
         y25 |  -.2377413   .1067909    -2.23   0.026    -.4470486    -.028434
         y26 |  -.2029391   .0878622    -2.31   0.021    -.3751466   -.0307316
         y27 |  -.0669645   .0653193    -1.03   0.305    -.1949884    .0610595
      adults |    .013435    .031015     0.43   0.665    -.0473536    .0742236
        kids |    .083082   .0249636     3.33   0.001     .0341541    .1320099
       _cons |   17.35762   .3941584    44.04   0.000     16.58508    18.13016
-------------+----------------------------------------------------------------
     sigma_u |  6.8686022
     sigma_e |  3.7838471
         rho |  .76717695   (fraction of variance due to u_i)
------------------------------------------------------------------------------

. xtreg wage1 minwage y1-y27 adults kids if firstsharemw>0 & firstsharemw<., fe
>  cluster(id)

Fixed-effects (within) regression               Number of obs     =     82,300
Group variable: id                              Number of groups  =     46,322

R-squared:                                      Obs per group:
     Within  = 0.0701                                         min =          1
     Between = 0.0082                                         avg =        1.8
     Overall = 0.0066                                         max =          2

                                                F(30,46321)       =      84.38
corr(u_i, Xb) = -0.8660                         Prob > F          =     0.0000

                                (Std. err. adjusted for 46,322 clusters in id)
------------------------------------------------------------------------------
             |               Robust
       wage1 | Coefficient  std. err.      t    P>|t|     [95% conf. interval]
-------------+----------------------------------------------------------------
     minwage |   .4108943   .1485638     2.77   0.006      .119707    .7020816
          y1 |  -34.09303   .7661244   -44.50   0.000    -35.59464   -32.59141
          y2 |  -33.39818   .7615961   -43.85   0.000    -34.89092   -31.90544
          y3 |  -32.58514   .7511667   -43.38   0.000    -34.05744   -31.11284
          y4 |  -31.88082   .7457546   -42.75   0.000    -33.34251   -30.41912
          y5 |  -30.93951    .739374   -41.85   0.000    -32.38869   -29.49032
          y6 |  -29.91028   .7314405   -40.89   0.000    -31.34391   -28.47664
          y7 |    -28.771   .7103518   -40.50   0.000     -30.1633    -27.3787
          y8 |  -28.06807   .7086992   -39.61   0.000    -29.45713   -26.67901
          y9 |  -27.12606   .7072384   -38.35   0.000    -28.51226   -25.73986
         y10 |  -26.30743   .7007133   -37.54   0.000    -27.68084   -24.93402
         y11 |  -25.25503   .6877341   -36.72   0.000      -26.603   -23.90706
         y12 |  -24.47022   .6715792   -36.44   0.000    -25.78653   -23.15392
         y13 |  -23.63548   .6668178   -35.45   0.000    -24.94246   -22.32851
         y14 |  -22.62131   .6642075   -34.06   0.000    -23.92316   -21.31945
         y15 |  -21.30538   .6467947   -32.94   0.000     -22.5731   -20.03765
         y16 |  -19.96705    .623648   -32.02   0.000    -21.18941   -18.74469
         y17 |   -18.3347   .5275074   -34.76   0.000    -19.36862   -17.30077
         y18 |  -16.97624   .5074825   -33.45   0.000    -17.97092   -15.98157
         y19 |  -15.37658   .4920738   -31.25   0.000    -16.34106   -14.41211
         y20 |  -13.85123    .479951   -28.86   0.000    -14.79194   -12.91052
         y21 |  -12.23289   .4564676   -26.80   0.000    -13.12757    -11.3382
         y22 |  -10.23644   .4201696   -24.36   0.000    -11.05998   -9.412906
         y23 |  -8.380756   .3886301   -21.56   0.000    -9.142477   -7.619035
         y24 |  -6.681143   .3536798   -18.89   0.000    -7.374361   -5.987925
         y25 |  -4.980483   .3035073   -16.41   0.000    -5.575362   -4.385604
         y26 |  -3.365364   .2459963   -13.68   0.000     -3.84752   -2.883208
         y27 |   -1.75795   .1800785    -9.76   0.000    -2.110907   -1.404994
      adults |  -.0615144   .0601689    -1.02   0.307    -.1794463    .0564176
        kids |  -.0638646   .0494359    -1.29   0.196    -.1607597    .0330306
       _cons |   31.29421   1.069184    29.27   0.000     29.19859    33.38983
-------------+----------------------------------------------------------------
     sigma_u |  11.923805
     sigma_e |  3.1300274
         rho |  .93553464   (fraction of variance due to u_i)
------------------------------------------------------------------------------

. xtreg wage1 minwage y1-y27 adults kids if firstsharemw>=0.2 & firstsharemw<.,
>  fe cluster(id)

Fixed-effects (within) regression               Number of obs     =     63,232
Group variable: id                              Number of groups  =     35,528

R-squared:                                      Obs per group:
     Within  = 0.1130                                         min =          1
     Between = 0.0169                                         avg =        1.8
     Overall = 0.0099                                         max =          2

                                                F(30,35527)       =     118.60
corr(u_i, Xb) = -0.9388                         Prob > F          =     0.0000

                                (Std. err. adjusted for 35,528 clusters in id)
------------------------------------------------------------------------------
             |               Robust
       wage1 | Coefficient  std. err.      t    P>|t|     [95% conf. interval]
-------------+----------------------------------------------------------------
     minwage |   .4022627   .1513758     2.66   0.008     .1055615    .6989639
          y1 |  -40.18481   .8016648   -50.13   0.000    -41.75609   -38.61352
          y2 |  -39.26481   .7969325   -49.27   0.000    -40.82683    -37.7028
          y3 |  -38.11637   .7874288   -48.41   0.000    -39.65976   -36.57299
          y4 |  -37.08715   .7817494   -47.44   0.000    -38.61941    -35.5549
          y5 |  -35.86201   .7741157   -46.33   0.000     -37.3793   -34.34472
          y6 |   -34.4753    .766182   -45.00   0.000    -35.97704   -32.97356
          y7 |  -33.08191   .7431619   -44.52   0.000    -34.53853   -31.62529
          y8 |  -32.04789   .7406675   -43.27   0.000    -33.49962   -30.59616
          y9 |  -30.90707   .7384982   -41.85   0.000    -32.35455   -29.45959
         y10 |  -29.59534   .7304811   -40.51   0.000     -31.0271   -28.16357
         y11 |   -28.2804   .7174914   -39.42   0.000    -29.68671    -26.8741
         y12 |  -27.19255    .702338   -38.72   0.000    -28.56916   -25.81595
         y13 |  -26.07987   .6973094   -37.40   0.000    -27.44662   -24.71312
         y14 |  -24.89713   .6942732   -35.86   0.000    -26.25793   -23.53633
         y15 |  -23.26749   .6720098   -34.62   0.000    -24.58465   -21.95033
         y16 |  -21.53435   .6498115   -33.14   0.000      -22.808    -20.2607
         y17 |  -19.91218   .5379448   -37.02   0.000    -20.96657   -18.85779
         y18 |  -18.22363   .5151996   -35.37   0.000    -19.23344   -17.21383
         y19 |  -16.42057   .4986698   -32.93   0.000    -17.39798   -15.44316
         y20 |  -14.81171   .4876797   -30.37   0.000    -15.76757   -13.85584
         y21 |  -13.10609   .4687977   -27.96   0.000    -14.02495   -12.18723
         y22 |  -11.02964   .4203219   -26.24   0.000    -11.85348   -10.20579
         y23 |  -9.326752   .3978835   -23.44   0.000    -10.10662   -8.546889
         y24 |  -7.491297   .3646674   -20.54   0.000    -8.206056   -6.776537
         y25 |  -5.436964   .3024296   -17.98   0.000    -6.029735   -4.844193
         y26 |  -3.714514    .244294   -15.21   0.000    -4.193338   -3.235691
         y27 |  -1.920933   .1784397   -10.77   0.000     -2.27068   -1.571185
      adults |  -.0022522   .0637885    -0.04   0.972    -.1272796    .1227753
        kids |  -.0821342   .0519896    -1.58   0.114    -.1840354    .0197671
       _cons |   33.32325   1.095258    30.43   0.000     31.17651    35.46999
-------------+----------------------------------------------------------------
     sigma_u |  12.956169
     sigma_e |  2.7898961
         rho |  .95568628   (fraction of variance due to u_i)
------------------------------------------------------------------------------

. 
. *Column 9 - Hourly Wage Spouse
. xtreg wage2 minwage y1-y27 adults kids if firstsharemw==0, fe cluster(id)

Fixed-effects (within) regression               Number of obs     =    378,872
Group variable: id                              Number of groups  =    210,458

R-squared:                                      Obs per group:
     Within  = 0.0011                                         min =          1
     Between = 0.0343                                         avg =        1.8
     Overall = 0.0284                                         max =          2

                                                F(30,210457)      =       5.75
corr(u_i, Xb) = 0.0910                          Prob > F          =     0.0000

                               (Std. err. adjusted for 210,458 clusters in id)
------------------------------------------------------------------------------
             |               Robust
       wage2 | Coefficient  std. err.      t    P>|t|     [95% conf. interval]
-------------+----------------------------------------------------------------
     minwage |   .0926379   .0571069     1.62   0.105    -.0192903     .204566
          y1 |  -1.309428   .3324924    -3.94   0.000    -1.961105    -.657751
          y2 |  -1.429373   .3291897    -4.34   0.000    -2.074577   -.7841696
          y3 |  -1.510219   .3251986    -4.64   0.000    -2.147601   -.8728381
          y4 |  -1.465124   .3219655    -4.55   0.000    -2.096168   -.8340793
          y5 |  -1.499892   .3202143    -4.68   0.000    -2.127504     -.87228
          y6 |  -1.399701   .3158745    -4.43   0.000    -2.018807   -.7805943
          y7 |  -1.231816   .3085705    -3.99   0.000    -1.836607   -.6270258
          y8 |  -1.123117    .307626    -3.65   0.000    -1.726056   -.5201773
          y9 |  -1.024383   .3067531    -3.34   0.001    -1.625612   -.4231549
         y10 |  -.8704823   .3054794    -2.85   0.004    -1.469214   -.2717502
         y11 |  -.8318027   .3002297    -2.77   0.006    -1.420246   -.2433599
         y12 |  -.8835638     .29406    -3.00   0.003    -1.459914   -.3072135
         y13 |    -.90755   .2909399    -3.12   0.002    -1.477785   -.3373151
         y14 |  -.8508996   .2889292    -2.95   0.003    -1.417194   -.2846055
         y15 |  -.5797784   .2811293    -2.06   0.039    -1.130785   -.0287719
         y16 |  -1.106101   .2475054    -4.47   0.000    -1.591206   -.6209969
         y17 |  -1.040447   .2238752    -4.65   0.000    -1.479237   -.6016572
         y18 |  -1.012769   .2124968    -4.77   0.000    -1.429257   -.5962803
         y19 |  -.6532567   .2038373    -3.20   0.001    -1.052773   -.2537406
         y20 |  -.5052242    .193161    -2.62   0.009     -.883815   -.1266334
         y21 |  -.4124861   .1801154    -2.29   0.022    -.7655079   -.0594644
         y22 |  -.2749788   .1661407    -1.66   0.098    -.6006105    .0506529
         y23 |   -.051272   .1531489    -0.33   0.738      -.35144     .248896
         y24 |   .0532591    .140569     0.38   0.705    -.2222526    .3287709
         y25 |  -.0584708   .1217234    -0.48   0.631    -.2970457     .180104
         y26 |  -.0115677   .0999614    -0.12   0.908    -.2074895    .1843541
         y27 |   .0409943    .074927     0.55   0.584    -.1058607    .1878493
      adults |   .0961314   .0264056     3.64   0.000     .0443771    .1478857
        kids |   .0978088   .0259002     3.78   0.000      .047045    .1485726
       _cons |   12.89293   .4122772    31.27   0.000     12.08488    13.70098
-------------+----------------------------------------------------------------
     sigma_u |  5.7279562
     sigma_e |  3.3845457
         rho |  .74121213   (fraction of variance due to u_i)
------------------------------------------------------------------------------

. xtreg wage2 minwage y1-y27 adults kids if firstsharemw>0 & firstsharemw<., fe
>  cluster(id)

Fixed-effects (within) regression               Number of obs     =     86,845
Group variable: id                              Number of groups  =     48,573

R-squared:                                      Obs per group:
     Within  = 0.1271                                         min =          1
     Between = 0.0373                                         avg =        1.8
     Overall = 0.0344                                         max =          2

                                                F(30,48572)       =     184.27
corr(u_i, Xb) = -0.9547                         Prob > F          =     0.0000

                                (Std. err. adjusted for 48,573 clusters in id)
------------------------------------------------------------------------------
             |               Robust
       wage2 | Coefficient  std. err.      t    P>|t|     [95% conf. interval]
-------------+----------------------------------------------------------------
     minwage |   .4217302    .113485     3.72   0.000     .1992981    .6441622
          y1 |  -35.73846   .6143631   -58.17   0.000    -36.94262    -34.5343
          y2 |  -34.94597   .6119543   -57.11   0.000     -36.1454   -33.74653
          y3 |  -34.07409   .6085193   -56.00   0.000     -35.2668   -32.88139
          y4 |  -33.28113   .6050644   -55.00   0.000    -34.46706   -32.09519
          y5 |   -32.3406   .6034882   -53.59   0.000    -33.52344   -31.15775
          y6 |  -31.26331   .5982321   -52.26   0.000    -32.43585   -30.09077
          y7 |  -30.23762   .5899079   -51.26   0.000    -31.39385   -29.08139
          y8 |  -29.18019    .589137   -49.53   0.000    -30.33491   -28.02548
          y9 |   -28.1275   .5892543   -47.73   0.000    -29.28245   -26.97256
         y10 |  -26.86726   .5873783   -45.74   0.000    -28.01853   -25.71599
         y11 |  -25.77062   .5789576   -44.51   0.000    -26.90539   -24.63586
         y12 |  -24.76675   .5698543   -43.46   0.000    -25.88367   -23.64983
         y13 |  -23.88446   .5669573   -42.13   0.000     -24.9957   -22.77321
         y14 |  -22.85048   .5652229   -40.43   0.000    -23.95833   -21.74264
         y15 |  -21.52591   .5542589   -38.84   0.000    -22.61226   -20.43955
         y16 |  -20.33349    .534494   -38.04   0.000    -21.38111   -19.28588
         y17 |  -19.06504     .49319   -38.66   0.000     -20.0317   -18.09838
         y18 |  -17.82508   .4816234   -37.01   0.000    -18.76907   -16.88109
         y19 |  -16.29934   .4696325   -34.71   0.000    -17.21982   -15.37885
         y20 |  -14.76521   .4612927   -32.01   0.000    -15.66935   -13.86107
         y21 |  -12.98889   .4408237   -29.47   0.000    -13.85291   -12.12487
         y22 |  -11.42054   .4206758   -27.15   0.000    -12.24507   -10.59601
         y23 |  -9.484683   .3831746   -24.75   0.000    -10.23571   -8.733656
         y24 |  -7.691815   .3529644   -21.79   0.000     -8.38363   -7.000001
         y25 |  -5.952519   .3103804   -19.18   0.000    -6.560868   -5.344169
         y26 |  -3.992246   .2615124   -15.27   0.000    -4.504813   -3.479678
         y27 |  -2.112329   .2016862   -10.47   0.000    -2.507636   -1.717021
      adults |   .0686693   .0356805     1.92   0.054     -.001265    .1386036
        kids |  -.0058599   .0330798    -0.18   0.859    -.0706967     .058977
       _cons |   29.47085   .8509216    34.63   0.000     27.80303    31.13867
-------------+----------------------------------------------------------------
     sigma_u |  9.5357158
     sigma_e |  2.2924213
         rho |  .94536371   (fraction of variance due to u_i)
------------------------------------------------------------------------------

. xtreg wage2 minwage y1-y27 adults kids if firstsharemw>=0.2 & firstsharemw<.,
>  fe cluster(id)

Fixed-effects (within) regression               Number of obs     =     63,152
Group variable: id                              Number of groups  =     35,375

R-squared:                                      Obs per group:
     Within  = 0.1398                                         min =          1
     Between = 0.0277                                         avg =        1.8
     Overall = 0.0267                                         max =          2

                                                F(30,35374)       =     143.15
corr(u_i, Xb) = -0.9647                         Prob > F          =     0.0000

                                (Std. err. adjusted for 35,375 clusters in id)
------------------------------------------------------------------------------
             |               Robust
       wage2 | Coefficient  std. err.      t    P>|t|     [95% conf. interval]
-------------+----------------------------------------------------------------
     minwage |   .3963226   .1314387     3.02   0.003     .1386986    .6539466
          y1 |  -35.56689   .7023238   -50.64   0.000    -36.94347   -34.19032
          y2 |  -34.77435   .6997792   -49.69   0.000    -36.14594   -33.40276
          y3 |   -33.8964   .6941749   -48.83   0.000      -35.257   -32.53579
          y4 |  -33.08943   .6908263   -47.90   0.000    -34.44347   -31.73538
          y5 |   -32.1344   .6887588   -46.66   0.000    -33.48438   -30.78441
          y6 |  -31.03016   .6830339   -45.43   0.000    -32.36892   -29.69139
          y7 |  -29.98885    .673358   -44.54   0.000    -31.30865   -28.66904
          y8 |  -28.91214   .6723789   -43.00   0.000    -30.23002   -27.59425
          y9 |   -27.8557   .6724599   -41.42   0.000    -29.17374   -26.53766
         y10 |  -26.62947   .6710679   -39.68   0.000    -27.94478   -25.31416
         y11 |  -25.71397   .6624458   -38.82   0.000    -27.01239   -24.41556
         y12 |  -24.75772   .6522917   -37.95   0.000    -26.03623   -23.47921
         y13 |  -23.83546   .6479497   -36.79   0.000    -25.10546   -22.56545
         y14 |  -22.85876   .6459618   -35.39   0.000    -24.12487   -21.59266
         y15 |  -21.53117   .6328094   -34.02   0.000     -22.7715   -20.29085
         y16 |  -20.31102   .6101142   -33.29   0.000    -21.50686   -19.11518
         y17 |  -19.25315   .5765192   -33.40   0.000    -20.38315   -18.12316
         y18 |  -18.06713   .5639176   -32.04   0.000    -19.17243   -16.96183
         y19 |  -16.64439   .5457265   -30.50   0.000    -17.71403   -15.57475
         y20 |    -15.133   .5364351   -28.21   0.000    -16.18443   -14.08157
         y21 |   -13.3103   .5194803   -25.62   0.000     -14.3285   -12.29211
         y22 |  -11.69999   .4980418   -23.49   0.000    -12.67616   -10.72381
         y23 |  -9.551828   .4708918   -20.28   0.000    -10.47479   -8.628865
         y24 |  -7.865084     .43555   -18.06   0.000    -8.718775   -7.011392
         y25 |    -6.3077   .3917988   -16.10   0.000    -7.075638   -5.539762
         y26 |  -4.361809   .3423361   -12.74   0.000    -5.032798    -3.69082
         y27 |  -2.283893   .2711615    -8.42   0.000    -2.815378   -1.752408
      adults |    .034611    .039477     0.88   0.381    -.0427652    .1119872
        kids |   .0088945   .0321189     0.28   0.782    -.0540595    .0718485
       _cons |   30.86024   .9927613    31.09   0.000     28.91439    32.80608
-------------+----------------------------------------------------------------
     sigma_u |  9.0481701
     sigma_e |  2.0713666
         rho |  .95020239   (fraction of variance due to u_i)
------------------------------------------------------------------------------

. 
. log close
      name:  <unnamed>
       log:  C:\Users\Usuario\Documents\GitHub\twfe_survey\data\2010-2012\Aaron
> son et al. (2012)\Supplemental-Files-for-AAF\unix_files\cps_tableA3.log
  log type:  text
 closed on:   4 May 2026, 16:47:57
-------------------------------------------------------------------------------
